unit_id,cycle,operating_condition,sensor_1,sensor_10,sensor_11,sensor_12,sensor_13,sensor_14,sensor_15,sensor_16,sensor_17,sensor_18,sensor_19,sensor_2,sensor_20,sensor_21,sensor_3,sensor_4,sensor_5,sensor_6,sensor_7,sensor_8,sensor_9
synthetic-fleet-01-unit-0001,1,0,506.18429344461026,1.301731079846392,48.133991950505795,501.34891889626215,2380.0,8050.0,8.302628352414656,0.030221130216144018,395.83848501536903,2397.240078126714,100.48255785447621,636.2467471398053,38.03427377814908,23.986602299955678,1591.8783111561906,1437.1223812975777,14.0,21.544660036975927,560.0,2385.0405766495655,9020.584519140923
synthetic-fleet-01-unit-0001,2,0,521.0462345791711,1.3098596960982691,47.576475525889094,510.68570291474424,2400.0,8228.857894683386,8.46786146647083,0.02963785451671208,391.9092966242827,2400.0,102.0,625.4035636832192,38.919531171789316,22.957163831104467,1576.7494974063354,1435.1872390334456,14.410342052094569,21.96719171839333,554.2484294821943,2380.0,9233.29980962229
synthetic-fleet-01-unit-0001,3,0,533.0484890733899,1.285488703848114,47.324991323571496,518.074342922428,2399.5557482368217,8227.453522783548,8.300055997723751,0.029993035984875915,400.0,2400.0,100.4858130644495,642.8263212627947,38.97737283293531,23.359751337123875,1611.5685377862085,1396.8169514785345,14.69873755264646,21.218589210080577,554.6474670179139,2380.0,9250.0
synthetic-fleet-01-unit-0001,4,0,522.197443706182,1.3204966713846151,47.03027486828189,523.9716922872082,2380.0,8242.494079570259,8.409920807516551,0.030302894510066337,388.09361756477267,2380.0,100.0101870404897,638.0866767895831,39.35756441515336,23.213574289289923,1586.1196608054067,1376.9767954648069,14.704577249602488,21.713103953786046,549.0478608830703,2400.0,9055.875582825442
synthetic-fleet-01-unit-0001,5,0,518.8172349601639,1.3208878601589187,46.50004754721254,526.5513153519731,2400.0,8118.385163899716,8.409572888172207,0.030562415818192558,397.16161871265956,2380.0,100.22111741753456,659.1943264157923,38.62429121426254,23.486152550253433,1558.810615943376,1396.1441017551997,14.490246643689916,21.502481216897657,537.1300897722822,2394.091131459306,9023.297749453906
synthetic-fleet-01-unit-0001,6,0,530.5592845764189,1.2536876285847427,48.16594507029408,510.820206664179,2400.0,8089.998950089539,8.427158248436433,0.02957116680657915,384.57239182563086,2400.0,100.92425899766678,653.7420761282756,39.47282034806045,22.837019200959954,1650.0,1387.463143118279,14.683175880235204,21.711908873350282,544.581257392905,2380.0,9250.0
synthetic-fleet-01-unit-0001,7,0,527.1976055955985,1.3065678860568046,47.314279902394944,526.9306795919978,2380.0,8209.867719676553,8.460380047683563,0.030013775065374122,400.0,2400.0,101.40496076069371,636.4625557370877,38.54628635600363,22.928187630605922,1635.1386860945395,1437.1534518120015,14.654723068382726,22.0,560.0,2380.0,9209.136120013267
synthetic-fleet-01-unit-0001,8,0,507.16001066842904,1.3287124277418307,46.95475986989878,530.0,2400.0,8300.0,8.363558587083089,0.030103993754070187,394.81401872470667,2380.0,98.0,642.2992155487159,39.20366271084348,23.029428772327964,1571.8958932822243,1414.9064938571598,15.2,21.736054908790706,559.933435523348,2400.0,9046.221336854565
synthetic-fleet-01-unit-0001,9,0,522.0807107646401,1.3094881674788887,46.05188700887545,525.1352139561868,2400.0,8300.0,8.498955124319878,0.029579198602520045,390.27896053437547,2380.0021721731887,100.28522390659863,642.9844546160604,38.54169105784322,22.967896569724253,1633.4709536494956,1449.224776351603,14.558859324312806,21.93788432993827,560.0,2384.440761713475,9029.410939143896
synthetic-fleet-01-unit-0001,10,0,529.5297625002894,1.297484780761943,46.9979990622936,517.8049253226411,2380.0,8300.0,8.5193933605151,0.029296882620870927,399.07687887085217,2400.0,100.6152616565538,660.0,39.18227410071068,24.097029112778177,1599.7668578314174,1378.6646700417723,14.740447387246675,21.21975644916827,552.1516415508521,2400.0,9000.0
synthetic-fleet-01-unit-0001,11,0,514.2561898819073,1.3152377144102843,46.72273207189226,522.6561315002255,2380.0,8300.0,8.484701446994784,0.029826396691471465,400.0,2398.402131830426,102.0,635.6313366856643,39.210157881440274,23.65644376624854,1605.1827337432783,1399.2173547504526,14.721493014799076,22.0,554.9172914311441,2400.0,9000.0
synthetic-fleet-01-unit-0001,12,0,518.5335644360008,1.347903485200966,48.49492742495759,521.1377006569595,2385.0409115692923,8159.869304928243,8.548990772080769,0.02984216655611155,395.36021667348456,2400.0,100.2713767026476,641.5677998680652,39.30961127721314,24.260031091574955,1610.1647152845878,1410.1909793988457,14.910248012871856,21.565780063715017,560.0,2400.0,9000.0
synthetic-fleet-01-unit-0001,13,0,509.8189142256005,1.330738447970163,47.65798668936899,517.8030387613151,2400.0,8084.128015657289,8.454512501586025,0.03023788752300674,390.3101123414201,2400.0,98.58810653167829,654.0911638220105,39.11556507478638,23.074696428395345,1619.5107291984816,1410.2553902062523,15.063326851239035,21.92032565371418,559.7752454967818,2380.0,9250.0
synthetic-fleet-01-unit-0001,14,0,521.7946767727685,1.31332265444546,47.16092504916568,511.1163842904068,2400.0,8279.08667124546,8.347658665989075,0.030230169074074283,397.93020774931296,2389.0072993971007,99.3186625168079,646.0030307289688,39.27823865705332,23.701027238121096,1638.6444650163244,1395.2559226547698,14.696194359806647,21.328558042689817,560.0,2400.0,9203.512789595645
synthetic-fleet-01-unit-0001,15,0,528.7026775292895,1.2934321317760726,47.64343920978404,530.0,2390.9613018825044,8067.063360528322,8.690871440245997,0.02961375449968953,388.49036745042565,2380.0,100.70850269584011,654.6718047028899,38.96484896734914,23.62072421707503,1580.5947229891347,1438.6706488468799,14.540652441012442,21.62123421613365,560.0,2400.0,9000.0
synthetic-fleet-01-unit-0001,16,0,518.086705255288,1.3246203753986074,45.88746427454044,530.0,2380.0,8190.280989097884,8.560089499461183,0.030190687704172454,394.1382615229692,2398.688205210104,98.24126140031404,651.6940627181102,39.256252332320024,23.72870948296288,1614.4901189767686,1412.753040769531,14.726574450958195,21.886369305220956,555.6517911894995,2400.0,9000.0
synthetic-fleet-01-unit-0001,17,0,523.602772840799,1.3104928815063563,48.27673922105395,525.8360698700715,2380.0,8124.639460007535,8.612202267847199,0.03102816997910085,396.0575672903855,2400.0,101.53510360307095,648.1746537202783,40.0,23.025829629835357,1607.893491152079,1433.4997604551988,14.995153823598056,22.0,560.0,2400.0,9225.59067771373
synthetic-fleet-01-unit-0001,18,0,525.7218485218103,1.3191781434217462,47.937628812241144,530.0,2400.0,8050.0,8.454814601263273,0.030893389632932842,400.0,2400.0,101.58526167444953,640.1514010740465,38.70035902776623,22.778622027999727,1599.8489499400755,1417.3812747205989,14.58573357484447,22.0,556.7969486341286,2381.9021466651257,9222.863727338445
synthetic-fleet-01-unit-0001,19,0,526.1495004639227,1.2663788868362778,46.07343958586176,529.9388749705238,2400.0,8203.700855700705,8.357543406402854,0.031024526114952593,395.69035845770037,2380.0,100.77933052777065,653.5878608241542,39.03608935411535,23.24845313951726,1606.4963314916101,1387.0832425291621,14.583989736050034,21.528419496046926,560.0,2390.5404739856963,9219.67819127447
synthetic-fleet-01-unit-0001,20,0,516.8772555877357,1.35,48.29231458904868,530.0,2400.0,8101.014472800035,8.525116060599938,0.030961051397176316,394.13936662128873,2380.0,100.88952383181626,657.019786268819,39.52999833767315,23.005252005948226,1620.0087146426379,1440.946911714083,14.317645737713681,21.761789731366413,560.0,2400.0,9000.0
synthetic-fleet-01-unit-0001,21,0,521.6293578546846,1.302091100150248,47.79511186649861,528.4476435133448,2387.0056533918046,8184.045885303024,8.428883651576568,0.030588726426051698,400.0,2400.0,99.22181650525697,637.3885303541247,39.36418428496945,23.600450979783062,1641.5271573459759,1389.889966831833,14.296482642182188,21.737711596368243,560.0,2380.0,9137.988525960931
synthetic-fleet-01-unit-0001,22,0,515.5982556660703,1.3243637927041383,46.75633186656881,530.0,2400.0,8075.073638943655,8.524637217653433,0.03030611455061653,400.0,2400.0,98.51732149592549,648.5617778056563,40.0,23.238368006692333,1570.0430594363866,1430.8504050907463,14.575128007046022,21.783250335370635,560.0,2400.0,9250.0
synthetic-fleet-01-unit-0001,23,0,538.0303927424081,1.3033863315770928,48.19659680371524,530.0,2400.0,8300.0,8.45881606336482,0.03037047393524769,400.0,2400.0,99.67020228038892,643.6046525768925,40.0,23.58715288894175,1585.844795770901,1412.0219069579305,14.806006802101187,22.0,559.0560471563787,2380.0,9000.0
synthetic-fleet-01-unit-0001,24,0,526.6579902160342,1.3241682502567849,46.42087359127193,530.0,2400.0,8300.0,8.668734901802143,0.030322479170649085,396.7153784717102,2386.248903771023,100.22662553067944,652.3029259503044,39.38401799797796,23.54793696675377,1616.4464391847857,1423.6661332479973,14.614899809906944,22.0,556.9042941670782,2400.0,9127.971067910541
synthetic-fleet-01-unit-0001,25,0,535.2526148860727,1.3120005645498078,46.724128101828015,519.0288567083361,2400.0,8162.59106437556,8.382676847533737,0.030653107927730263,400.0,2400.0,101.64118883529223,635.560234095346,40.0,23.30787898903594,1632.4228118593987,1442.817338363017,14.791952767929153,22.0,560.0,2380.0,9021.28176783571
synthetic-fleet-01-unit-0001,26,0,509.7300984526401,1.318217181087839,47.472469995329746,530.0,2380.0,8300.0,8.55262963015374,0.03064683166633038,394.31976134343046,2400.0,102.0,651.271857654435,40.0,24.002588864848565,1641.0482579904663,1428.4251804696555,14.86623776868819,22.0,554.3670160094142,2400.0,9000.0
synthetic-fleet-01-unit-0001,27,0,518.8860887804732,1.3452303641820824,47.7039976471154,525.9749328459412,2400.0,8161.759357446512,8.579797063000317,0.030964349533118062,400.0,2400.0,98.90423155581027,651.5096488535861,39.7710683491078,23.801868049612427,1583.8893611017766,1452.3204260433208,15.01419873092326,22.0,554.9918530325291,2400.0,9127.405683460871
synthetic-fleet-01-unit-0001,28,0,534.1292536157437,1.3070360201497493,47.613127404613635,521.7592785897771,2400.0,8300.0,8.524640918173652,0.031026098895819115,400.0,2400.0,101.7027655528335,660.0,39.81683871218907,24.0309318240172,1608.3055888774916,1414.2933680432118,14.240182212116027,21.111870689130047,558.840481182551,2400.0,9123.674713693792
synthetic-fleet-01-unit-0001,29,0,525.4767592466748,1.3106809371222148,47.80099334996653,518.9801591762308,2400.0,8296.309344970285,8.506956251943354,0.030811912126986737,386.66858553513526,2380.0,100.16157896316811,641.4750014397983,39.468488008831095,24.187076442684024,1618.526745571204,1457.083698147772,14.909963984384007,22.0,551.8188900595662,2380.0,9250.0
synthetic-fleet-01-unit-0001,30,0,533.0280480388377,1.3231723638911261,47.574985301721924,530.0,2400.0,8300.0,8.529081854008409,0.030786965841917348,399.5123219040749,2400.0,102.0,654.5111429151411,39.167332545680395,24.08505786232496,1622.1552785669885,1405.0645083400864,14.873712998746887,21.986100010508917,553.9732867681333,2400.0,9080.959471647699
synthetic-fleet-01-unit-0001,31,0,540.0,1.35,48.081322263245134,523.55696980506,2400.0,8050.0,8.577118375857998,0.030351380216516528,397.02361463808353,2400.0,101.46219729116987,640.7173350082905,40.0,24.5,1637.9687975281674,1427.342280834822,15.131368193269443,21.59264887628812,552.4877018768241,2400.0,9187.42233044289
synthetic-fleet-01-unit-0001,32,0,521.5718860904029,1.3269304212178077,46.51617102591856,525.2600309318516,2400.0,8263.937774006803,8.7,0.03145078484204854,395.3945919110446,2400.0,102.0,660.0,39.7428567930081,23.844562483316118,1606.4764925784266,1413.3975307863993,14.666196766452146,22.0,560.0,2400.0,9250.0
synthetic-fleet-01-unit-0001,33,0,524.5646045697954,1.3146502655802446,48.5,529.3958262346341,2400.0,8160.59884385259,8.657484447073843,0.029977446966937563,397.0880543864243,2400.0,99.0221615627622,651.7759463321282,40.0,24.24625635598068,1650.0,1430.7479489821917,14.617309263149263,22.0,560.0,2394.965742715403,9079.54872360705
synthetic-fleet-01-unit-0001,34,0,539.0479851249316,1.2643794280105927,48.5,530.0,2380.0,8287.490022610362,8.599783262225138,0.031070531230048985,390.24651902061726,2400.0,100.35125704140769,657.9215642397799,39.70597202113867,24.01007136845137,1650.0,1410.402017690631,14.75050517394985,21.590101364696345,546.3894856274227,2400.0,9250.0
synthetic-fleet-01-unit-0001,35,0,532.5180942412404,1.2938590966557793,48.5,530.0,2400.0,8300.0,8.465430043170349,0.030964279780511295,398.52051968780336,2400.0,101.93796945352773,660.0,39.91471738856638,23.95639434575135,1650.0,1424.3174159284326,14.936789516534892,21.69303506881612,548.158397566066,2400.0,9250.0
synthetic-fleet-01-unit-0001,36,0,526.679472598026,1.3154410149269131,47.74771522372959,530.0,2400.0,8297.906120137262,8.550163484472902,0.031038523995511463,392.3652516475039,2400.0,99.23674158535988,645.8151326045593,40.0,24.5,1621.3493111670953,1462.8666790806628,15.2,21.801162920189604,560.0,2400.0,9250.0
synthetic-fleet-01-unit-0001,37,0,500.0,1.3282528026872011,48.24128995964427,530.0,2400.0,8102.798271144302,8.529763128602495,0.030611508991877638,400.0,2400.0,101.44590130196124,660.0,39.17189211602272,23.273082945765502,1628.9973233288795,1459.9149353232485,15.1268527942529,22.0,560.0,2400.0,9167.858714207572
synthetic-fleet-01-unit-0001,38,0,535.5045244201059,1.3057102861045273,48.0857092768608,528.11191797777,2392.9827737113565,8300.0,8.45688040791005,0.030262392594828942,400.0,2400.0,100.24486617096775,656.0846933092076,39.41222480054668,23.628857020205444,1650.0,1451.3279506548515,14.980201509821601,21.861468628539118,545.0180774458762,2390.554822218135,9250.0
synthetic-fleet-01-unit-0001,39,0,533.9992117321157,1.2995647372582846,48.02393728030793,530.0,2400.0,8210.461987448703,8.671437956583134,0.03107423732332281,400.0,2400.0,102.0,660.0,39.77641904211594,22.93667429465171,1619.5598835588505,1442.5015815322172,15.065821977811657,21.576789783492018,560.0,2400.0,9250.0
synthetic-fleet-01-unit-0001,40,0,528.1535930278301,1.3153362656507608,47.810498190042814,530.0,2400.0,8300.0,8.588763126020433,0.030480027025072857,400.0,2380.0,100.8817707194196,660.0,40.0,24.15445639049677,1590.9166459960527,1444.2659059149141,14.982203327358079,21.65912285539957,560.0,2400.0,9168.434165387896
synthetic-fleet-01-unit-0001,41,0,540.0,1.3303213225073396,48.5,530.0,2400.0,8300.0,8.544484391205799,0.03129406832599598,400.0,2400.0,100.40599663692194,660.0,38.96778006163739,24.16370644928654,1620.770683457257,1470.0,14.960895701096044,22.0,560.0,2397.7154778403465,9147.745968344605
synthetic-fleet-01-unit-0001,42,0,528.3155193425056,1.35,47.59603432771022,530.0,2399.920020023371,8300.0,8.7,0.03089091426761254,400.0,2400.0,102.0,659.6225713975724,39.71858219512041,24.147047057922034,1645.3834353532154,1406.3138844867196,15.09149920150723,22.0,560.0,2400.0,9250.0
synthetic-fleet-01-unit-0001,43,0,533.1412009678277,1.3121630331527143,48.5,530.0,2400.0,8300.0,8.510384519919695,0.03042999303696252,400.0,2400.0,101.17727364602564,651.7348197946804,39.954627304522035,23.96296294942258,1633.4976633496995,1448.8400265336882,15.06836072136318,21.62760092678396,560.0,2400.0,9250.0
synthetic-fleet-01-unit-0001,44,0,538.3327899143028,1.316447285087758,48.5,530.0,2391.4706084946624,8300.0,8.7,0.03119233122712866,394.0098136879496,2400.0,101.94120758337586,660.0,38.925439246431914,24.35262961539406,1640.5427258466411,1438.3633990532892,15.088316849393317,22.0,560.0,2400.0,9250.0
synthetic-fleet-01-unit-0001,45,0,527.9358575776889,1.3235659248013296,48.5,525.9390789609472,2400.0,8300.0,8.689612345667577,0.031506699975077164,400.0,2388.776659983596,102.0,660.0,39.52925958821792,23.96413018005813,1640.922486504901,1438.8324986559317,15.000288123483404,21.936247275950198,560.0,2400.0,9053.799378650325
synthetic-fleet-01-unit-0001,46,0,533.169059296187,1.313798991505449,48.5,526.3425821998857,2400.0,8300.0,8.521615360731719,0.031208689487168283,400.0,2400.0,101.6602711276218,660.0,38.697461365584346,24.31270768002617,1617.4378032566412,1443.7956607999845,14.852532126422714,21.600087105394305,560.0,2400.0,9136.055612992506
synthetic-fleet-01-unit-0001,47,0,522.6458136430163,1.324443914455892,48.25172530940222,530.0,2400.0,8300.0,8.590505501712858,0.030644626148435643,394.2136136228408,2400.0,102.0,649.180885334688,40.0,24.483425739018976,1614.4247971176721,1470.0,15.2,21.95978896513993,550.2719371889141,2400.0,9250.0
synthetic-fleet-01-unit-0001,48,0,530.4940630860441,1.3492087293978965,48.5,530.0,2400.0,8233.864464434128,8.7,0.030974353229028546,400.0,2400.0,102.0,658.8599694963922,40.0,24.026722615350394,1622.56249961897,1444.063935625759,14.890313103619702,22.0,560.0,2380.0,9250.0
synthetic-fleet-01-unit-0001,49,0,525.3834206503483,1.3496999274369375,48.5,530.0,2380.35881141444,8300.0,8.7,0.030612313319078644,400.0,2400.0,102.0,660.0,40.0,24.143813121853434,1597.635921308261,1465.468933018651,14.978847497846754,21.856027229548737,560.0,2400.0,9250.0
synthetic-fleet-01-unit-0001,50,0,535.4357770704539,1.3340694099625778,48.306588987326094,530.0,2400.0,8263.803253280306,8.367258009458787,0.031450594506101305,400.0,2400.0,102.0,660.0,40.0,24.5,1650.0,1422.9801808416203,14.740037860018086,22.0,560.0,2400.0,9063.555426910307
synthetic-fleet-01-unit-0001,51,0,537.3801381224271,1.3287872083360073,48.5,530.0,2400.0,8300.0,8.7,0.030954870566418023,400.0,2400.0,100.7369565799415,650.9677673443791,39.9032303509069,24.226391696651756,1650.0,1435.4152847163396,15.003009817855748,22.0,560.0,2399.2316308627614,9000.0
synthetic-fleet-01-unit-0001,52,0,525.7040128087689,1.35,48.5,530.0,2400.0,8213.877014480562,8.55332438221231,0.030901316227585896,400.0,2400.0,99.57418468737355,654.0136452486482,39.41546784420011,24.289335189426943,1650.0,1435.844516140471,14.71338468841871,22.0,560.0,2400.0,9155.88575522173
synthetic-fleet-01-unit-0001,53,0,539.0475011536712,1.35,48.37562522703851,530.0,2400.0,8300.0,8.535062161328984,0.031733517950767065,392.23782778183664,2400.0,102.0,660.0,40.0,24.32850015355703,1623.0281651852324,1445.260533817951,15.2,22.0,560.0,2400.0,9222.593534018064
synthetic-fleet-01-unit-0001,54,0,540.0,1.3244214846361748,48.5,530.0,2400.0,8221.321154598227,8.7,0.03150744887570745,400.0,2400.0,102.0,655.153861936639,38.55039760998864,24.119524007426783,1650.0,1460.1277308876115,15.036860152850586,22.0,560.0,2400.0,9190.048797853671
synthetic-fleet-01-unit-0001,55,0,529.5679667758925,1.3053839068641122,48.5,530.0,2400.0,8300.0,8.7,0.032153877858959505,400.0,2400.0,100.7660111381272,660.0,40.0,24.5,1617.943747140234,1430.7418950674037,14.944448169402312,22.0,560.0,2400.0,9250.0
synthetic-fleet-01-unit-0001,56,0,525.4787656890283,1.321599625072328,47.945091759287486,530.0,2400.0,8300.0,8.68612907386364,0.03046245573419581,395.4285449781582,2400.0,101.63300750420687,652.5013206735952,40.0,24.384755585310668,1636.1895196845912,1470.0,14.940018961814975,22.0,560.0,2400.0,9250.0
synthetic-fleet-01-unit-0001,57,0,535.1404011486096,1.35,48.293659177728244,530.0,2400.0,8300.0,8.7,0.03141034038900826,400.0,2400.0,102.0,647.0033578847346,39.303401275902246,24.466229204271137,1627.3838636617097,1470.0,14.879267033570818,22.0,560.0,2400.0,9250.0
synthetic-fleet-01-unit-0001,58,0,523.6146454396276,1.3432749309710672,48.5,530.0,2400.0,8300.0,8.7,0.031941432601379764,400.0,2400.0,101.69359753745914,656.9095718102459,40.0,24.5,1624.5726472503343,1460.079042496812,15.2,22.0,560.0,2400.0,9129.956845398188
synthetic-fleet-01-unit-0001,59,0,540.0,1.3216678433398248,48.5,530.0,2399.4882780945536,8300.0,8.7,0.030695548029453616,400.0,2400.0,100.83562433907635,660.0,40.0,24.11040717166832,1650.0,1470.0,14.605504414491469,22.0,560.0,2400.0,9250.0
synthetic-fleet-01-unit-0001,60,0,534.9127297796098,1.3439874093785324,48.5,530.0,2400.0,8300.0,8.474553274538748,0.031161771015529208,398.2114927606535,2400.0,102.0,649.4130316309323,40.0,24.14317142397282,1625.3445927683665,1428.0739094318633,15.001213570530783,21.952050531850077,560.0,2400.0,9250.0
synthetic-fleet-01-unit-0001,61,0,535.3731905370812,1.3354264611105657,48.5,530.0,2400.0,8300.0,8.7,0.030216277044454065,400.0,2400.0,102.0,660.0,39.64184270556624,24.5,1650.0,1470.0,14.898349867351932,22.0,560.0,2400.0,9250.0
synthetic-fleet-01-unit-0001,62,0,540.0,1.3207498690252448,48.5,530.0,2400.0,8300.0,8.7,0.0313628362940281,400.0,2400.0,102.0,660.0,40.0,24.5,1631.365307494639,1441.5598456511611,14.824936181446716,21.774081870819952,560.0,2400.0,9250.0
synthetic-fleet-01-unit-0001,63,0,538.6761704765127,1.3356864751338775,48.5,530.0,2380.0,8298.923742062776,8.63643058743484,0.0308772556950763,400.0,2400.0,102.0,658.2574879498617,39.80173227330983,24.049500875536506,1650.0,1459.2566343441194,14.733584195771153,21.934024053761853,560.0,2400.0,9250.0
synthetic-fleet-01-unit-0001,64,0,535.3716913139656,1.3451981116684644,48.5,530.0,2400.0,8212.12947613198,8.662740304110942,0.03039058577057704,396.7931125791521,2400.0,102.0,657.9306201195991,40.0,23.976287725532586,1650.0,1470.0,15.2,22.0,560.0,2400.0,9201.391115539533
synthetic-fleet-01-unit-0001,65,0,540.0,1.3459857732902043,48.147175848882476,530.0,2400.0,8237.270658270547,8.7,0.03055616681582563,400.0,2400.0,101.42955673862038,656.4843313630811,40.0,24.5,1650.0,1470.0,14.84057458038827,22.0,560.0,2400.0,9250.0
synthetic-fleet-01-unit-0001,66,0,522.689706288211,1.3301748754500256,48.5,530.0,2400.0,8300.0,8.665555228270819,0.030975073300834665,400.0,2400.0,102.0,660.0,40.0,24.272018200967796,1650.0,1464.2015031321641,15.128727214741563,22.0,560.0,2400.0,9232.017647496928
synthetic-fleet-01-unit-0001,67,0,537.4950114754512,1.35,48.5,530.0,2400.0,8300.0,8.7,0.03124388891371889,400.0,2400.0,102.0,644.17263373227,40.0,24.5,1623.1562487610395,1470.0,14.959237509576818,22.0,560.0,2400.0,9250.0
synthetic-fleet-01-unit-0001,68,0,526.6124774295719,1.3410082316738205,48.107391523954796,530.0,2400.0,8300.0,8.7,0.031713401346862465,400.0,2400.0,102.0,660.0,39.67000384724059,23.890083460431274,1650.0,1462.3009637012224,15.11682643536407,22.0,560.0,2400.0,9250.0
synthetic-fleet-01-unit-0001,69,0,527.2293943203247,1.3350641311542868,48.5,530.0,2400.0,8300.0,8.605601054671205,0.03154797956861783,400.0,2400.0,102.0,660.0,40.0,24.5,1650.0,1447.5607177118752,15.1190946621266,22.0,560.0,2400.0,9250.0
synthetic-fleet-01-unit-0001,70,0,537.7262064170546,1.342214264277442,48.5,530.0,2400.0,8300.0,8.673614006857498,0.03063160287111224,400.0,2400.0,100.86089515302456,660.0,40.0,24.00222352783962,1632.8020101116758,1450.8113800205472,14.656434880823925,22.0,560.0,2400.0,9250.0
synthetic-fleet-01-unit-0001,71,0,540.0,1.35,48.5,528.7046028499644,2380.0,8300.0,8.563947736314638,0.031485749805391545,400.0,2380.0,102.0,660.0,40.0,24.5,1626.2533957898318,1470.0,14.896980029387944,21.925180704723054,560.0,2400.0,9250.0
synthetic-fleet-01-unit-0001,72,0,526.2519766793862,1.3370119308127393,48.5,530.0,2400.0,8300.0,8.7,0.03164635042905073,400.0,2400.0,102.0,659.0365317721295,40.0,24.5,1650.0,1418.8773637238291,14.64881229945979,22.0,560.0,2400.0,9058.83095100912
synthetic-fleet-01-unit-0001,73,0,540.0,1.35,48.03309161434133,530.0,2400.0,8300.0,8.7,0.03188265262533419,400.0,2400.0,102.0,660.0,39.86553216215933,24.5,1650.0,1470.0,15.159591609428789,22.0,560.0,2400.0,9132.885337198015
synthetic-fleet-01-unit-0001,74,0,528.0152484301577,1.35,48.30515907676297,530.0,2400.0,8300.0,8.7,0.03245924374973017,400.0,2400.0,102.0,660.0,39.98669789012286,24.391592195562893,1635.3177422648566,1443.2327467303026,14.899462970585645,22.0,560.0,2400.0,9250.0
synthetic-fleet-01-unit-0001,75,0,533.5674564842603,1.332985399540022,48.364674175484524,530.0,2400.0,8300.0,8.7,0.031309665051853244,400.0,2400.0,102.0,660.0,40.0,24.3323525548413,1650.0,1470.0,15.2,22.0,555.1297892433087,2400.0,9250.0
synthetic-fleet-01-unit-0001,76,0,540.0,1.35,48.5,530.0,2400.0,8300.0,8.7,0.031136704034467447,400.0,2400.0,100.87758233641098,654.6282218535644,39.97828410006029,24.36736806789807,1650.0,1470.0,15.2,22.0,560.0,2400.0,9250.0
synthetic-fleet-01-unit-0001,77,0,539.7564082843247,1.35,48.5,530.0,2400.0,8300.0,8.7,0.03158698867991575,400.0,2400.0,102.0,660.0,40.0,24.44253657168207,1650.0,1470.0,14.747869451291624,22.0,560.0,2400.0,9250.0
synthetic-fleet-01-unit-0001,78,0,531.4111132522146,1.35,48.5,530.0,2400.0,8300.0,8.7,0.03220615311280463,400.0,2400.0,102.0,660.0,40.0,24.5,1640.1629065466552,1469.2925907401175,15.2,22.0,560.0,2400.0,9205.381789027382
synthetic-fleet-01-unit-0001,79,0,532.4800287759757,1.3420174132831433,48.5,530.0,2400.0,8300.0,8.7,0.03173673079984038,400.0,2400.0,102.0,660.0,39.01266353765812,24.218763032234413,1650.0,1470.0,14.917807949788566,22.0,560.0,2400.0,9077.83265461043
synthetic-fleet-01-unit-0001,80,0,535.708617283131,1.35,48.5,530.0,2400.0,8300.0,8.667931364858642,0.031439632847018166,400.0,2400.0,102.0,660.0,40.0,24.5,1650.0,1470.0,15.072586528243958,22.0,560.0,2400.0,9250.0
synthetic-fleet-01-unit-0001,81,0,540.0,1.3324270909613185,47.15264830602498,530.0,2400.0,8300.0,8.7,0.03207259963046267,400.0,2400.0,102.0,660.0,40.0,24.5,1650.0,1470.0,15.2,22.0,560.0,2400.0,9250.0
synthetic-fleet-01-unit-0001,82,0,533.0707048978101,1.35,48.5,530.0,2400.0,8300.0,8.7,0.03142819435148184,400.0,2400.0,102.0,654.1966172356076,40.0,24.5,1650.0,1470.0,15.015806140368028,22.0,560.0,2400.0,9250.0
synthetic-fleet-01-unit-0001,83,0,540.0,1.35,48.5,530.0,2400.0,8300.0,8.7,0.032067760996212794,400.0,2400.0,101.47426072303921,660.0,40.0,24.5,1650.0,1470.0,15.2,22.0,560.0,2400.0,9250.0
synthetic-fleet-01-unit-0001,84,0,540.0,1.35,48.5,530.0,2400.0,8300.0,8.7,0.030948599712082796,400.0,2400.0,102.0,660.0,39.84782834705095,24.271394691866412,1640.8370380207502,1470.0,15.2,22.0,560.0,2400.0,9250.0
synthetic-fleet-01-unit-0001,85,0,533.0807612083422,1.35,48.5,530.0,2400.0,8300.0,8.7,0.030827966382624552,400.0,2400.0,102.0,660.0,40.0,24.05419229471223,1650.0,1470.0,15.137347980400845,22.0,560.0,2400.0,9208.316475756956
synthetic-fleet-01-unit-0001,86,0,529.928845198559,1.3411340456536454,48.5,530.0,2400.0,8300.0,8.611959729098887,0.03139209703247228,400.0,2400.0,102.0,660.0,40.0,24.418400541735547,1650.0,1470.0,15.041828067287334,22.0,560.0,2400.0,9250.0
synthetic-fleet-01-unit-0001,87,0,532.1048465482584,1.35,48.5,530.0,2400.0,8300.0,8.7,0.03168542936431356,400.0,2400.0,102.0,660.0,40.0,24.072853887427364,1650.0,1448.726495156684,15.089429881973869,22.0,560.0,2400.0,9250.0
synthetic-fleet-01-unit-0001,88,0,540.0,1.35,48.5,530.0,2400.0,8300.0,8.7,0.03204381616052688,400.0,2400.0,102.0,660.0,40.0,24.5,1645.5718993928942,1464.6630698082272,15.2,22.0,560.0,2400.0,9250.0
synthetic-fleet-01-unit-0001,89,0,540.0,1.35,48.5,530.0,2400.0,8300.0,8.69497667390257,0.032235965508857975,400.0,2400.0,102.0,660.0,40.0,24.48068951410942,1650.0,1470.0,15.049944966361142,21.960436683037624,560.0,2400.0,9250.0
synthetic-fleet-01-unit-0001,90,0,536.6225195973057,1.35,48.5,530.0,2400.0,8300.0,8.7,0.03154259273538175,400.0,2400.0,102.0,660.0,40.0,24.5,1650.0,1456.462702403161,15.2,22.0,560.0,2400.0,9250.0
synthetic-fleet-01-unit-0001,91,0,528.6810394552645,1.35,48.5,530.0,2400.0,8300.0,8.7,0.030700425845889955,400.0,2400.0,102.0,660.0,40.0,24.5,1650.0,1470.0,15.2,22.0,560.0,2400.0,9250.0
synthetic-fleet-01-unit-0001,92,0,540.0,1.35,48.5,530.0,2400.0,8300.0,8.7,0.031193157250507125,400.0,2400.0,102.0,660.0,40.0,24.5,1650.0,1460.984891029221,15.030138548119766,22.0,560.0,2400.0,9250.0
synthetic-fleet-01-unit-0001,93,0,539.1283334340875,1.35,48.5,530.0,2400.0,8300.0,8.7,0.031775692624870365,400.0,2400.0,102.0,660.0,40.0,24.5,1650.0,1470.0,15.198653568166199,22.0,560.0,2400.0,9250.0
synthetic-fleet-01-unit-0001,94,0,538.5832147993175,1.35,48.5,530.0,2400.0,8300.0,8.7,0.03171975017312823,400.0,2400.0,102.0,660.0,39.99837716764805,24.5,1650.0,1470.0,15.2,22.0,560.0,2400.0,9250.0
synthetic-fleet-01-unit-0001,95,0,540.0,1.35,48.5,530.0,2400.0,8300.0,8.408960425825239,0.031732010313322054,400.0,2400.0,102.0,660.0,40.0,24.5,1650.0,1452.3955309834041,15.2,22.0,560.0,2400.0,9250.0
synthetic-fleet-01-unit-0001,96,0,540.0,1.35,48.5,530.0,2400.0,8300.0,8.7,0.031897334520165264,400.0,2400.0,102.0,660.0,40.0,24.5,1640.4588800208696,1470.0,15.2,22.0,560.0,2400.0,9250.0
synthetic-fleet-01-unit-0001,97,0,540.0,1.35,48.5,530.0,2400.0,8300.0,8.7,0.0318551149551853,399.8246720214312,2400.0,102.0,660.0,40.0,24.5,1650.0,1470.0,15.2,22.0,560.0,2400.0,9250.0
synthetic-fleet-01-unit-0001,98,0,540.0,1.35,48.5,530.0,2400.0,8300.0,8.7,0.03173968654517273,400.0,2400.0,102.0,657.091574738044,40.0,24.40165327470427,1650.0,1470.0,15.2,22.0,560.0,2400.0,9250.0
synthetic-fleet-01-unit-0001,99,0,540.0,1.35,48.5,530.0,2400.0,8300.0,8.7,0.030624782398364685,400.0,2400.0,102.0,660.0,40.0,24.5,1650.0,1468.7545016494141,15.2,22.0,560.0,2400.0,9250.0
synthetic-fleet-01-unit-0001,100,0,528.5636959462189,1.3469118084250116,48.5,530.0,2400.0,8300.0,8.7,0.03240359621154755,400.0,2400.0,102.0,660.0,40.0,24.5,1650.0,1470.0,15.2,22.0,560.0,2400.0,9250.0
synthetic-fleet-01-unit-0001,101,0,539.616558939196,1.35,48.5,530.0,2400.0,8300.0,8.7,0.03134562667347103,400.0,2400.0,102.0,660.0,40.0,24.258437951761593,1650.0,1470.0,15.2,22.0,560.0,2400.0,9250.0
synthetic-fleet-01-unit-0001,102,0,540.0,1.35,48.5,530.0,2400.0,8300.0,8.7,0.030512384025284417,400.0,2400.0,102.0,660.0,40.0,24.464819075322822,1650.0,1470.0,15.2,22.0,560.0,2400.0,9250.0
synthetic-fleet-01-unit-0001,103,0,540.0,1.35,48.5,530.0,2400.0,8300.0,8.7,0.03242738172318935,400.0,2400.0,102.0,660.0,40.0,24.5,1650.0,1470.0,15.2,22.0,560.0,2400.0,9250.0
synthetic-fleet-01-unit-0001,104,0,540.0,1.35,48.5,530.0,2400.0,8300.0,8.7,0.03239867831236494,400.0,2400.0,102.0,660.0,40.0,24.49719648446362,1650.0,1470.0,15.2,21.825877918645446,560.0,2400.0,9250.0
synthetic-fleet-01-unit-0001,105,0,540.0,1.35,48.5,530.0,2400.0,8300.0,8.7,0.031105981151326286,400.0,2400.0,102.0,660.0,40.0,24.5,1650.0,1470.0,15.2,22.0,560.0,2400.0,9250.0
synthetic-fleet-01-unit-0001,106,0,540.0,1.35,48.5,530.0,2400.0,8300.0,8.7,0.03171442553791642,400.0,2400.0,102.0,660.0,40.0,24.5,1650.0,1470.0,15.2,22.0,560.0,2400.0,9250.0
synthetic-fleet-01-unit-0001,107,0,540.0,1.35,48.5,530.0,2400.0,8300.0,8.659377581543499,0.031545913934379895,400.0,2400.0,102.0,660.0,40.0,24.5,1650.0,1470.0,15.2,22.0,560.0,2400.0,9250.0
synthetic-fleet-01-unit-0001,108,0,540.0,1.35,48.5,530.0,2400.0,8300.0,8.7,0.03173328102753511,400.0,2400.0,102.0,660.0,40.0,24.5,1650.0,1470.0,15.2,22.0,560.0,2400.0,9250.0
synthetic-fleet-01-unit-0001,109,0,540.0,1.35,48.5,530.0,2400.0,8300.0,8.7,0.03215105669677724,400.0,2400.0,102.0,660.0,39.851125923448784,24.5,1650.0,1470.0,15.2,22.0,560.0,2400.0,9250.0
synthetic-fleet-01-unit-0001,110,0,540.0,1.35,48.5,530.0,2400.0,8300.0,8.7,0.032521042943697925,400.0,2400.0,102.0,660.0,40.0,24.5,1641.7831071164553,1463.580476914147,15.2,22.0,560.0,2400.0,9250.0
synthetic-fleet-01-unit-0001,111,0,540.0,1.35,48.5,530.0,2400.0,8300.0,8.7,0.03179472461833447,400.0,2400.0,102.0,660.0,40.0,24.5,1650.0,1470.0,15.2,22.0,560.0,2400.0,9250.0
synthetic-fleet-01-unit-0001,112,0,540.0,1.35,48.5,530.0,2400.0,8300.0,8.7,0.03176814393765399,400.0,2400.0,102.0,660.0,40.0,24.5,1650.0,1470.0,15.2,22.0,560.0,2400.0,9250.0
synthetic-fleet-01-unit-0001,113,0,540.0,1.35,48.5,530.0,2400.0,8300.0,8.7,0.03208161976473815,400.0,2400.0,102.0,660.0,40.0,24.5,1650.0,1470.0,15.169210182583582,22.0,560.0,2400.0,9250.0
synthetic-fleet-01-unit-0001,114,0,540.0,1.35,48.5,530.0,2400.0,8300.0,8.7,0.03145793822133532,400.0,2400.0,102.0,660.0,40.0,24.5,1650.0,1470.0,15.2,22.0,560.0,2400.0,9250.0
synthetic-fleet-01-unit-0001,115,0,540.0,1.35,48.5,530.0,2400.0,8300.0,8.7,0.03199737744979632,400.0,2400.0,102.0,660.0,40.0,24.5,1650.0,1470.0,15.2,22.0,560.0,2400.0,9250.0
synthetic-fleet-01-unit-0001,116,0,540.0,1.35,48.5,530.0,2400.0,8300.0,8.7,0.03208163864276818,400.0,2400.0,102.0,660.0,40.0,24.5,1647.7978356003289,1470.0,15.2,22.0,560.0,2400.0,9250.0
synthetic-fleet-01-unit-0001,117,0,540.0,1.35,48.5,530.0,2400.0,8300.0,8.7,0.03179493995291058,400.0,2400.0,102.0,660.0,40.0,24.5,1650.0,1470.0,15.159700723726113,22.0,560.0,2400.0,9250.0
synthetic-fleet-01-unit-0001,118,0,540.0,1.35,48.5,530.0,2400.0,8300.0,8.7,0.03174944277475363,400.0,2400.0,102.0,660.0,40.0,24.5,1650.0,1470.0,15.2,22.0,560.0,2400.0,9250.0
synthetic-fleet-01-unit-0001,119,0,540.0,1.35,48.5,530.0,2400.0,8300.0,8.7,0.032413033435354295,400.0,2400.0,102.0,660.0,40.0,24.5,1650.0,1470.0,15.2,22.0,560.0,2400.0,9250.0
synthetic-fleet-01-unit-0001,120,0,540.0,1.35,48.5,530.0,2400.0,8300.0,8.7,0.032050290028554716,400.0,2400.0,102.0,660.0,40.0,24.5,1650.0,1470.0,15.147326999116636,22.0,560.0,2400.0,9250.0
synthetic-fleet-01-unit-0001,121,0,540.0,1.35,48.5,530.0,2400.0,8300.0,8.7,0.03307839305991341,400.0,2400.0,102.0,660.0,40.0,24.5,1650.0,1470.0,15.131684330635675,22.0,560.0,2400.0,9250.0
synthetic-fleet-01-unit-0001,122,0,540.0,1.35,48.5,530.0,2400.0,8300.0,8.7,0.03324120941337943,400.0,2400.0,102.0,660.0,40.0,24.5,1650.0,1470.0,15.199387780435615,22.0,560.0,2400.0,9250.0
synthetic-fleet-01-unit-0001,123,0,540.0,1.35,48.5,530.0,2400.0,8300.0,8.7,0.032150530531879544,400.0,2400.0,102.0,660.0,40.0,24.5,1650.0,1470.0,15.2,22.0,560.0,2400.0,9250.0
synthetic-fleet-01-unit-0001,124,0,540.0,1.35,48.5,530.0,2400.0,8300.0,8.7,0.032475938168944424,400.0,2400.0,102.0,660.0,40.0,24.5,1650.0,1470.0,15.2,22.0,560.0,2400.0,9250.0
synthetic-fleet-01-unit-0001,125,0,540.0,1.35,48.5,530.0,2400.0,8300.0,8.7,0.032204817877684457,400.0,2400.0,102.0,660.0,40.0,24.5,1650.0,1470.0,15.2,22.0,560.0,2400.0,9250.0
synthetic-fleet-01-unit-0001,126,0,540.0,1.35,48.5,530.0,2400.0,8300.0,8.7,0.032337715272088376,400.0,2400.0,102.0,660.0,40.0,24.5,1650.0,1470.0,15.2,22.0,560.0,2400.0,9250.0
synthetic-fleet-01-unit-0001,127,0,540.0,1.35,48.5,530.0,2400.0,8300.0,8.7,0.032265117014888815,400.0,2400.0,102.0,660.0,40.0,24.5,1650.0,1470.0,15.2,22.0,560.0,2400.0,9250.0
synthetic-fleet-01-unit-0001,128,0,540.0,1.35,48.5,530.0,2400.0,8300.0,8.7,0.0323794566912819,400.0,2400.0,102.0,660.0,40.0,24.5,1650.0,1470.0,15.2,22.0,560.0,2400.0,9250.0
synthetic-fleet-01-unit-0001,129,0,538.1927179365862,1.35,48.5,530.0,2400.0,8300.0,8.7,0.03173889803509857,400.0,2400.0,102.0,660.0,40.0,24.5,1650.0,1470.0,15.2,22.0,560.0,2400.0,9250.0
synthetic-fleet-01-unit-0001,130,0,540.0,1.35,48.5,530.0,2400.0,8300.0,8.7,0.03283539042504627,400.0,2400.0,102.0,660.0,40.0,24.5,1650.0,1470.0,15.2,22.0,560.0,2400.0,9250.0
synthetic-fleet-01-unit-0001,131,0,540.0,1.35,48.5,530.0,2400.0,8300.0,8.7,0.031835132244628674,400.0,2400.0,102.0,660.0,40.0,24.5,1650.0,1470.0,15.2,22.0,560.0,2400.0,9250.0
synthetic-fleet-01-unit-0001,132,0,540.0,1.35,48.5,530.0,2400.0,8300.0,8.7,0.03214987407331902,400.0,2400.0,102.0,660.0,40.0,24.5,1650.0,1470.0,15.2,22.0,560.0,2400.0,9250.0
synthetic-fleet-01-unit-0001,133,0,540.0,1.35,48.5,530.0,2400.0,8300.0,8.7,0.03263247863785695,400.0,2400.0,102.0,660.0,40.0,24.5,1650.0,1470.0,15.2,22.0,560.0,2400.0,9250.0
synthetic-fleet-01-unit-0001,134,0,540.0,1.35,48.5,530.0,2400.0,8300.0,8.7,0.03193689196275261,400.0,2400.0,102.0,660.0,40.0,24.5,1650.0,1470.0,15.2,22.0,560.0,2400.0,9250.0
synthetic-fleet-01-unit-0001,135,0,540.0,1.35,48.5,530.0,2400.0,8300.0,8.7,0.03195327645417125,400.0,2400.0,102.0,660.0,40.0,24.5,1650.0,1470.0,15.2,22.0,560.0,2400.0,9250.0
synthetic-fleet-01-unit-0001,136,0,540.0,1.35,48.5,530.0,2400.0,8300.0,8.7,0.03241730069626429,400.0,2400.0,102.0,660.0,40.0,24.5,1650.0,1470.0,15.2,22.0,560.0,2400.0,9250.0
synthetic-fleet-01-unit-0001,137,0,540.0,1.35,48.5,530.0,2400.0,8300.0,8.7,0.03270535287413643,400.0,2400.0,102.0,660.0,40.0,24.5,1650.0,1470.0,15.2,22.0,560.0,2400.0,9250.0
synthetic-fleet-01-unit-0001,138,0,540.0,1.35,48.5,530.0,2400.0,8300.0,8.7,0.0322774705615334,400.0,2400.0,102.0,660.0,40.0,24.5,1650.0,1470.0,15.2,22.0,560.0,2400.0,9250.0
synthetic-fleet-01-unit-0001,139,0,540.0,1.35,48.5,530.0,2400.0,8300.0,8.7,0.0319574765744305,400.0,2400.0,102.0,660.0,40.0,24.5,1650.0,1470.0,15.2,22.0,560.0,2400.0,9250.0
synthetic-fleet-01-unit-0001,140,0,540.0,1.35,48.5,530.0,2400.0,8300.0,8.7,0.03271718003863557,400.0,2400.0,102.0,660.0,40.0,24.5,1650.0,1470.0,15.2,22.0,560.0,2400.0,9250.0
synthetic-fleet-01-unit-0001,141,0,540.0,1.35,48.5,530.0,2400.0,8300.0,8.7,0.032985099724626266,400.0,2400.0,102.0,660.0,40.0,24.5,1650.0,1470.0,15.2,22.0,560.0,2400.0,9250.0
synthetic-fleet-01-unit-0001,142,0,540.0,1.35,48.5,530.0,2400.0,8300.0,8.7,0.03145931845966341,400.0,2400.0,102.0,660.0,40.0,24.5,1650.0,1470.0,15.2,22.0,560.0,2400.0,9250.0
synthetic-fleet-01-unit-0001,143,0,540.0,1.35,48.5,530.0,2400.0,8300.0,8.7,0.033140961248988896,400.0,2400.0,102.0,660.0,40.0,24.5,1650.0,1470.0,15.2,22.0,560.0,2400.0,9250.0
synthetic-fleet-01-unit-0001,144,0,540.0,1.35,48.5,530.0,2400.0,8300.0,8.7,0.032765535361306025,400.0,2400.0,102.0,660.0,40.0,24.5,1650.0,1470.0,15.2,22.0,560.0,2400.0,9250.0
synthetic-fleet-01-unit-0001,145,0,540.0,1.35,48.5,530.0,2400.0,8300.0,8.7,0.03242893002700726,400.0,2400.0,102.0,660.0,40.0,24.5,1650.0,1470.0,15.2,22.0,560.0,2400.0,9250.0
synthetic-fleet-01-unit-0001,146,0,540.0,1.35,48.5,530.0,2400.0,8300.0,8.7,0.032800897007748596,400.0,2400.0,102.0,660.0,40.0,24.5,1650.0,1470.0,15.2,22.0,560.0,2400.0,9250.0
synthetic-fleet-01-unit-0001,147,0,540.0,1.35,48.5,530.0,2400.0,8300.0,8.7,0.03241522031205413,400.0,2400.0,102.0,660.0,40.0,24.5,1650.0,1470.0,15.2,22.0,560.0,2400.0,9250.0
synthetic-fleet-01-unit-0001,148,0,540.0,1.35,48.5,530.0,2400.0,8300.0,8.7,0.03197785826013293,400.0,2400.0,102.0,660.0,40.0,24.5,1650.0,1470.0,15.2,22.0,560.0,2400.0,9250.0
synthetic-fleet-01-unit-0001,149,0,540.0,1.35,48.5,530.0,2400.0,8300.0,8.7,0.03259260818766744,400.0,2400.0,102.0,660.0,40.0,24.5,1650.0,1470.0,15.2,22.0,560.0,2400.0,9250.0
synthetic-fleet-01-unit-0001,150,0,540.0,1.35,48.5,530.0,2400.0,8300.0,8.7,0.03330010617662159,400.0,2400.0,102.0,660.0,40.0,24.5,1650.0,1470.0,15.2,22.0,560.0,2400.0,9250.0
synthetic-fleet-01-unit-0002,1,0,523.4547525604889,1.2902632519252513,48.5,518.8854792439174,2400.0,8050.0,8.57015229163752,0.02972760266878619,394.85848234665673,2380.838016606494,100.50663407167637,635.9384281338911,39.58061843066523,23.293966816037404,1594.2117642040735,1401.6499939438058,14.474078167660613,22.0,560.0,2380.0,9131.460240025895
synthetic-fleet-01-unit-0002,2,0,526.1209318831906,1.31223671205299,46.928301102888874,522.3854143403648,2400.0,8050.0,8.476635809118482,0.029401743116655065,400.0,2384.4833961515933,100.81318400061582,656.1547682672626,39.05866366689737,23.05805315412447,1572.7022341722748,1381.9072006902754,14.79931281540876,21.972486700406225,543.7763577741346,2400.0,9250.0
synthetic-fleet-01-unit-0002,3,0,520.0213027321332,1.309762015487339,47.76493750310431,520.54783445895,2380.0,8265.075809711028,8.442778455368172,0.029906641915554092,399.5493688679207,2400.0,99.43767486268932,653.3594839825367,39.50279472763821,23.592544439575814,1576.6725055318618,1425.2140937923914,14.86633736126968,21.17467293421477,554.8525552525897,2400.0,9250.0
synthetic-fleet-01-unit-0002,4,0,526.5529376522469,1.2609647148153038,48.5,516.8271289439068,2400.0,8119.43216386408,8.39516399460344,0.03146825253572395,389.97339363572104,2380.0,102.0,643.2727640137272,39.61289981046535,23.478787658714616,1610.2342284125746,1443.774571774444,14.856335128611713,21.568314267940423,560.0,2384.108020076954,9131.113009668665
synthetic-fleet-01-unit-0002,5,0,526.4980780241832,1.3160742677191324,46.557271087279716,524.0080491630285,2388.2484517150115,8126.682687924098,8.46783768781711,0.03017723523509052,398.31218907864894,2400.0,99.99427286381723,629.7397749975031,38.75846071467566,23.33354925104202,1575.9008929481165,1404.6477121335574,14.9695609553858,21.641065427040527,557.0632515135011,2381.598368707033,9081.507182321924
synthetic-fleet-01-unit-0002,6,0,525.7540939601158,1.2881757065874504,46.91166277967747,530.0,2380.0,8058.404098784828,8.457453485051714,0.029686293179794446,387.26285397309863,2380.0,98.0,638.1641488902121,38.79351047645816,23.51434040917329,1596.1301197205764,1392.9040610647953,14.46375243212721,21.773024370829333,553.2467150558973,2395.744297126682,9187.74842093641
synthetic-fleet-01-unit-0002,7,0,526.0049082997375,1.2749320794504166,48.04104369292723,530.0,2396.4800235354064,8050.0,8.374976519293693,0.030421396717820987,391.96119442790746,2380.0,98.70884635637935,629.7435016449454,39.486233362815724,23.05967291782343,1621.2682596374082,1393.3398607430943,14.306920996781907,21.78949541407231,554.9559688600981,2380.0,9158.90637385218
synthetic-fleet-01-unit-0002,8,0,520.3944338901769,1.2805973897707017,47.97951096671198,530.0,2380.0,8300.0,8.463504129393046,0.02997317353049019,393.06909078608896,2380.0,100.63355082350351,647.5869560318685,39.424415942722554,23.18544108981339,1600.4784710161518,1370.6731149765528,15.026450517958132,21.673552238177,554.3493170367975,2388.8505592941556,9250.0
synthetic-fleet-01-unit-0002,9,0,516.9082093152648,1.3253821679272246,46.3034828472401,522.4888842559153,2380.0,8050.0,8.632017073748031,0.02959218526601522,400.0,2400.0,101.03972072800124,643.8489264129885,38.98144185923907,23.50196476240272,1614.1472496482827,1385.2952970575675,14.36902100874435,21.976878658884864,548.6062211051235,2400.0,9136.091044105118
synthetic-fleet-01-unit-0002,10,0,520.7553889395125,1.2970590023248902,47.36098153824226,530.0,2400.0,8050.0,8.322790574795023,0.030150510958172283,400.0,2380.0,100.9637344936819,648.3345638788362,38.76268013642937,23.73985673716672,1597.7800690786412,1369.7509217050467,14.600322331497912,21.52874639964834,555.2358160001502,2380.0,9000.0
synthetic-fleet-01-unit-0002,11,0,528.7031077666502,1.3120302189543853,47.2527911037008,519.3894663539479,2380.1155325922564,8258.293379079276,8.49419698734293,0.030459271920686728,384.9427045666856,2400.0,101.42205540681354,643.687999690079,38.858419560678065,23.756608657662873,1607.0554125947456,1423.4861681928678,14.878184182754204,21.31279970881805,560.0,2380.0,9118.839817190134
synthetic-fleet-01-unit-0002,12,0,531.8392160295805,1.28364539890325,48.176882003606906,520.6842453561394,2380.0,8191.715108596748,8.451291801700252,0.03054655617400079,392.54308022408895,2387.2428167698736,99.17404267350808,649.5375797618652,38.88092302521178,23.485372579892346,1574.6970509045016,1400.7373297804518,14.583258129910607,21.66327160128012,559.1071447776847,2400.0,9113.988657328193
synthetic-fleet-01-unit-0002,13,0,506.7245161514273,1.3054029570982035,47.83386518542116,527.6231157667438,2400.0,8050.0,8.562805505642473,0.030840960619133856,400.0,2387.190715066024,100.57176857562229,644.6481448308201,40.0,23.54736822910523,1638.4878631597965,1432.9298077427418,14.798261560696922,22.0,553.2554190157642,2380.0,9000.0
synthetic-fleet-01-unit-0002,14,0,519.5564025304052,1.3008772801728143,47.108944735642055,521.0218175864229,2400.0,8300.0,8.445057400856774,0.030822505408182363,400.0,2394.562699633988,100.99426857463286,642.7556218025346,38.20141848574818,23.408610170532825,1601.0709166616273,1434.2605696801052,14.582146426601641,22.0,547.5421353572622,2386.2771784270794,9163.382587619235
synthetic-fleet-01-unit-0002,15,0,527.061314027172,1.3257602328478924,48.17452129853032,530.0,2400.0,8122.067408458609,8.542180228888968,0.031208776758925368,388.78926555263183,2385.246694973446,100.9722285689471,645.4451626214341,38.567459154475785,23.492250216745486,1605.3168344034527,1399.877762767957,14.6025976947947,21.71188789957566,560.0,2388.2886869470444,9000.0
synthetic-fleet-01-unit-0002,16,0,519.5243754699133,1.2732612309559683,48.20066257120967,517.3936482433992,2380.0,8050.0,8.429782680469502,0.029544167827031793,400.0,2400.0,100.83501092188622,656.7594728851484,38.91282255691921,23.585082865028287,1598.6463782314847,1423.253928199462,14.870773502721601,21.613392111131738,548.4382896123096,2382.524201355832,9022.456951311986
synthetic-fleet-01-unit-0002,17,0,512.6704811896393,1.312135259155488,47.58807531476499,530.0,2400.0,8050.0,8.358809229238085,0.031571140221717704,397.0985297529621,2385.2341703046186,99.59676924844305,638.3083925966821,38.939850256915406,23.56086255719692,1623.4160349080146,1423.572485549691,14.63560503159517,21.887098024103604,560.0,2380.0,9250.0
synthetic-fleet-01-unit-0002,18,0,513.1221617684721,1.305248147619671,47.0912095223281,523.0443996939039,2381.3910023368344,8111.960587503254,8.519208239622635,0.0310006229679574,400.0,2380.0,101.98401600636262,647.2594341397968,37.916476617581814,23.5259455599352,1594.3651622465152,1411.6296927100313,14.729826513638962,22.0,560.0,2381.401118704435,9035.114729043335
synthetic-fleet-01-unit-0002,19,0,506.178512986674,1.3208452685167837,47.80964686509503,520.7589752733747,2400.0,8172.618461834697,8.429713736564262,0.03066972959573019,400.0,2392.180090977125,99.5326282998835,656.0683265192899,39.17920985324668,23.76418905183953,1619.3342209008745,1425.49774249282,14.621942457399058,22.0,546.7541126697384,2400.0,9216.215448868832
synthetic-fleet-01-unit-0002,20,0,530.9138404021191,1.35,47.895668557595435,523.8036487040254,2397.3854518774065,8300.0,8.384584171561484,0.030479684109769364,398.1803792033751,2400.0,101.00289794767828,643.3635047015434,39.94578362748699,23.445498537414377,1622.1803179761132,1411.9290183886378,14.908793497584584,21.935680744504428,558.4001486988066,2400.0,9000.0
synthetic-fleet-01-unit-0002,21,0,510.4707107472338,1.288618247541058,46.552332200457194,514.2311245821618,2393.9230609079646,8160.899777292421,8.355636008588755,0.029634513319925854,400.0,2400.0,101.1466572614325,642.1224027037007,39.59916843941494,23.231134919745735,1612.0026815262179,1401.8411486251005,14.892196823086074,21.79065395254014,539.4596484663105,2395.0234676292503,9170.762018253701
synthetic-fleet-01-unit-0002,22,0,525.2225888663777,1.317124059660673,48.41883448263722,522.5505114552719,2400.0,8244.405546787402,8.559999950402439,0.02981017303704902,400.0,2400.0,102.0,660.0,39.17914753116967,23.772175223572003,1617.4124323862336,1426.3403690705793,14.63949121416184,21.650789097255146,552.3813055889748,2389.9306961209295,9236.839395604995
synthetic-fleet-01-unit-0002,23,0,532.0400129106526,1.3305828645871374,48.5,520.7131796652961,2380.0,8230.746154072318,8.448565908420134,0.029883891559102503,397.2553633515964,2400.0,101.00454762322964,660.0,39.335895317930586,23.61908447758827,1581.6107828679635,1363.1482870920509,15.157191676204254,22.0,560.0,2400.0,9250.0
synthetic-fleet-01-unit-0002,24,0,528.2936018226577,1.3144485791083718,47.57754760940655,525.4749338192418,2400.0,8300.0,8.7,0.02990003521151624,400.0,2389.832239791552,101.98562239245666,629.305062106957,38.844938644671295,23.597287362109164,1591.0080280225327,1393.7050499385116,14.519827238582478,21.767713908939335,543.0139726830269,2380.0,9085.542121651188
synthetic-fleet-01-unit-0002,25,0,539.0307654279974,1.3303929238192658,47.873066466922054,525.2280689035997,2380.0,8209.357397568627,8.542237709255474,0.030643386690397525,391.8529529263256,2400.0,102.0,660.0,40.0,23.212827273995572,1620.8105501411485,1430.7594104067534,14.425358865218303,21.35383146010882,549.3418111259356,2395.000831583842,9016.650942806984
synthetic-fleet-01-unit-0002,26,0,524.8983309786746,1.2937647312478626,47.622366729314784,530.0,2384.168088441691,8300.0,8.548747986139674,0.03041041849483665,386.8728097657355,2388.784777755277,102.0,646.058320302205,39.211221806402584,24.055085408776765,1631.225028849067,1415.4004770623403,14.684823811023678,21.287939278738822,542.4202561620091,2400.0,9036.187977023133
synthetic-fleet-01-unit-0002,27,0,522.8498010657156,1.282221081927964,47.442019033994185,526.5167524362697,2400.0,8300.0,8.467408418604515,0.030241007073905365,400.0,2400.0,102.0,644.7865169060431,38.66655988551985,23.985956628098506,1619.773484368326,1470.0,14.792145540221156,21.480427685216693,560.0,2400.0,9237.219548185461
synthetic-fleet-01-unit-0002,28,0,520.2542485345424,1.289800009177112,47.85764965309358,530.0,2400.0,8300.0,8.518221214973119,0.03071915011792208,400.0,2400.0,102.0,643.7070839670753,39.10775353059255,23.948137813330643,1621.2999977800257,1435.751624685311,14.893287066678562,22.0,560.0,2400.0,9171.767302443515
synthetic-fleet-01-unit-0002,29,0,512.029578876893,1.3007545889405823,47.868902391269664,530.0,2400.0,8300.0,8.567075761164771,0.030718579340211622,397.62895698606735,2394.868714925121,101.23006115597126,647.7565955538417,38.704457187186364,24.15997131348168,1650.0,1424.7222843710254,14.865941861797538,22.0,560.0,2400.0,9000.0
synthetic-fleet-01-unit-0002,30,0,512.5646621579258,1.3446645406040167,47.66442816811287,518.3133932139745,2394.50349937317,8221.207794052203,8.368711401697693,0.030505585794189896,400.0,2400.0,99.90101207688444,659.1441240702176,39.71605567674376,23.462375187143934,1625.1498952973081,1403.5236310208654,14.348116385658145,22.0,560.0,2400.0,9250.0
synthetic-fleet-01-unit-0002,31,0,524.4523205735225,1.35,48.5,530.0,2388.8651108648587,8300.0,8.585502757994613,0.02976750991901152,398.87172057449783,2400.0,100.85986718996436,656.4890797393277,39.57897689082201,23.563375982516426,1616.1553657217817,1427.8860036357323,14.611677261508337,21.780761952861713,560.0,2380.0,9153.580843707892
synthetic-fleet-01-unit-0002,32,0,517.3999232037347,1.3228978074029079,47.11076108263127,521.3494690825464,2400.0,8300.0,8.557213822357024,0.03056082148799034,400.0,2400.0,102.0,660.0,39.55871543693488,23.929773608532738,1619.4839540504743,1436.0542234138068,15.14350994983442,22.0,560.0,2400.0,9041.79686369515
synthetic-fleet-01-unit-0002,33,0,524.3001601863839,1.3326119597895691,48.10059464045905,530.0,2400.0,8247.97878110933,8.410387967055135,0.031185588430452764,397.59499771473236,2380.0,99.98026439025296,649.5356322291753,38.67930484613409,23.75784256947091,1650.0,1427.1979573869332,15.18742347906749,22.0,557.3649208980285,2400.0,9041.614748667615
synthetic-fleet-01-unit-0002,34,0,518.13004588296,1.3435428370970046,48.08279764385492,530.0,2389.721730940827,8300.0,8.607393660296896,0.030155292137812737,394.8230155218296,2400.0,100.75396171886473,660.0,40.0,23.872402793929364,1650.0,1432.6701325390775,15.070406892292565,22.0,560.0,2400.0,9043.857827142307
synthetic-fleet-01-unit-0002,35,0,527.002572454444,1.3124165945491117,48.32449423397953,530.0,2400.0,8300.0,8.7,0.031294792616490166,388.63102305549387,2400.0,102.0,660.0,39.21140356726283,24.329282249891932,1610.077805614812,1442.8805862428528,14.838959249112627,22.0,560.0,2400.0,9223.29116646091
synthetic-fleet-01-unit-0002,36,0,529.6935193582032,1.3290971558136815,48.5,530.0,2400.0,8262.013401136808,8.635001361723708,0.030715460691548676,396.2707945203333,2400.0,101.14735211604474,659.2027009394847,39.94449334401002,23.34035808832951,1619.8207768272607,1434.9697034457427,15.06185090606372,21.738820430608683,560.0,2400.0,9250.0
synthetic-fleet-01-unit-0002,37,0,517.063112829158,1.3012102575016393,48.5,530.0,2400.0,8255.14713852073,8.434435096321296,0.03166748453927742,392.3423330533114,2400.0,101.97702850274459,653.2567212631824,40.0,23.687483916789372,1633.925924253218,1429.624333498754,14.722155729103124,22.0,555.0686788464029,2385.801539812288,9250.0
synthetic-fleet-01-unit-0002,38,0,534.3709583329578,1.3253541386108596,48.5,530.0,2400.0,8121.832276215833,8.62355539509621,0.030477923570062584,397.57971790488136,2380.0,102.0,637.7892908262729,39.982805060597734,23.93119400326423,1624.0468263912069,1419.9680400556751,14.622021568083037,21.919640794049094,560.0,2400.0,9250.0
synthetic-fleet-01-unit-0002,39,0,519.7923812618577,1.35,47.71745770928425,519.7883398418638,2400.0,8179.909428336095,8.7,0.030867639044036138,400.0,2400.0,101.03920625895937,652.7052044313245,39.42723386961051,24.287609892126312,1646.311280337358,1453.4418998698309,14.624631344630684,22.0,558.0104019372585,2400.0,9238.425269356609
synthetic-fleet-01-unit-0002,40,0,529.9183651516065,1.2954187047964332,48.5,530.0,2400.0,8262.292381767402,8.367398073759471,0.030624481046753107,400.0,2400.0,102.0,660.0,39.682977942122186,24.403861573479762,1611.9612950113901,1449.0966346399084,14.820755655101896,21.833583743345663,560.0,2400.0,9250.0
synthetic-fleet-01-unit-0002,41,0,540.0,1.3184677383555852,47.945572384624995,530.0,2400.0,8300.0,8.7,0.030873616065617084,400.0,2400.0,101.5961445175896,660.0,40.0,23.692577775553616,1595.9629131889321,1470.0,14.789481349314407,22.0,560.0,2400.0,9250.0
synthetic-fleet-01-unit-0002,42,0,525.6432971722542,1.3006487155474928,48.5,530.0,2400.0,8137.629790341416,8.7,0.03092076043434245,400.0,2400.0,102.0,657.8613726458145,40.0,23.397608666910227,1650.0,1402.399350880378,15.06332206257708,22.0,560.0,2393.4711545128725,9107.631759578388
synthetic-fleet-01-unit-0002,43,0,523.903394619972,1.35,47.4378485656873,527.4174556816292,2400.0,8300.0,8.631943832685383,0.030610212579835212,400.0,2400.0,101.05582161438775,647.0601898249165,39.76170428286707,24.059046459373995,1597.6135090469475,1424.5781494695268,14.793547647447141,22.0,560.0,2396.937276625035,9250.0
synthetic-fleet-01-unit-0002,44,0,525.7469676900002,1.35,48.5,530.0,2400.0,8201.504222045422,8.296858286343586,0.030787258173151314,400.0,2400.0,102.0,660.0,39.27511788205662,23.54164735148421,1650.0,1435.941971392088,15.2,22.0,558.3441280444879,2400.0,9250.0
synthetic-fleet-01-unit-0002,45,0,538.0774103310861,1.3467583721394087,48.5,527.7389665942419,2400.0,8300.0,8.7,0.030374012681708824,397.77324063997264,2400.0,102.0,652.087173435818,39.54278177200906,23.90277031978128,1609.001471017384,1460.1955152770197,15.2,22.0,560.0,2400.0,9250.0
synthetic-fleet-01-unit-0002,46,0,534.0658150032298,1.3055367821654174,47.94686594080406,528.8201485278521,2400.0,8106.3474116017005,8.696911776596151,0.03122010960317216,400.0,2400.0,102.0,660.0,40.0,24.5,1600.7741512576622,1470.0,14.59432524734433,21.66717386261514,556.012800100803,2400.0,9250.0
synthetic-fleet-01-unit-0002,47,0,518.3942222732252,1.3384655883402112,48.5,522.0335768377681,2400.0,8300.0,8.64085703989561,0.031146431058579116,400.0,2400.0,102.0,660.0,40.0,24.45393530378295,1616.2662787096394,1434.7644656359216,15.055524327597377,22.0,560.0,2400.0,9197.16782625094
synthetic-fleet-01-unit-0002,48,0,503.6452746743038,1.3300244071240892,48.5,530.0,2400.0,8264.35964246778,8.5410889249014,0.031106334951041103,392.99117045354143,2400.0,101.09510225840464,660.0,40.0,24.173427350315723,1638.1279057181434,1461.622726960357,14.966661488156776,21.47722243214505,560.0,2400.0,9250.0
synthetic-fleet-01-unit-0002,49,0,532.7609416186338,1.311261887153873,48.01805220335019,527.0381702135245,2400.0,8125.632372760546,8.7,0.031690820016403456,400.0,2400.0,102.0,660.0,40.0,24.321934456675034,1650.0,1445.2424588729102,15.106037640428989,22.0,560.0,2400.0,9248.949524145994
synthetic-fleet-01-unit-0002,50,0,528.8353007525376,1.35,48.41277388797615,530.0,2400.0,8300.0,8.7,0.030538336133567805,400.0,2400.0,102.0,655.5863578472827,39.79115412707279,23.92745127558058,1650.0,1435.309593101682,14.737567378722545,22.0,550.7290646830775,2400.0,9250.0
synthetic-fleet-01-unit-0002,51,0,525.2484771685639,1.2785825382357294,47.982497234689056,530.0,2400.0,8269.986031777848,8.7,0.030834862269862463,400.0,2400.0,102.0,649.9310624856528,39.70143161847466,23.719782384251104,1618.1916983483263,1465.3699863016368,14.974834785978267,22.0,560.0,2400.0,9250.0
synthetic-fleet-01-unit-0002,52,0,522.0004747502213,1.3262605062113677,48.5,530.0,2400.0,8188.2706118331,8.39035366905528,0.031086706647829455,400.0,2400.0,101.62697001810727,660.0,39.73350654878216,24.390124403363693,1638.928059606896,1432.3525397338765,15.172094247829031,21.951498848448047,560.0,2400.0,9250.0
synthetic-fleet-01-unit-0002,53,0,532.080419006196,1.325149689665062,48.100797865612755,530.0,2400.0,8300.0,8.455094659571763,0.031430718065423864,400.0,2400.0,100.97393270792988,652.5494946320224,40.0,23.77792830139961,1645.270416166158,1470.0,14.957283023019656,22.0,560.0,2400.0,9008.891484860744
synthetic-fleet-01-unit-0002,54,0,532.9009494681858,1.305847782909539,48.5,530.0,2400.0,8300.0,8.7,0.03073354089857883,400.0,2400.0,102.0,646.1368330072974,40.0,24.316563482215656,1649.2587914509568,1446.0407849938247,14.805396590748284,22.0,560.0,2400.0,9168.785635333585
synthetic-fleet-01-unit-0002,55,0,537.9236324123461,1.3243712660176121,48.5,530.0,2400.0,8300.0,8.56330686826611,0.030822689190070994,397.4474608737906,2400.0,100.92874094422417,656.1641951173839,39.71261832616548,23.613880721823186,1650.0,1456.7633603068955,14.862743940043698,21.95480018625467,560.0,2400.0,9250.0
synthetic-fleet-01-unit-0002,56,0,526.9223903647747,1.3324602958232432,48.149778267276716,529.6297041030747,2400.0,8300.0,8.589136523027351,0.03094796122273459,400.0,2400.0,102.0,655.0095335866562,40.0,24.13059217360422,1620.3721248648903,1414.3430298712178,15.2,22.0,560.0,2400.0,9250.0
synthetic-fleet-01-unit-0002,57,0,525.6240083123531,1.35,48.24034497225404,529.7682793663786,2400.0,8300.0,8.698438067999462,0.03128477371766896,398.211159344155,2400.0,100.69670589658824,652.8806644001731,39.35098979505206,24.281627941124125,1650.0,1453.5446019064832,15.046848729260729,22.0,560.0,2400.0,9250.0
synthetic-fleet-01-unit-0002,58,0,538.8355131472041,1.3448385415356727,48.5,530.0,2400.0,8300.0,8.625369197909977,0.0317564345854956,400.0,2400.0,102.0,660.0,40.0,24.5,1620.9367704630179,1454.2130226840707,15.2,22.0,560.0,2400.0,9250.0
synthetic-fleet-01-unit-0002,59,0,540.0,1.3141136157689415,48.255433837035994,530.0,2400.0,8283.41951512592,8.7,0.030714106123284256,400.0,2400.0,101.03633183525264,660.0,39.95713522524793,24.5,1650.0,1468.5715733891368,14.981525131367974,22.0,560.0,2400.0,9250.0
synthetic-fleet-01-unit-0002,60,0,540.0,1.35,48.5,530.0,2396.836196530735,8081.256623758014,8.578410766565556,0.03042297165873163,400.0,2400.0,102.0,643.1246871298732,40.0,24.5,1650.0,1452.4032695144185,15.2,22.0,560.0,2400.0,9149.124513706392
synthetic-fleet-01-unit-0002,61,0,527.0992353483159,1.3305216471342018,48.33840372238349,530.0,2400.0,8300.0,8.7,0.030519027273713948,396.2460935354432,2390.9147239775407,102.0,660.0,40.0,24.260821156528234,1646.09089869476,1419.4711840488162,15.00872252835172,22.0,553.2814852298236,2394.4803341593324,9250.0
synthetic-fleet-01-unit-0002,62,0,517.9334941306994,1.3115849741216838,48.5,530.0,2400.0,8300.0,8.630179498102938,0.03216820106840145,399.4608380493831,2400.0,100.64100211243087,648.2641959153045,40.0,23.830638399447366,1604.944350498836,1440.9056761616002,15.016310909855108,22.0,560.0,2400.0,9250.0
synthetic-fleet-01-unit-0002,63,0,537.4729479402745,1.3275486598110362,48.5,530.0,2400.0,8300.0,8.7,0.03122991127144524,400.0,2400.0,102.0,660.0,39.403204643833746,24.235766190165087,1608.641177755832,1470.0,14.955989064124802,22.0,559.659345392704,2400.0,9250.0
synthetic-fleet-01-unit-0002,64,0,539.8995066953065,1.3414294688392125,48.5,530.0,2400.0,8269.433342478711,8.7,0.03110555151598815,400.0,2400.0,102.0,656.6361678230888,39.78995562308102,24.05084771561852,1625.7642483866437,1468.696684183295,15.146946413704539,22.0,558.3452911611456,2400.0,9250.0
synthetic-fleet-01-unit-0002,65,0,540.0,1.301504915141603,48.5,530.0,2400.0,8195.287613971332,8.662976516283273,0.03147167613861397,399.62841160365923,2400.0,102.0,660.0,39.382420008287625,24.489952740561762,1650.0,1470.0,15.062348782231217,22.0,560.0,2400.0,9250.0
synthetic-fleet-01-unit-0002,66,0,536.0746589206171,1.337586884606241,48.5,530.0,2400.0,8283.37470829433,8.613540109348293,0.03046754878216283,400.0,2400.0,102.0,660.0,39.753109697856665,24.287229182628582,1635.7656908660306,1452.6361245507755,15.2,22.0,560.0,2400.0,9250.0
synthetic-fleet-01-unit-0002,67,0,540.0,1.35,48.5,524.0179247298224,2400.0,8300.0,8.7,0.03056483486427695,400.0,2400.0,102.0,660.0,40.0,24.5,1633.110557300228,1424.1556538564018,15.085935419259464,22.0,560.0,2400.0,9174.400339318681
synthetic-fleet-01-unit-0002,68,0,530.5704883758644,1.35,48.5,530.0,2400.0,8300.0,8.7,0.03131697544709401,398.68606489415833,2400.0,102.0,660.0,40.0,24.139596143373762,1643.9150109783445,1425.612359797559,14.750342700545666,22.0,560.0,2400.0,9065.214793111649
synthetic-fleet-01-unit-0002,69,0,531.5901877407825,1.3285430955157076,48.5,530.0,2400.0,8300.0,8.7,0.03109483158402224,400.0,2400.0,100.925358078058,660.0,40.0,24.278026212500667,1636.9497108300484,1452.4388576704732,15.2,22.0,560.0,2400.0,9250.0
synthetic-fleet-01-unit-0002,70,0,540.0,1.3441129062672104,48.5,530.0,2400.0,8300.0,8.7,0.0315515583557424,400.0,2400.0,102.0,660.0,40.0,24.5,1650.0,1470.0,15.2,22.0,560.0,2400.0,9194.616083834184
synthetic-fleet-01-unit-0002,71,0,540.0,1.342116303597679,48.5,530.0,2400.0,8300.0,8.677747225164381,0.03161320700021375,400.0,2400.0,102.0,660.0,39.72920232584479,24.3319419062798,1632.7026654045137,1470.0,15.16118151141978,22.0,560.0,2400.0,9250.0
synthetic-fleet-01-unit-0002,72,0,540.0,1.35,48.5,530.0,2400.0,8300.0,8.7,0.03147762604248944,400.0,2390.242825472461,102.0,660.0,40.0,23.85963528816009,1650.0,1470.0,15.032814889075537,22.0,558.3641422284593,2400.0,9250.0
synthetic-fleet-01-unit-0002,73,0,538.0324138890713,1.3353440191041595,48.5,530.0,2400.0,8300.0,8.7,0.030896939949492015,400.0,2400.0,102.0,656.8724552007043,40.0,24.5,1650.0,1470.0,15.2,22.0,560.0,2400.0,9250.0
synthetic-fleet-01-unit-0002,74,0,535.9941009004741,1.35,48.31808257126154,530.0,2400.0,8300.0,8.7,0.03060080598305325,400.0,2400.0,102.0,660.0,40.0,24.5,1647.813013496365,1470.0,15.2,22.0,560.0,2400.0,9250.0
synthetic-fleet-01-unit-0002,75,0,527.5448662465059,1.3472537167881697,48.5,530.0,2400.0,8300.0,8.7,0.031282168219865854,400.0,2400.0,102.0,660.0,40.0,24.5,1650.0,1470.0,15.2,22.0,560.0,2400.0,9250.0
synthetic-fleet-01-unit-0002,76,0,531.2143468503515,1.35,48.5,530.0,2400.0,8300.0,8.685040823792841,0.031894687861876846,400.0,2400.0,102.0,660.0,40.0,24.221015965083453,1650.0,1460.8264117517033,15.2,22.0,560.0,2400.0,9250.0
synthetic-fleet-01-unit-0002,77,0,535.4913051157339,1.35,48.5,522.2823082457984,2400.0,8300.0,8.574486986843349,0.032152031520321346,400.0,2400.0,101.62344967503513,660.0,40.0,23.84442950096572,1650.0,1470.0,15.2,22.0,560.0,2400.0,9250.0
synthetic-fleet-01-unit-0002,78,0,537.9195514658711,1.35,48.5,530.0,2400.0,8300.0,8.7,0.031145288955579605,400.0,2400.0,102.0,658.4500162785355,40.0,24.5,1623.4178179486842,1447.1824602817667,15.2,21.996329891963146,560.0,2400.0,9250.0
synthetic-fleet-01-unit-0002,79,0,534.5572863698849,1.3301458245439048,48.5,530.0,2400.0,8300.0,8.7,0.03135751486234373,400.0,2400.0,102.0,660.0,40.0,23.86667882419307,1650.0,1470.0,15.2,21.457352335308684,560.0,2400.0,9250.0
synthetic-fleet-01-unit-0002,80,0,538.8379767910133,1.309601328557834,48.00139331186186,530.0,2400.0,8300.0,8.7,0.0318995052359247,400.0,2400.0,102.0,660.0,40.0,24.5,1650.0,1462.6503940811074,15.2,21.839978858428434,560.0,2400.0,9250.0
synthetic-fleet-01-unit-0002,81,0,540.0,1.35,48.5,530.0,2400.0,8300.0,8.7,0.03139122749594194,400.0,2400.0,102.0,660.0,40.0,24.5,1621.9085862342156,1470.0,14.911632230876691,22.0,560.0,2400.0,9250.0
synthetic-fleet-01-unit-0002,82,0,530.9534257449718,1.35,48.5,530.0,2400.0,8300.0,8.7,0.032039030526944054,400.0,2400.0,102.0,660.0,39.10844952683596,24.28516558840931,1650.0,1465.0336058748358,15.2,22.0,560.0,2400.0,9214.641029361548
synthetic-fleet-01-unit-0002,83,0,539.5011035644825,1.35,48.5,530.0,2400.0,8300.0,8.7,0.032612212027343365,400.0,2385.5051009821923,102.0,660.0,40.0,24.316803093707975,1650.0,1470.0,15.2,22.0,560.0,2400.0,9250.0
synthetic-fleet-01-unit-0002,84,0,534.580427084559,1.35,48.5,530.0,2400.0,8300.0,8.7,0.032061418678982934,400.0,2400.0,102.0,660.0,40.0,24.5,1650.0,1470.0,15.153612691650576,22.0,560.0,2400.0,9250.0
synthetic-fleet-01-unit-0002,85,0,534.4957082500208,1.3312119440018375,48.5,530.0,2400.0,8300.0,8.7,0.030518933704982442,400.0,2400.0,102.0,660.0,40.0,24.5,1650.0,1455.890524736969,15.023748620076045,22.0,560.0,2400.0,9250.0
synthetic-fleet-01-unit-0002,86,0,540.0,1.35,48.5,530.0,2400.0,8300.0,8.7,0.03142124210827135,400.0,2400.0,102.0,660.0,40.0,24.437568503591322,1646.452597242836,1470.0,15.2,22.0,560.0,2400.0,9250.0
synthetic-fleet-01-unit-0002,87,0,535.2077653696158,1.35,48.5,530.0,2400.0,8300.0,8.7,0.03195464711890192,400.0,2400.0,102.0,660.0,39.853381918153325,24.5,1650.0,1458.7934667366885,15.2,22.0,560.0,2400.0,9250.0
synthetic-fleet-01-unit-0002,88,0,540.0,1.35,48.5,530.0,2400.0,8300.0,8.7,0.0314341559252111,400.0,2400.0,102.0,660.0,40.0,24.44920215425699,1650.0,1470.0,15.2,22.0,560.0,2400.0,9250.0
synthetic-fleet-01-unit-0002,89,0,540.0,1.35,48.5,530.0,2400.0,8300.0,8.7,0.03246657865035307,400.0,2400.0,102.0,659.671693781713,40.0,24.5,1647.2135647231516,1458.7967978160275,15.2,22.0,560.0,2400.0,9250.0
synthetic-fleet-01-unit-0002,90,0,540.0,1.35,48.5,530.0,2400.0,8300.0,8.7,0.03159478505045571,400.0,2400.0,102.0,654.1535884075773,40.0,24.5,1650.0,1470.0,15.015323869599552,22.0,560.0,2400.0,9250.0
synthetic-fleet-01-unit-0002,91,0,536.1664070448496,1.348467116660125,48.5,530.0,2400.0,8300.0,8.7,0.03263531590411426,400.0,2400.0,102.0,660.0,40.0,24.5,1650.0,1457.500876418057,15.054065730258422,22.0,560.0,2400.0,9250.0
synthetic-fleet-01-unit-0002,92,0,540.0,1.35,48.5,530.0,2400.0,8300.0,8.7,0.03178262965896485,400.0,2400.0,102.0,660.0,40.0,24.22585246057032,1628.8524926386492,1459.657614260747,15.2,22.0,560.0,2400.0,9250.0
synthetic-fleet-01-unit-0002,93,0,532.2591724998729,1.35,48.5,530.0,2400.0,8300.0,8.7,0.031148263003068034,400.0,2400.0,102.0,660.0,40.0,24.5,1650.0,1470.0,15.2,22.0,560.0,2400.0,9250.0
synthetic-fleet-01-unit-0002,94,0,540.0,1.35,48.5,530.0,2400.0,8300.0,8.7,0.031882180593703756,400.0,2400.0,102.0,660.0,40.0,24.017139776389122,1650.0,1470.0,15.2,22.0,560.0,2400.0,9250.0
synthetic-fleet-01-unit-0002,95,0,538.8538695622365,1.35,48.5,530.0,2400.0,8300.0,8.7,0.031551291846571586,400.0,2400.0,102.0,660.0,40.0,24.5,1650.0,1470.0,15.072409686424269,22.0,560.0,2400.0,9250.0
synthetic-fleet-01-unit-0002,96,0,540.0,1.35,48.5,530.0,2400.0,8300.0,8.7,0.031375068683930245,400.0,2400.0,101.24488910647183,660.0,40.0,24.39272456322373,1650.0,1456.6766057446641,15.2,22.0,560.0,2400.0,9250.0
synthetic-fleet-01-unit-0002,97,0,540.0,1.35,48.5,530.0,2400.0,8300.0,8.7,0.03193894165051686,400.0,2400.0,102.0,660.0,40.0,24.5,1650.0,1470.0,14.899303156032472,22.0,560.0,2400.0,9250.0
synthetic-fleet-01-unit-0002,98,0,540.0,1.35,48.5,530.0,2400.0,8300.0,8.685796200917217,0.03233494225173247,400.0,2400.0,102.0,660.0,40.0,24.238429935758397,1650.0,1470.0,15.153699978441834,22.0,560.0,2400.0,9250.0
synthetic-fleet-01-unit-0002,99,0,537.4828229249094,1.35,48.5,530.0,2400.0,8300.0,8.7,0.030872725422267287,400.0,2400.0,102.0,660.0,40.0,24.5,1650.0,1470.0,15.2,22.0,560.0,2400.0,9250.0
synthetic-fleet-01-unit-0002,100,0,540.0,1.35,48.5,530.0,2400.0,8300.0,8.7,0.03228322625172985,400.0,2400.0,102.0,660.0,40.0,24.5,1650.0,1470.0,14.9946862063209,22.0,560.0,2400.0,9250.0
synthetic-fleet-01-unit-0002,101,0,540.0,1.35,48.5,530.0,2400.0,8300.0,8.7,0.03195773931521914,400.0,2400.0,102.0,660.0,40.0,24.5,1650.0,1470.0,15.2,22.0,560.0,2400.0,9250.0
synthetic-fleet-01-unit-0002,102,0,540.0,1.3428239651018605,48.5,530.0,2400.0,8300.0,8.7,0.03209622938511875,400.0,2400.0,102.0,660.0,40.0,24.185208614476267,1650.0,1470.0,15.19207410125046,22.0,560.0,2400.0,9250.0
synthetic-fleet-01-unit-0002,103,0,531.4518489767124,1.35,48.5,530.0,2400.0,8300.0,8.7,0.0321439602567311,400.0,2400.0,102.0,660.0,40.0,24.5,1650.0,1470.0,15.2,22.0,560.0,2400.0,9250.0
synthetic-fleet-01-unit-0002,104,0,540.0,1.3492118960295565,48.5,530.0,2400.0,8300.0,8.7,0.03152641889963401,400.0,2400.0,102.0,660.0,40.0,24.5,1650.0,1470.0,15.2,22.0,560.0,2400.0,9250.0
synthetic-fleet-01-unit-0002,105,0,540.0,1.35,48.5,530.0,2400.0,8300.0,8.7,0.03254479609273967,400.0,2400.0,102.0,660.0,40.0,24.5,1650.0,1470.0,14.924351554554542,22.0,560.0,2400.0,9250.0
synthetic-fleet-01-unit-0002,106,0,540.0,1.35,48.5,530.0,2400.0,8300.0,8.7,0.03172071116663916,400.0,2400.0,102.0,660.0,40.0,24.5,1650.0,1470.0,15.2,22.0,560.0,2400.0,9250.0
synthetic-fleet-01-unit-0002,107,0,535.6933989935203,1.35,48.5,530.0,2400.0,8300.0,8.7,0.031348954527067555,400.0,2400.0,102.0,660.0,40.0,24.5,1650.0,1470.0,15.2,22.0,560.0,2400.0,9250.0
synthetic-fleet-01-unit-0002,108,0,540.0,1.35,48.5,530.0,2400.0,8300.0,8.7,0.031238064453990494,400.0,2400.0,102.0,660.0,40.0,24.5,1650.0,1470.0,15.2,22.0,560.0,2400.0,9250.0
synthetic-fleet-01-unit-0002,109,0,540.0,1.35,48.5,530.0,2400.0,8300.0,8.7,0.03342502712533958,400.0,2400.0,102.0,660.0,40.0,24.432961967923102,1650.0,1470.0,15.2,22.0,560.0,2400.0,9250.0
synthetic-fleet-01-unit-0002,110,0,540.0,1.35,48.5,530.0,2400.0,8300.0,8.7,0.03228298102628251,400.0,2400.0,102.0,660.0,40.0,24.5,1650.0,1470.0,15.2,22.0,560.0,2400.0,9250.0
synthetic-fleet-01-unit-0002,111,0,540.0,1.35,48.5,530.0,2400.0,8300.0,8.631920780746531,0.03141905293350305,400.0,2400.0,102.0,660.0,40.0,24.5,1650.0,1470.0,15.2,22.0,560.0,2400.0,9250.0
synthetic-fleet-01-unit-0002,112,0,540.0,1.35,48.5,530.0,2400.0,8300.0,8.7,0.032845048920241794,400.0,2400.0,102.0,660.0,40.0,24.5,1650.0,1459.042700172088,15.2,22.0,560.0,2400.0,9250.0
synthetic-fleet-01-unit-0002,113,0,540.0,1.35,48.5,530.0,2400.0,8300.0,8.7,0.03231968028553175,400.0,2400.0,102.0,660.0,40.0,24.5,1650.0,1442.091674945137,15.2,22.0,560.0,2400.0,9250.0
synthetic-fleet-01-unit-0002,114,0,540.0,1.35,48.5,530.0,2400.0,8300.0,8.7,0.03191804626663296,400.0,2400.0,102.0,660.0,40.0,24.5,1650.0,1470.0,15.165430780495145,22.0,560.0,2400.0,9250.0
synthetic-fleet-01-unit-0002,115,0,540.0,1.35,48.5,530.0,2400.0,8300.0,8.7,0.03283498643095625,400.0,2400.0,102.0,660.0,40.0,24.5,1650.0,1470.0,15.2,22.0,560.0,2400.0,9250.0
synthetic-fleet-01-unit-0002,116,0,540.0,1.35,48.5,530.0,2400.0,8300.0,8.7,0.03166669849958442,400.0,2400.0,102.0,660.0,40.0,24.5,1650.0,1470.0,15.2,22.0,560.0,2400.0,9250.0
synthetic-fleet-01-unit-0002,117,0,540.0,1.344600352489985,48.5,530.0,2400.0,8300.0,8.7,0.031879694284064744,400.0,2400.0,102.0,660.0,40.0,24.5,1650.0,1470.0,15.2,22.0,560.0,2400.0,9250.0
synthetic-fleet-01-unit-0002,118,0,540.0,1.35,48.5,530.0,2400.0,8300.0,8.7,0.0315929544484183,400.0,2400.0,102.0,660.0,40.0,24.5,1621.8684886540973,1470.0,15.2,22.0,560.0,2400.0,9250.0
synthetic-fleet-01-unit-0002,119,0,540.0,1.35,48.5,530.0,2400.0,8300.0,8.7,0.031096872885062014,400.0,2400.0,102.0,660.0,40.0,24.5,1650.0,1470.0,15.2,22.0,560.0,2400.0,9250.0
synthetic-fleet-01-unit-0002,120,0,540.0,1.35,48.5,530.0,2400.0,8300.0,8.7,0.032007986140412024,400.0,2400.0,102.0,660.0,40.0,24.5,1650.0,1470.0,15.2,22.0,560.0,2400.0,9250.0
synthetic-fleet-01-unit-0002,121,0,540.0,1.35,48.5,530.0,2400.0,8300.0,8.7,0.0327520600758725,400.0,2400.0,102.0,660.0,40.0,24.5,1650.0,1470.0,15.172291493372663,22.0,560.0,2400.0,9250.0
synthetic-fleet-01-unit-0002,122,0,540.0,1.35,48.5,530.0,2400.0,8300.0,8.7,0.03151764411360902,400.0,2400.0,102.0,660.0,40.0,24.5,1650.0,1470.0,15.2,22.0,560.0,2400.0,9250.0
synthetic-fleet-01-unit-0002,123,0,540.0,1.35,48.5,530.0,2400.0,8300.0,8.7,0.03186041817615988,400.0,2400.0,102.0,660.0,40.0,24.5,1650.0,1470.0,15.2,22.0,560.0,2400.0,9250.0
synthetic-fleet-01-unit-0002,124,0,540.0,1.35,48.5,530.0,2400.0,8300.0,8.7,0.03212225602948504,400.0,2400.0,102.0,660.0,40.0,24.5,1650.0,1470.0,15.2,22.0,560.0,2400.0,9250.0
synthetic-fleet-01-unit-0002,125,0,538.1035617342983,1.35,48.5,530.0,2400.0,8300.0,8.7,0.03185955821639357,400.0,2400.0,102.0,660.0,40.0,24.5,1650.0,1470.0,15.2,22.0,560.0,2400.0,9250.0
synthetic-fleet-01-unit-0002,126,0,540.0,1.35,48.5,530.0,2400.0,8300.0,8.7,0.032659006061086175,400.0,2400.0,102.0,660.0,40.0,24.5,1650.0,1470.0,15.2,22.0,560.0,2400.0,9250.0
synthetic-fleet-01-unit-0002,127,0,540.0,1.35,48.5,530.0,2400.0,8300.0,8.7,0.03187386715404925,400.0,2400.0,102.0,660.0,40.0,24.5,1650.0,1470.0,15.2,22.0,560.0,2400.0,9250.0
synthetic-fleet-01-unit-0002,128,0,540.0,1.35,48.5,530.0,2400.0,8300.0,8.7,0.03155022847751339,400.0,2400.0,102.0,660.0,40.0,24.5,1650.0,1470.0,15.2,22.0,560.0,2400.0,9250.0
synthetic-fleet-01-unit-0002,129,0,540.0,1.35,48.5,530.0,2400.0,8300.0,8.7,0.03177374209418438,400.0,2400.0,102.0,660.0,40.0,24.5,1650.0,1470.0,15.2,22.0,560.0,2400.0,9250.0
synthetic-fleet-01-unit-0002,130,0,540.0,1.35,48.5,530.0,2400.0,8300.0,8.7,0.03282415345553575,400.0,2400.0,102.0,660.0,40.0,24.5,1650.0,1470.0,15.2,22.0,560.0,2400.0,9250.0
synthetic-fleet-01-unit-0002,131,0,540.0,1.3485716048201495,48.5,530.0,2400.0,8300.0,8.7,0.03181471187978548,400.0,2400.0,102.0,660.0,40.0,24.5,1650.0,1470.0,15.2,22.0,560.0,2400.0,9250.0
synthetic-fleet-01-unit-0002,132,0,540.0,1.35,48.5,530.0,2400.0,8300.0,8.7,0.032664969835128115,400.0,2400.0,102.0,660.0,40.0,24.5,1650.0,1470.0,15.2,22.0,560.0,2400.0,9250.0
synthetic-fleet-01-unit-0002,133,0,538.6031918146007,1.349647267122368,48.5,530.0,2400.0,8300.0,8.7,0.03194804775740778,400.0,2400.0,102.0,660.0,40.0,24.5,1650.0,1469.2993500794028,15.2,22.0,560.0,2400.0,9250.0
synthetic-fleet-01-unit-0002,134,0,540.0,1.35,48.5,530.0,2400.0,8300.0,8.7,0.03253118684952074,400.0,2400.0,102.0,660.0,40.0,24.5,1650.0,1470.0,15.2,22.0,560.0,2400.0,9250.0
synthetic-fleet-01-unit-0002,135,0,540.0,1.35,48.5,530.0,2400.0,8300.0,8.7,0.032488052044769185,400.0,2400.0,102.0,660.0,40.0,24.5,1650.0,1470.0,15.2,22.0,560.0,2400.0,9250.0
synthetic-fleet-01-unit-0002,136,0,540.0,1.35,48.5,530.0,2400.0,8300.0,8.7,0.03274573658517226,400.0,2400.0,102.0,660.0,40.0,24.5,1650.0,1470.0,15.2,22.0,560.0,2400.0,9250.0
synthetic-fleet-01-unit-0002,137,0,540.0,1.35,48.5,530.0,2400.0,8300.0,8.7,0.03285301900631338,400.0,2400.0,102.0,660.0,40.0,24.5,1650.0,1470.0,15.2,22.0,560.0,2400.0,9250.0
synthetic-fleet-01-unit-0002,138,0,540.0,1.35,48.5,530.0,2400.0,8300.0,8.7,0.03240870047822857,400.0,2400.0,102.0,660.0,40.0,24.5,1650.0,1470.0,15.15810944830065,22.0,560.0,2400.0,9250.0
synthetic-fleet-01-unit-0002,139,0,540.0,1.35,48.5,530.0,2400.0,8300.0,8.7,0.032204190117862484,400.0,2400.0,102.0,660.0,40.0,24.5,1650.0,1470.0,15.2,22.0,560.0,2400.0,9250.0
synthetic-fleet-01-unit-0002,140,0,540.0,1.35,48.5,530.0,2400.0,8300.0,8.7,0.03227614933330912,400.0,2400.0,102.0,660.0,40.0,24.5,1650.0,1470.0,15.2,22.0,560.0,2400.0,9250.0
synthetic-fleet-01-unit-0002,141,0,540.0,1.35,48.5,530.0,2400.0,8300.0,8.7,0.03230069775573946,400.0,2400.0,102.0,660.0,40.0,24.5,1650.0,1470.0,15.2,22.0,560.0,2400.0,9250.0
synthetic-fleet-01-unit-0002,142,0,540.0,1.35,48.5,530.0,2400.0,8300.0,8.7,0.033095945619695595,400.0,2400.0,102.0,660.0,40.0,24.5,1650.0,1470.0,15.2,22.0,560.0,2400.0,9250.0
synthetic-fleet-01-unit-0002,143,0,540.0,1.35,48.5,530.0,2400.0,8300.0,8.7,0.03190984031328173,400.0,2400.0,102.0,660.0,40.0,24.5,1650.0,1470.0,15.2,22.0,560.0,2400.0,9250.0
synthetic-fleet-01-unit-0002,144,0,540.0,1.35,48.5,530.0,2400.0,8300.0,8.7,0.03235581874329178,400.0,2400.0,102.0,660.0,40.0,24.5,1650.0,1470.0,15.2,22.0,560.0,2400.0,9250.0
synthetic-fleet-01-unit-0002,145,0,540.0,1.35,48.5,530.0,2400.0,8300.0,8.7,0.03282619891290288,400.0,2400.0,102.0,660.0,40.0,24.5,1650.0,1470.0,15.2,22.0,560.0,2400.0,9250.0
synthetic-fleet-01-unit-0002,146,0,540.0,1.35,48.5,530.0,2400.0,8300.0,8.7,0.03309108490485286,400.0,2400.0,102.0,660.0,40.0,24.5,1650.0,1470.0,15.2,22.0,560.0,2400.0,9250.0
synthetic-fleet-01-unit-0002,147,0,540.0,1.35,48.5,530.0,2400.0,8300.0,8.7,0.03365778613339423,400.0,2400.0,102.0,660.0,40.0,24.5,1650.0,1470.0,15.2,22.0,560.0,2400.0,9250.0
synthetic-fleet-01-unit-0002,148,0,540.0,1.35,48.5,530.0,2400.0,8300.0,8.7,0.03287501077848462,400.0,2400.0,102.0,660.0,40.0,24.5,1650.0,1470.0,15.2,22.0,560.0,2400.0,9250.0
synthetic-fleet-01-unit-0002,149,0,540.0,1.35,48.5,530.0,2400.0,8300.0,8.7,0.03290931035357997,400.0,2400.0,102.0,660.0,40.0,24.5,1650.0,1470.0,15.2,22.0,560.0,2400.0,9250.0
synthetic-fleet-01-unit-0002,150,0,540.0,1.35,48.5,530.0,2400.0,8300.0,8.7,0.031790944391965725,400.0,2400.0,102.0,660.0,40.0,24.5,1650.0,1470.0,15.2,22.0,560.0,2400.0,9250.0
synthetic-fleet-01-unit-0002,151,0,540.0,1.35,48.5,530.0,2400.0,8300.0,8.7,0.03253191886790062,400.0,2400.0,102.0,660.0,40.0,24.5,1650.0,1470.0,15.2,22.0,560.0,2400.0,9250.0
synthetic-fleet-01-unit-0002,152,0,540.0,1.35,48.5,530.0,2400.0,8300.0,8.7,0.03243140171621922,400.0,2400.0,102.0,660.0,40.0,24.5,1650.0,1470.0,15.2,22.0,560.0,2400.0,9250.0
synthetic-fleet-01-unit-0002,153,0,540.0,1.35,48.5,530.0,2400.0,8300.0,8.7,0.0328151842666193,400.0,2400.0,102.0,660.0,40.0,24.5,1650.0,1470.0,15.2,22.0,560.0,2400.0,9250.0
synthetic-fleet-01-unit-0002,154,0,540.0,1.35,48.5,530.0,2400.0,8300.0,8.7,0.03256973639885583,400.0,2400.0,102.0,660.0,40.0,24.5,1650.0,1470.0,15.2,22.0,560.0,2400.0,9250.0
synthetic-fleet-01-unit-0002,155,0,540.0,1.35,48.5,530.0,2400.0,8300.0,8.7,0.03270719507385404,400.0,2400.0,102.0,660.0,40.0,24.5,1650.0,1470.0,15.2,22.0,560.0,2400.0,9250.0
synthetic-fleet-01-unit-0003,1,0,521.0907190586657,1.2908578536568935,48.22128548403654,529.9630192091714,2400.0,8184.191356945723,8.33045949354891,0.029946079448346402,390.1917349956169,2390.9309457997724,101.88789090946172,632.2454012220103,39.21712610938889,24.158590402746988,1591.0526377472893,1364.5887160719392,14.553886326348575,21.722887092940137,556.3021391832684,2400.0,9000.0
synthetic-fleet-01-unit-0003,2,0,512.5064013612844,1.292549480094471,48.15938727691535,530.0,2384.4498634743627,8145.633204146234,8.39269262995733,0.030297918757445867,391.6503087985432,2380.0,98.0430495071301,646.0751246430493,38.46160173679207,23.511961678172362,1569.4472212622613,1368.4882155231342,14.547017050161575,21.710066493752247,547.1432572016337,2400.0,9007.141062353265
synthetic-fleet-01-unit-0003,3,0,530.0535527058129,1.2678003044302382,46.870330856066744,518.4328575546552,2400.0,8227.018012431807,8.373588976318816,0.029892009994181522,390.9116959596042,2390.278763370701,102.0,633.990772717117,39.93160147012618,23.475564645378757,1605.0930005233556,1372.3418067048656,14.380212618388622,21.307368322423308,534.8763634525512,2400.0,9000.0
synthetic-fleet-01-unit-0003,4,0,517.4884758852012,1.3192166441617865,47.56290102078738,530.0,2400.0,8159.333147816331,8.589520892529073,0.03001407247586568,385.7396207125303,2380.0,99.43931887586847,640.5421575392822,38.81174531555613,23.48003446954527,1591.1142569048454,1379.5474441567865,14.545008685105284,21.59969844792179,554.1048397263198,2400.0,9000.0
synthetic-fleet-01-unit-0003,5,0,513.3854393823523,1.3168277333968008,47.674780910632066,528.9287578073057,2400.0,8054.734987636434,8.483227454921401,0.03027086011526714,396.8311914960769,2380.0,100.9857637046755,641.7799136694235,39.06839822740778,23.049508969610393,1627.8134725793673,1377.4796807950297,15.158872781823632,21.599728992945874,536.144498082772,2380.0,9184.565460774927
synthetic-fleet-01-unit-0003,6,0,523.9290806257976,1.3059345377633365,46.38312206607607,530.0,2380.0,8135.601507834854,8.154164612460146,0.03028830693166512,394.0863269426996,2400.0,99.73240714946405,635.6714068797024,38.064185303878936,23.43385365617676,1631.9229894473362,1417.5538779272122,14.585891091346918,21.933822672522844,560.0,2386.031797948752,9021.798567429487
synthetic-fleet-01-unit-0003,7,0,514.0853928307736,1.2999124212043691,46.6863596824428,529.963024102029,2398.2719294338194,8169.814539911084,8.517651170309817,0.030491857842455037,392.97889665874357,2400.0,102.0,646.7484107265396,37.96433138198243,23.661725669295656,1626.8093088774087,1354.0098007004729,14.611232486573488,21.799375688012613,560.0,2380.0,9000.0
synthetic-fleet-01-unit-0003,8,0,514.2766239805272,1.321599952308157,47.184745679043886,522.2624137235592,2400.0,8210.187286960949,8.413890707826711,0.03087718542235204,397.9801903534666,2384.238553883574,101.56674546751718,644.5343405509135,38.746892675112946,23.380552563369093,1580.4693776250642,1409.2826264052553,14.606915511890303,21.660773437256225,550.5240219146175,2400.0,9000.0
synthetic-fleet-01-unit-0003,9,0,523.9477973468414,1.3092209504478733,47.36920267669305,530.0,2400.0,8146.125821788819,8.363786481617005,0.030664479628455036,400.0,2400.0,98.0,658.1533870613748,38.46755343127317,23.21629599092691,1551.230393646087,1426.2078671027264,14.840013349275608,21.85416901971517,560.0,2380.0,9078.535990846683
synthetic-fleet-01-unit-0003,10,0,536.2902843724206,1.327132987866203,47.30917397727526,530.0,2391.38910694888,8117.01917296522,8.568622688676642,0.030680828393756708,383.3898824337932,2380.0,100.82324591575954,648.6235654767568,39.34423026660333,23.998710703645507,1604.1209395434794,1395.5929204421561,14.590611357494392,22.0,553.7697685276324,2400.0,9038.661766107305
synthetic-fleet-01-unit-0003,11,0,534.022035201815,1.2890671854959748,47.40005990046522,523.4049506225748,2398.2757406636247,8121.255912453292,8.459338801285053,0.029522315832920767,398.1654730907408,2400.0,99.87689817067604,649.2405382001754,39.97027574966642,23.58800683995724,1552.2533103335145,1390.443290469694,14.630545615909133,21.930084973404018,547.3521068686113,2380.0,9250.0
synthetic-fleet-01-unit-0003,12,0,523.8740311871073,1.31862402619696,47.79295178973806,530.0,2386.0733776952766,8050.0,8.198940208695522,0.03000994283234271,388.8306353955198,2400.0,101.20588974411497,646.9135955654292,37.79436389658285,23.372555692757985,1631.0147979819408,1416.676275703086,14.734164854632363,21.579190106594105,560.0,2387.390692247261,9250.0
synthetic-fleet-01-unit-0003,13,0,539.1071433579208,1.3288811727525867,48.5,530.0,2380.0,8288.659844461574,8.580861637017339,0.030470834983874907,398.36701583369955,2380.0,100.65327333786674,644.3934878281495,38.911962821698516,23.61261004051454,1609.0950562696137,1407.3361361931693,14.743649513273942,21.493564105042513,539.7170749499609,2400.0,9203.81529020881
synthetic-fleet-01-unit-0003,14,0,515.8905534711478,1.338115810976607,48.143538975314,521.5418294526681,2380.0,8052.758753153862,8.473775238335678,0.030603916531463108,396.34698256330466,2400.0,100.15028655535903,634.7998534920475,39.07523251769942,23.233357478494536,1624.6762270988038,1394.3545720641869,14.575504905672574,21.913109532717073,545.1355952079296,2400.0,9132.901860364973
synthetic-fleet-01-unit-0003,15,0,509.9283694370538,1.2908623775791124,47.399610407589684,527.4482884760557,2400.0,8250.646313324614,8.430174350395097,0.031188275125038762,386.03667838675926,2384.405583338415,98.0,660.0,38.98091936275933,23.447285775948878,1612.1041053000142,1382.1467944964188,14.98511884254034,21.456902473430993,558.2333043403204,2380.0,9000.0
synthetic-fleet-01-unit-0003,16,0,520.7377142616201,1.2985206546898953,48.493438089482176,526.0032574212123,2400.0,8050.0,8.492983033539074,0.030570407687352228,395.606035054927,2400.0,99.24808258390878,646.368982725173,40.0,23.10092752756476,1572.1982954471148,1411.9412006453251,15.020657019658808,21.52530753312736,558.0365318183855,2380.0,9250.0
synthetic-fleet-01-unit-0003,17,0,521.0805398754271,1.310517249837065,48.07557526836172,530.0,2400.0,8230.331916499727,8.570400446973041,0.029800524308291602,390.9921045660229,2400.0,102.0,639.868565377523,39.268328267596914,23.418269854207846,1579.0630890922907,1391.3694081201695,15.16087552783549,21.49148102073804,560.0,2383.824954592351,9208.061235862637
synthetic-fleet-01-unit-0003,18,0,520.9791193628835,1.288971385158124,48.20957397185905,519.1496261974843,2380.0,8176.589649322664,8.395005089688045,0.03018032119307095,400.0,2380.0,98.57670119480471,659.398297056469,39.05652988194197,23.863341713218524,1613.5675990398142,1425.541763133741,14.901009646370005,21.524072166485006,556.2164568241545,2400.0,9194.47346242473
synthetic-fleet-01-unit-0003,19,0,524.9534574808013,1.3208669607915537,47.7919242539975,520.8491345363603,2395.5015579545498,8250.614381146665,8.473753541926234,0.03034187844852027,391.11415686775814,2400.0,101.89348297075566,645.5836473226921,38.84485170032774,23.400580151655376,1643.1966867160165,1408.7007329239286,14.818766593799706,21.392716962061264,560.0,2389.864386820134,9170.25374170078
synthetic-fleet-01-unit-0003,20,0,519.1287827256862,1.2879413841924194,47.30498460419171,510.88326076196773,2400.0,8123.694210448994,8.364246744107557,0.03064756621600715,398.45597989254577,2400.0,102.0,629.9652284814356,39.5117713250278,23.967098042538737,1625.789366542842,1372.6816508430406,14.685594324070394,21.835647640929576,560.0,2400.0,9034.142527030926
synthetic-fleet-01-unit-0003,21,0,511.8608574415197,1.3043570004505107,47.856736271778196,522.4068599010459,2400.0,8090.075437849949,8.664385370937236,0.029825948986009692,393.12985212731,2400.0,100.76385130888272,644.8684650942303,39.95574765770305,24.219416246805743,1548.2976653027465,1402.6345772310638,14.569773782374105,21.513777574240166,549.9801940364196,2380.0,9250.0
synthetic-fleet-01-unit-0003,22,0,516.4067918264456,1.257139567150316,47.31693856158978,530.0,2400.0,8205.264352030164,8.673543296362617,0.031192593228334852,396.1554908432206,2400.0,101.50432411892314,658.4157938900364,39.464224089861354,24.004083112494335,1589.2021981075768,1421.2147326591169,14.570341603304685,21.87582721548981,554.9498060647765,2400.0,9250.0
synthetic-fleet-01-unit-0003,23,0,510.8002877377924,1.3091042740306058,47.555781658991094,530.0,2400.0,8175.952728242252,8.54374829878133,0.030383892452362272,398.95534603822375,2400.0,101.37171579546356,660.0,40.0,23.548296938811696,1608.0009181077983,1407.7940181097495,14.688155827107034,21.657177234693965,557.7509111899038,2397.5585768373467,9076.27770854896
synthetic-fleet-01-unit-0003,24,0,519.2337117379549,1.3085316732155925,48.18048359508323,518.935582456141,2400.0,8300.0,8.41185710471712,0.030747944735808448,400.0,2380.0,100.15778341327307,659.4802104469313,40.0,23.72306493305378,1596.5847370991967,1419.3098466115168,14.433099582631769,21.47301635260127,554.0162413403626,2400.0,9244.132855990316
synthetic-fleet-01-unit-0003,25,0,528.8833133504739,1.3449753311181807,48.04059670936463,523.5608350364807,2400.0,8235.167171479026,8.429965967469975,0.030304457656993633,400.0,2400.0,101.05139963729926,649.658957658326,39.72035009192301,23.460801314294013,1614.5774120330393,1420.555686779636,14.505634211607195,22.0,555.3938543352809,2400.0,9005.799011714973
synthetic-fleet-01-unit-0003,26,0,527.1489951324726,1.3178652778460214,48.5,524.2321893812597,2384.7233760517356,8050.0,8.334853416213118,0.03079171553313188,400.0,2386.6643911396004,100.15459160537402,651.5138119695508,39.364407515885944,23.146094889172552,1565.2690071629036,1434.493497758113,14.889413941876883,22.0,560.0,2391.346652400998,9191.137636358606
synthetic-fleet-01-unit-0003,27,0,516.350496751711,1.318329293190819,47.04891163942684,525.5783361982977,2400.0,8300.0,8.515700898838174,0.030320171957520268,400.0,2392.6733475604647,100.34711711330246,632.6093652491724,39.817402304397504,24.32382597529616,1603.5725190151409,1383.6542155224745,14.318696957922668,21.884753428425313,547.0285032965169,2400.0,9140.82117391689
synthetic-fleet-01-unit-0003,28,0,517.3098526857126,1.3120109132406852,48.5,530.0,2380.0,8300.0,8.530793377187,0.031840531940932816,393.6117458970767,2400.0,102.0,660.0,39.89138490780596,23.77734270152553,1650.0,1399.8985651237854,14.572639054393896,22.0,560.0,2400.0,9250.0
synthetic-fleet-01-unit-0003,29,0,532.8653137207143,1.2928023419643149,48.5,520.9834719536258,2400.0,8153.887519539499,8.690777033023622,0.03051996968659406,400.0,2400.0,101.79237160922489,642.931512607963,39.77289122246396,23.68663259859634,1650.0,1454.3782897731408,14.077608255594559,21.855291010266814,557.861328903749,2400.0,9083.977572065058
synthetic-fleet-01-unit-0003,30,0,530.5727232203449,1.3224075588585615,47.88471681725085,528.8071214071599,2380.6345536362232,8300.0,8.450205449146942,0.03095740044031752,400.0,2400.0,102.0,653.2193755131669,40.0,23.9290279576222,1568.9735622721312,1449.0565759259855,14.495793149195556,22.0,543.9642651399259,2400.0,9250.0
synthetic-fleet-01-unit-0003,31,0,532.9802290321944,1.2726278714262362,48.08909693503623,524.2285075715307,2400.0,8095.567050109648,8.537499421686341,0.0300600467102347,396.8124233977237,2400.0,102.0,660.0,38.399140169258665,23.04528084550425,1625.2233624072746,1440.250307232866,14.914394601392036,21.51200947320694,559.1096086988342,2385.3742065401525,9230.849006110617
synthetic-fleet-01-unit-0003,32,0,535.5662903390001,1.2912675268031644,47.904595600626266,530.0,2400.0,8300.0,8.7,0.03142954256860819,397.13160049131335,2400.0,102.0,652.0025590414568,39.851677977881074,23.66403655483551,1588.278546933618,1441.997316179803,14.646417132854058,21.840091194796713,556.6669696843184,2380.0,9018.52941900945
synthetic-fleet-01-unit-0003,33,0,519.2242416133957,1.3220212917348162,47.77329894500992,530.0,2400.0,8291.907192895475,8.558048411263195,0.030628084488521095,394.49658090222965,2400.0,101.7397659342303,660.0,39.48732369116792,23.98480389296491,1639.2196941773552,1452.3005232623645,15.097287504423253,22.0,560.0,2400.0,9063.487725598347
synthetic-fleet-01-unit-0003,34,0,534.1967213517229,1.2671348195514156,48.5,530.0,2400.0,8159.051926622993,8.7,0.030968957110650185,394.16993589336676,2400.0,102.0,660.0,40.0,23.712233448842788,1586.9006296387117,1446.9019032319004,15.112615822750714,21.868215317543918,560.0,2400.0,9116.48293823327
synthetic-fleet-01-unit-0003,35,0,521.3460691799085,1.3313562191852348,48.5,530.0,2391.668795577819,8300.0,8.389812340724939,0.030346119895712755,393.26108741952004,2400.0,98.42622918089992,657.358735668991,40.0,23.87608012926954,1616.3804751137234,1418.1333968024333,14.910089515262786,21.867614973667518,560.0,2387.503308140392,9162.495963259456
synthetic-fleet-01-unit-0003,36,0,531.2925297825487,1.316193687713532,47.70557733946925,518.9964903068455,2400.0,8300.0,8.38117072263903,0.030331615504892145,400.0,2400.0,100.25236761593224,645.2987372547274,39.8330762817499,23.758183013533802,1650.0,1452.6762013537054,14.869817712699803,21.916179456283455,560.0,2400.0,9138.090729302741
synthetic-fleet-01-unit-0003,37,0,529.7805124475368,1.3147111613097597,47.785401303553314,526.107742903274,2400.0,8142.280860558559,8.467264451753406,0.03143411931380724,396.1753937212911,2400.0,102.0,652.2256619922097,38.66480082786122,23.841493995165028,1629.548050749866,1440.8767517660337,14.838527574204079,21.82431677847936,546.2825064713122,2400.0,9000.0
synthetic-fleet-01-unit-0003,38,0,538.4135398260581,1.3150284179719427,47.40039109853199,530.0,2400.0,8300.0,8.417202798698057,0.030831412556113096,397.9227421175986,2400.0,102.0,651.5660142528244,39.45405468923413,23.981203665516972,1650.0,1427.9277219448072,15.2,21.8682628453775,558.4097429741871,2400.0,9106.759443618046
synthetic-fleet-01-unit-0003,39,0,527.4112712473832,1.3166939036657093,48.13074529199716,521.910157004329,2400.0,8050.0,8.462505854605176,0.030734171233741697,400.0,2380.0,101.40573329585469,653.0986405793334,38.98952361178672,24.085718573843984,1614.834313783692,1421.48370906294,15.195210641441069,22.0,560.0,2400.0,9250.0
synthetic-fleet-01-unit-0003,40,0,515.0771276772199,1.3174200756868415,48.49285845664262,525.1633153823692,2400.0,8300.0,8.684175181261107,0.0314077688487534,400.0,2400.0,102.0,651.3341924523053,39.255550097279546,23.625766327558352,1612.6557813267746,1421.8504256915871,14.874256305779964,22.0,560.0,2380.0,9107.209370175386
synthetic-fleet-01-unit-0003,41,0,538.5002575738339,1.3246331683246995,47.578352406635716,519.7770987897223,2400.0,8300.0,8.7,0.030430748028542565,400.0,2400.0,102.0,649.1740366939426,39.822655201499856,24.146705869287246,1626.4810413213415,1442.688480183885,15.2,21.697745985365724,560.0,2400.0,9136.531170807832
synthetic-fleet-01-unit-0003,42,0,527.093370679567,1.3213189019767235,47.12347789758773,530.0,2400.0,8300.0,8.7,0.030565591195137663,400.0,2400.0,101.85720442762725,660.0,39.67174032109027,24.5,1633.5505450504443,1427.0000728296561,14.996492403527887,22.0,560.0,2400.0,9250.0
synthetic-fleet-01-unit-0003,43,0,520.9509888724189,1.3154447209984623,48.33534416507639,530.0,2400.0,8231.876041088271,8.522053250762509,0.030849033504234062,400.0,2380.0,102.0,648.1847349423772,39.48404187563924,23.817228601198863,1624.5681150656826,1461.6933323555038,14.94919009299052,22.0,560.0,2400.0,9192.858937312067
synthetic-fleet-01-unit-0003,44,0,528.3262669070359,1.305374480927015,48.5,525.9594356275903,2400.0,8287.967379814814,8.7,0.030225054557917345,400.0,2400.0,102.0,660.0,38.84218312756036,24.5,1647.7561298278056,1448.309173905612,14.718812930664326,22.0,560.0,2400.0,9076.536232728908
synthetic-fleet-01-unit-0003,45,0,536.2608701554335,1.33875736805173,48.05567691793472,530.0,2380.718457750435,8300.0,8.64422255805139,0.03121649661310647,392.48416832370043,2400.0,100.29627293320566,660.0,40.0,23.99295325143295,1650.0,1396.9042027121386,14.96104110897849,21.870917215821716,560.0,2400.0,9199.33248771934
synthetic-fleet-01-unit-0003,46,0,534.7306207416397,1.3175060669653318,48.5,530.0,2400.0,8300.0,8.652022636873946,0.03069684811050579,394.7338222967946,2400.0,99.24683397591353,660.0,39.14975120468515,24.242895974092797,1647.9289758469547,1434.358632615224,15.190871255763746,22.0,560.0,2400.0,9181.269551327889
synthetic-fleet-01-unit-0003,47,0,511.8501876383298,1.3185869013634077,48.5,528.3695929705063,2398.8433693128136,8150.447026683937,8.7,0.03077033209446951,394.41856308586733,2400.0,101.91429578985245,660.0,40.0,24.406903686593097,1641.537420872319,1419.8829302075158,14.995989122804783,21.771042678728794,560.0,2400.0,9163.58302831117
synthetic-fleet-01-unit-0003,48,0,536.9803896503804,1.3469422930188102,46.764800637123685,523.6829045669998,2400.0,8300.0,8.624653616465011,0.030331195880212724,400.0,2400.0,102.0,660.0,40.0,24.051969988749274,1591.9280328020134,1466.5835429008125,14.956645465508588,22.0,560.0,2400.0,9250.0
synthetic-fleet-01-unit-0003,49,0,535.1750576008716,1.3144689559143725,48.5,530.0,2400.0,8203.956160315909,8.685350408205352,0.03116744787607076,400.0,2400.0,102.0,660.0,39.29594438136034,24.14060598826101,1640.6131601393654,1453.6301732777151,14.6323339802422,21.92667364811435,560.0,2400.0,9250.0
synthetic-fleet-01-unit-0003,50,0,533.907309655026,1.3334370871330334,48.42409095392156,530.0,2400.0,8209.956549843406,8.544213604586508,0.030156608378360497,386.2774902442322,2400.0,102.0,658.9542408677854,39.794164994171,23.940965207195365,1640.4520287426421,1470.0,15.181574672895048,22.0,557.6344376721945,2400.0,9250.0
synthetic-fleet-01-unit-0003,51,0,532.8874104574775,1.35,48.12185857966593,530.0,2400.0,8300.0,8.7,0.031130230290962475,399.68440878463025,2400.0,102.0,654.0730716802238,39.534273365335984,24.3744300219035,1611.5782254948065,1422.2815405747365,14.774358882825638,22.0,560.0,2400.0,9250.0
synthetic-fleet-01-unit-0003,52,0,537.4865629815705,1.35,48.5,530.0,2400.0,8300.0,8.564295224915282,0.030949170292151378,400.0,2400.0,101.99010284855004,659.3817663412706,40.0,23.941104998340812,1630.0219117657518,1447.6864990830175,14.903838903508975,21.699873721312983,560.0,2400.0,9250.0
synthetic-fleet-01-unit-0003,53,0,540.0,1.2940892245705424,47.70256937301182,530.0,2400.0,8234.70855239082,8.7,0.030815740090794675,400.0,2400.0,101.5680355225577,660.0,40.0,24.160821437767748,1640.1436728463652,1423.5122938848365,15.121771642250906,22.0,560.0,2400.0,9239.788243505085
synthetic-fleet-01-unit-0003,54,0,524.7704854054667,1.3187758493472013,48.5,530.0,2398.773187400014,8300.0,8.519518785018775,0.030793922485865762,400.0,2400.0,102.0,651.4944676641352,39.99717073706973,23.575569187650466,1607.486002087418,1422.4337543131571,14.503887990730838,21.722119172744186,560.0,2400.0,9250.0
synthetic-fleet-01-unit-0003,55,0,525.4459461551456,1.3313469600482741,48.5,530.0,2400.0,8300.0,8.60944491185624,0.03143751422407741,397.21693918950064,2400.0,102.0,660.0,40.0,23.890253777845686,1625.1852154284434,1424.832706639987,14.860215066163589,22.0,560.0,2400.0,9082.553967969472
synthetic-fleet-01-unit-0003,56,0,538.1270176454138,1.345823723528797,48.5,530.0,2400.0,8300.0,8.7,0.03138880206419226,400.0,2400.0,102.0,655.6958959814856,39.807245370810406,24.254223408431425,1650.0,1420.4153163765254,15.04745035317927,22.0,557.9357618114859,2400.0,9184.042760457198
synthetic-fleet-01-unit-0003,57,0,538.218365767175,1.3227704572552101,48.5,525.0241774095447,2400.0,8081.793417297918,8.666756580366624,0.031054836088251478,400.0,2400.0,102.0,660.0,40.0,24.28042360594738,1619.3644148812334,1462.4252590645492,15.2,22.0,560.0,2400.0,9250.0
synthetic-fleet-01-unit-0003,58,0,528.5260342381637,1.35,47.0154253282327,530.0,2400.0,8300.0,8.65680307761397,0.0311358375181351,400.0,2400.0,102.0,660.0,40.0,24.357321188172733,1637.5553600107355,1453.6966479816554,15.2,22.0,560.0,2400.0,9173.150966294836
synthetic-fleet-01-unit-0003,59,0,540.0,1.35,48.5,530.0,2400.0,8300.0,8.63994744360199,0.03083512674592497,400.0,2400.0,102.0,660.0,40.0,24.41388936419008,1641.6547340626257,1461.4695874099252,15.0306195512024,22.0,560.0,2400.0,9171.487798579648
synthetic-fleet-01-unit-0003,60,0,540.0,1.3405800886926595,48.02310248557027,530.0,2400.0,8300.0,8.658861257851125,0.03139775395112556,400.0,2400.0,101.72435086108051,660.0,40.0,23.8195503751828,1650.0,1443.2490567767238,15.2,22.0,560.0,2400.0,9250.0
synthetic-fleet-01-unit-0003,61,0,535.3026449298532,1.35,47.92815656352485,530.0,2400.0,8194.220197738341,8.7,0.031232585964407315,400.0,2400.0,102.0,650.2779201825613,40.0,24.24652685387783,1650.0,1450.181358838899,14.90388003263497,22.0,560.0,2400.0,9250.0
synthetic-fleet-01-unit-0003,62,0,540.0,1.3155198795701517,48.5,530.0,2400.0,8300.0,8.514205160492738,0.03062566155008494,400.0,2400.0,102.0,660.0,40.0,24.323709929327066,1649.0057948260433,1435.0677041284846,15.142867790803459,21.60500182388469,560.0,2400.0,9250.0
synthetic-fleet-01-unit-0003,63,0,540.0,1.3324607956451266,48.5,530.0,2400.0,8092.271455040943,8.7,0.03153435151359327,400.0,2400.0,102.0,646.5287741376679,40.0,24.390872750866492,1647.9260783279344,1470.0,15.122994042698375,22.0,560.0,2400.0,9250.0
synthetic-fleet-01-unit-0003,64,0,540.0,1.347990181797305,48.5,529.8083226756615,2400.0,8300.0,8.7,0.03125050084133583,400.0,2400.0,100.77650960785748,660.0,40.0,24.5,1591.537675279434,1467.5118817773603,15.2,22.0,560.0,2400.0,9250.0
synthetic-fleet-01-unit-0003,65,0,540.0,1.334638169983937,48.5,528.493684543712,2400.0,8300.0,8.7,0.03068650178653343,400.0,2400.0,101.00365163197421,660.0,40.0,24.5,1645.768763104531,1418.6602993642512,14.948191700676714,22.0,556.4830790033933,2400.0,9250.0
synthetic-fleet-01-unit-0003,66,0,536.841960833467,1.3496952099638868,48.221909271061584,530.0,2400.0,8300.0,8.7,0.03209447442298081,400.0,2400.0,102.0,660.0,39.58846772051213,24.5,1650.0,1470.0,15.098819560307218,22.0,560.0,2400.0,9250.0
synthetic-fleet-01-unit-0003,67,0,536.4564722538684,1.35,48.5,530.0,2400.0,8300.0,8.7,0.031171796393792202,400.0,2400.0,102.0,660.0,40.0,24.5,1650.0,1470.0,14.839710723768142,22.0,559.8693156670713,2400.0,9250.0
synthetic-fleet-01-unit-0003,68,0,516.9124071620048,1.3480407151941876,48.443830127679675,530.0,2400.0,8300.0,8.549923085075124,0.031958434079053334,400.0,2400.0,102.0,660.0,40.0,24.5,1650.0,1424.781853234027,15.189038010516285,22.0,560.0,2400.0,9250.0
synthetic-fleet-01-unit-0003,69,0,531.209936088945,1.35,48.5,530.0,2400.0,8300.0,8.7,0.03164638412347796,396.9186661673379,2400.0,102.0,660.0,39.72850549139563,23.94882854343639,1650.0,1470.0,14.901174854322504,22.0,556.1874395740757,2400.0,9250.0
synthetic-fleet-01-unit-0003,70,0,531.7508887622708,1.3363503098171887,48.38199759366852,530.0,2400.0,8300.0,8.7,0.03143814918342739,400.0,2400.0,102.0,655.9996357372543,40.0,24.069272859329917,1650.0,1444.6643414235016,15.2,22.0,560.0,2400.0,9250.0
synthetic-fleet-01-unit-0003,71,0,538.5514553551864,1.2992899315757231,48.5,530.0,2400.0,8300.0,8.7,0.03066393393533344,400.0,2400.0,102.0,660.0,40.0,23.59297614191032,1650.0,1470.0,15.2,22.0,560.0,2400.0,9250.0
synthetic-fleet-01-unit-0003,72,0,530.20974932654,1.35,48.5,530.0,2400.0,8300.0,8.7,0.03079974987166324,396.98236923769747,2400.0,100.79293778580809,660.0,40.0,23.89012538800409,1650.0,1469.9201064014744,15.115507719749903,22.0,560.0,2400.0,9000.0
synthetic-fleet-01-unit-0003,73,0,540.0,1.3378362671387432,48.391677740941205,530.0,2400.0,8219.564903420076,8.7,0.031047241450222376,400.0,2400.0,102.0,660.0,40.0,24.207762868264314,1647.8471993340384,1442.112392084832,15.048283412133515,22.0,560.0,2400.0,9250.0
synthetic-fleet-01-unit-0003,74,0,537.6969878924286,1.35,48.44451030049074,530.0,2400.0,8300.0,8.592912223503347,0.03185365083782533,400.0,2400.0,99.7005647055012,660.0,40.0,23.815317576344235,1650.0,1459.099500534566,15.2,22.0,560.0,2400.0,9250.0
synthetic-fleet-01-unit-0003,75,0,538.0446523944463,1.3302580514762783,48.5,530.0,2400.0,8300.0,8.7,0.030994776209994458,394.7994485062247,2400.0,101.44643736200611,660.0,40.0,24.5,1650.0,1465.8938475603636,15.2,22.0,560.0,2400.0,9250.0
synthetic-fleet-01-unit-0003,76,0,539.8919996137358,1.35,48.5,530.0,2400.0,8300.0,8.673947508654845,0.03142505522562404,400.0,2400.0,102.0,660.0,40.0,23.964492840428267,1629.3997886251857,1470.0,14.964781689964529,22.0,560.0,2400.0,9250.0
synthetic-fleet-01-unit-0003,77,0,534.378748529699,1.348746857607515,48.13138395787583,530.0,2400.0,8300.0,8.7,0.03160276063549109,400.0,2400.0,102.0,660.0,40.0,24.403619933565825,1634.083411009258,1470.0,15.097084507925164,22.0,560.0,2400.0,9250.0
synthetic-fleet-01-unit-0003,78,0,534.9568547044913,1.35,48.5,530.0,2400.0,8300.0,8.638297812715816,0.031025490523043993,399.68252315347155,2400.0,102.0,660.0,40.0,24.5,1650.0,1470.0,15.2,22.0,560.0,2400.0,9250.0
synthetic-fleet-01-unit-0003,79,0,540.0,1.3483621580753162,48.5,530.0,2400.0,8300.0,8.684468395961671,0.030901786311912045,400.0,2400.0,102.0,660.0,40.0,23.936012752178726,1650.0,1459.6646555276175,15.2,22.0,560.0,2400.0,9250.0
synthetic-fleet-01-unit-0003,80,0,537.5850678008482,1.35,48.5,530.0,2400.0,8300.0,8.7,0.031296814671906495,400.0,2400.0,102.0,660.0,40.0,24.322293377302884,1650.0,1462.8069537078177,15.2,22.0,560.0,2400.0,9250.0
synthetic-fleet-01-unit-0003,81,0,533.1695389413645,1.3475154736546122,48.5,530.0,2400.0,8300.0,8.7,0.03140286666311636,400.0,2400.0,102.0,660.0,40.0,24.5,1650.0,1455.7830112538277,14.78074379774476,22.0,560.0,2400.0,9250.0
synthetic-fleet-01-unit-0003,82,0,540.0,1.35,48.5,530.0,2400.0,8300.0,8.7,0.031782147562106434,400.0,2400.0,102.0,660.0,40.0,24.5,1650.0,1457.473769824745,14.967764897661098,22.0,560.0,2400.0,9237.12755618395
synthetic-fleet-01-unit-0003,83,0,540.0,1.35,48.5,530.0,2400.0,8300.0,8.7,0.031701143887475206,400.0,2400.0,102.0,660.0,40.0,24.5,1648.6999988174675,1470.0,15.2,22.0,560.0,2400.0,9250.0
synthetic-fleet-01-unit-0003,84,0,535.1210053318342,1.35,48.5,530.0,2400.0,8300.0,8.7,0.03166010657752176,400.0,2400.0,102.0,660.0,40.0,24.27310269507161,1650.0,1470.0,14.834583076182684,22.0,560.0,2400.0,9250.0
synthetic-fleet-01-unit-0003,85,0,540.0,1.35,48.5,530.0,2400.0,8300.0,8.59730674488205,0.03174887277517835,400.0,2400.0,102.0,660.0,40.0,24.5,1650.0,1470.0,15.2,22.0,560.0,2400.0,9250.0
synthetic-fleet-01-unit-0003,86,0,540.0,1.35,48.5,530.0,2400.0,8300.0,8.693441774230017,0.031212066767112932,400.0,2400.0,101.23896171665486,660.0,40.0,24.395912946097763,1650.0,1456.4018203387977,15.028241952793636,22.0,560.0,2400.0,9250.0
synthetic-fleet-01-unit-0003,87,0,532.408667869707,1.3480485546285734,48.5,530.0,2400.0,8300.0,8.7,0.03080538782407692,400.0,2400.0,102.0,660.0,40.0,24.317431160161775,1650.0,1470.0,15.2,21.851034333092976,560.0,2400.0,9250.0
synthetic-fleet-01-unit-0003,88,0,540.0,1.3283322468181422,48.5,530.0,2400.0,8300.0,8.7,0.030844301484400878,400.0,2400.0,102.0,660.0,40.0,24.5,1650.0,1469.1147382547806,15.186329918549077,22.0,560.0,2400.0,9250.0
synthetic-fleet-01-unit-0003,89,0,534.3628307710796,1.3399955835316668,48.5,530.0,2400.0,8300.0,8.7,0.031904020199800986,400.0,2400.0,102.0,660.0,40.0,24.5,1650.0,1470.0,15.2,22.0,560.0,2400.0,9250.0
synthetic-fleet-01-unit-0003,90,0,540.0,1.35,48.5,530.0,2400.0,8300.0,8.691608807681089,0.031875497445857194,400.0,2400.0,102.0,660.0,40.0,24.21565976127936,1650.0,1470.0,15.2,22.0,560.0,2400.0,9250.0
synthetic-fleet-01-unit-0003,91,0,535.3447827204974,1.35,48.5,530.0,2400.0,8300.0,8.7,0.03204677244316035,400.0,2400.0,102.0,660.0,39.852253718679826,24.30248497568325,1650.0,1469.8247666626935,14.984974596910053,22.0,560.0,2400.0,9250.0
synthetic-fleet-01-unit-0003,92,0,540.0,1.35,48.5,530.0,2400.0,8300.0,8.7,0.032715442934650105,400.0,2400.0,102.0,660.0,40.0,24.5,1650.0,1449.7170371250647,15.2,22.0,560.0,2400.0,9250.0
synthetic-fleet-01-unit-0003,93,0,540.0,1.35,48.5,530.0,2400.0,8300.0,8.7,0.031065037112960648,400.0,2400.0,102.0,660.0,40.0,24.5,1650.0,1470.0,15.063022273064483,22.0,560.0,2400.0,9250.0
synthetic-fleet-01-unit-0003,94,0,534.6736073583172,1.35,48.5,530.0,2400.0,8285.546035713205,8.7,0.03122040539561878,400.0,2400.0,101.84613894614144,660.0,40.0,24.5,1650.0,1470.0,15.2,22.0,560.0,2400.0,9250.0
synthetic-fleet-01-unit-0003,95,0,540.0,1.35,48.5,530.0,2400.0,8300.0,8.7,0.03159176789888755,400.0,2400.0,102.0,660.0,40.0,24.5,1650.0,1468.1126094459055,15.04163465737447,22.0,560.0,2400.0,9250.0
synthetic-fleet-01-unit-0003,96,0,540.0,1.3359629270878215,48.5,530.0,2400.0,8300.0,8.7,0.032103301105816495,400.0,2400.0,102.0,660.0,40.0,23.95454843515015,1650.0,1446.1947770855097,15.112233919369505,22.0,560.0,2400.0,9250.0
synthetic-fleet-01-unit-0003,97,0,540.0,1.35,48.5,530.0,2400.0,8300.0,8.7,0.03199213122111596,400.0,2400.0,102.0,660.0,40.0,24.5,1650.0,1470.0,15.2,22.0,560.0,2400.0,9250.0
synthetic-fleet-01-unit-0003,98,0,540.0,1.3196495306102534,48.5,530.0,2400.0,8300.0,8.7,0.03120216565096192,400.0,2400.0,102.0,660.0,40.0,24.388524195101315,1650.0,1470.0,15.081224864958704,22.0,560.0,2400.0,9250.0
synthetic-fleet-01-unit-0003,99,0,531.3775129241678,1.35,48.5,530.0,2400.0,8300.0,8.7,0.03232755397039636,400.0,2400.0,102.0,660.0,40.0,24.297091165541907,1650.0,1470.0,15.2,22.0,560.0,2400.0,9250.0
synthetic-fleet-01-unit-0003,100,0,540.0,1.35,48.5,530.0,2400.0,8300.0,8.7,0.031132504447899677,400.0,2400.0,102.0,660.0,40.0,24.5,1650.0,1464.9497860271485,15.134769377624238,22.0,560.0,2400.0,9250.0
synthetic-fleet-01-unit-0003,101,0,527.3488731939694,1.3479120146065333,48.5,530.0,2400.0,8300.0,8.7,0.0317610219428856,400.0,2400.0,102.0,660.0,40.0,23.653137390287668,1650.0,1470.0,15.2,22.0,560.0,2400.0,9250.0
synthetic-fleet-01-unit-0003,102,0,540.0,1.35,48.5,530.0,2400.0,8300.0,8.7,0.03181973581165761,400.0,2400.0,102.0,660.0,40.0,24.5,1650.0,1470.0,15.2,22.0,560.0,2400.0,9250.0
synthetic-fleet-01-unit-0003,103,0,539.8165032489771,1.35,48.5,530.0,2400.0,8300.0,8.7,0.03182740776964588,400.0,2400.0,102.0,660.0,40.0,24.5,1650.0,1470.0,15.2,22.0,560.0,2400.0,9250.0
synthetic-fleet-01-unit-0003,104,0,540.0,1.339978387938603,48.5,530.0,2400.0,8300.0,8.7,0.031822616349036596,400.0,2400.0,102.0,660.0,40.0,24.5,1650.0,1470.0,15.2,22.0,560.0,2400.0,9250.0
synthetic-fleet-01-unit-0003,105,0,540.0,1.35,48.5,530.0,2400.0,8300.0,8.7,0.031427124503387,400.0,2400.0,102.0,660.0,40.0,24.5,1650.0,1470.0,15.2,22.0,560.0,2400.0,9250.0
synthetic-fleet-01-unit-0003,106,0,540.0,1.35,48.5,530.0,2400.0,8300.0,8.7,0.03254491639539233,400.0,2400.0,102.0,660.0,40.0,24.5,1650.0,1470.0,15.2,22.0,560.0,2400.0,9250.0
synthetic-fleet-01-unit-0003,107,0,540.0,1.35,48.5,530.0,2400.0,8300.0,8.7,0.03201848069524629,400.0,2400.0,102.0,660.0,40.0,24.400103893274906,1650.0,1470.0,15.2,22.0,560.0,2400.0,9250.0
synthetic-fleet-01-unit-0003,108,0,538.1107577859545,1.3497125452022884,48.5,530.0,2400.0,8300.0,8.7,0.031866636687503974,400.0,2400.0,102.0,660.0,40.0,24.48613507017494,1650.0,1470.0,15.2,22.0,560.0,2400.0,9250.0
synthetic-fleet-01-unit-0003,109,0,540.0,1.35,48.5,530.0,2400.0,8300.0,8.7,0.03193378459861326,400.0,2400.0,102.0,660.0,40.0,24.5,1650.0,1470.0,15.2,22.0,560.0,2400.0,9250.0
synthetic-fleet-01-unit-0003,110,0,540.0,1.35,48.5,530.0,2400.0,8300.0,8.7,0.031706230470466334,400.0,2400.0,102.0,660.0,40.0,24.361139991034424,1650.0,1470.0,15.2,22.0,560.0,2400.0,9250.0
synthetic-fleet-01-unit-0003,111,0,540.0,1.35,48.5,530.0,2400.0,8300.0,8.7,0.03171912197971293,400.0,2400.0,102.0,660.0,40.0,24.5,1650.0,1470.0,15.2,22.0,560.0,2400.0,9250.0
synthetic-fleet-01-unit-0003,112,0,539.3129881991505,1.35,48.5,530.0,2400.0,8300.0,8.7,0.03244355828645061,400.0,2400.0,102.0,660.0,40.0,24.5,1650.0,1464.8289690767274,15.2,22.0,560.0,2400.0,9250.0
synthetic-fleet-01-unit-0003,113,0,540.0,1.35,48.5,530.0,2400.0,8300.0,8.7,0.03297930779198478,400.0,2400.0,102.0,660.0,40.0,24.5,1650.0,1470.0,15.2,22.0,560.0,2400.0,9250.0
synthetic-fleet-01-unit-0003,114,0,540.0,1.35,48.5,530.0,2400.0,8300.0,8.7,0.03239580750506856,400.0,2400.0,102.0,660.0,40.0,24.5,1650.0,1470.0,15.2,22.0,560.0,2400.0,9250.0
synthetic-fleet-01-unit-0003,115,0,540.0,1.35,48.5,530.0,2400.0,8300.0,8.7,0.03219800157012916,400.0,2400.0,102.0,660.0,40.0,24.5,1650.0,1470.0,15.2,22.0,560.0,2400.0,9250.0
synthetic-fleet-01-unit-0003,116,0,540.0,1.35,48.5,530.0,2400.0,8300.0,8.7,0.03225323223578095,400.0,2400.0,102.0,660.0,40.0,24.5,1650.0,1470.0,15.2,22.0,560.0,2400.0,9250.0
synthetic-fleet-01-unit-0003,117,0,540.0,1.35,48.5,530.0,2400.0,8300.0,8.689811993676608,0.032031048281599014,400.0,2400.0,102.0,660.0,40.0,24.5,1650.0,1470.0,15.2,22.0,560.0,2400.0,9250.0
synthetic-fleet-01-unit-0003,118,0,540.0,1.35,48.5,530.0,2400.0,8300.0,8.7,0.03294547660826045,400.0,2400.0,102.0,660.0,40.0,24.5,1650.0,1470.0,15.2,22.0,560.0,2400.0,9250.0
synthetic-fleet-01-unit-0003,119,0,540.0,1.35,48.5,530.0,2400.0,8300.0,8.7,0.03327010173115023,400.0,2400.0,102.0,660.0,40.0,24.5,1650.0,1470.0,15.2,22.0,560.0,2400.0,9250.0
synthetic-fleet-01-unit-0003,120,0,540.0,1.35,48.5,530.0,2400.0,8300.0,8.7,0.03186417488350749,400.0,2400.0,102.0,660.0,40.0,24.5,1650.0,1470.0,15.2,22.0,560.0,2400.0,9250.0
synthetic-fleet-01-unit-0003,121,0,540.0,1.35,48.5,530.0,2400.0,8300.0,8.7,0.03225919322425145,400.0,2400.0,102.0,660.0,40.0,24.5,1650.0,1470.0,15.2,22.0,560.0,2400.0,9250.0
synthetic-fleet-01-unit-0003,122,0,540.0,1.35,48.5,530.0,2400.0,8300.0,8.7,0.03222019913932872,400.0,2400.0,102.0,660.0,40.0,24.5,1650.0,1470.0,15.2,22.0,560.0,2400.0,9250.0
synthetic-fleet-01-unit-0003,123,0,540.0,1.35,48.5,530.0,2400.0,8300.0,8.7,0.03256762594940054,400.0,2400.0,102.0,660.0,40.0,24.5,1650.0,1470.0,15.2,22.0,560.0,2400.0,9250.0
synthetic-fleet-01-unit-0003,124,0,540.0,1.35,48.5,530.0,2400.0,8300.0,8.7,0.03218888151883364,400.0,2400.0,102.0,660.0,40.0,24.5,1650.0,1470.0,15.2,22.0,560.0,2400.0,9250.0
synthetic-fleet-01-unit-0003,125,0,540.0,1.35,48.5,530.0,2400.0,8300.0,8.7,0.0331350103260825,400.0,2400.0,102.0,660.0,40.0,24.5,1650.0,1470.0,15.2,22.0,560.0,2400.0,9250.0
synthetic-fleet-01-unit-0003,126,0,540.0,1.35,48.5,530.0,2400.0,8300.0,8.7,0.03150743691053315,400.0,2400.0,102.0,660.0,40.0,24.5,1650.0,1470.0,15.2,22.0,560.0,2400.0,9250.0
synthetic-fleet-01-unit-0003,127,0,540.0,1.35,48.5,530.0,2400.0,8300.0,8.7,0.031920891291644556,400.0,2400.0,102.0,660.0,40.0,24.5,1650.0,1470.0,15.2,22.0,560.0,2400.0,9250.0
synthetic-fleet-01-unit-0003,128,0,540.0,1.35,48.5,530.0,2400.0,8300.0,8.7,0.03285086855519097,400.0,2400.0,102.0,660.0,40.0,24.5,1650.0,1470.0,15.123358731546041,22.0,560.0,2400.0,9250.0
synthetic-fleet-01-unit-0003,129,0,540.0,1.35,48.5,530.0,2400.0,8300.0,8.7,0.03351180400399292,400.0,2400.0,102.0,660.0,40.0,24.5,1650.0,1470.0,15.2,22.0,560.0,2400.0,9250.0
synthetic-fleet-01-unit-0003,130,0,540.0,1.35,48.5,530.0,2400.0,8300.0,8.7,0.03273833750087892,400.0,2400.0,102.0,660.0,40.0,24.5,1650.0,1470.0,15.2,22.0,560.0,2400.0,9250.0
synthetic-fleet-01-unit-0003,131,0,540.0,1.35,48.5,530.0,2400.0,8300.0,8.7,0.0322485528294819,400.0,2400.0,102.0,660.0,40.0,24.5,1650.0,1470.0,15.2,22.0,560.0,2400.0,9250.0
synthetic-fleet-01-unit-0003,132,0,540.0,1.35,48.5,530.0,2400.0,8300.0,8.7,0.03302597917493278,400.0,2400.0,102.0,660.0,40.0,24.5,1650.0,1470.0,15.2,22.0,560.0,2400.0,9250.0
synthetic-fleet-01-unit-0003,133,0,540.0,1.3414891451646993,48.5,530.0,2400.0,8300.0,8.7,0.032626855288804366,400.0,2400.0,102.0,660.0,40.0,24.5,1650.0,1470.0,15.2,22.0,560.0,2400.0,9250.0
synthetic-fleet-01-unit-0003,134,0,540.0,1.35,48.5,530.0,2400.0,8300.0,8.7,0.03247571294305742,400.0,2400.0,102.0,660.0,40.0,24.5,1650.0,1470.0,15.2,22.0,560.0,2400.0,9250.0
synthetic-fleet-01-unit-0003,135,0,540.0,1.35,48.5,530.0,2400.0,8300.0,8.7,0.03288067360416034,400.0,2400.0,102.0,660.0,40.0,24.5,1650.0,1470.0,15.2,22.0,560.0,2400.0,9250.0
synthetic-fleet-01-unit-0003,136,0,540.0,1.35,48.5,530.0,2400.0,8300.0,8.7,0.03220850811962167,400.0,2400.0,102.0,660.0,40.0,24.5,1650.0,1470.0,15.2,22.0,560.0,2400.0,9250.0
synthetic-fleet-01-unit-0003,137,0,540.0,1.35,48.5,530.0,2400.0,8300.0,8.7,0.0321736433148082,400.0,2400.0,102.0,660.0,40.0,24.5,1650.0,1470.0,15.2,22.0,560.0,2400.0,9250.0
synthetic-fleet-01-unit-0003,138,0,540.0,1.35,48.5,530.0,2400.0,8300.0,8.7,0.03219889854325597,400.0,2400.0,102.0,660.0,40.0,24.5,1650.0,1470.0,15.2,22.0,560.0,2400.0,9250.0
synthetic-fleet-01-unit-0003,139,0,540.0,1.35,48.5,530.0,2400.0,8300.0,8.7,0.03294011291957219,400.0,2400.0,102.0,660.0,40.0,24.5,1650.0,1470.0,15.2,22.0,560.0,2400.0,9250.0
synthetic-fleet-01-unit-0003,140,0,540.0,1.35,48.5,530.0,2400.0,8300.0,8.7,0.03276072094943439,400.0,2400.0,102.0,660.0,40.0,24.5,1650.0,1470.0,15.2,22.0,560.0,2400.0,9250.0
synthetic-fleet-01-unit-0003,141,0,540.0,1.35,48.5,530.0,2400.0,8300.0,8.7,0.03327318390496111,400.0,2400.0,102.0,660.0,40.0,24.5,1650.0,1470.0,15.2,22.0,560.0,2400.0,9250.0
synthetic-fleet-01-unit-0003,142,0,540.0,1.35,48.5,530.0,2400.0,8300.0,8.7,0.03321808358569293,400.0,2400.0,102.0,660.0,40.0,24.5,1650.0,1470.0,15.2,22.0,560.0,2400.0,9250.0
synthetic-fleet-01-unit-0003,143,0,540.0,1.35,48.5,530.0,2400.0,8300.0,8.7,0.03230239132178567,400.0,2400.0,102.0,660.0,40.0,24.5,1650.0,1470.0,15.2,22.0,560.0,2400.0,9250.0
synthetic-fleet-01-unit-0003,144,0,540.0,1.35,48.5,530.0,2400.0,8300.0,8.7,0.03249855761552167,400.0,2400.0,102.0,660.0,40.0,24.5,1650.0,1470.0,15.2,22.0,560.0,2400.0,9250.0
