unit_id,cycle,operating_condition,sensor_1,sensor_10,sensor_11,sensor_12,sensor_13,sensor_14,sensor_15,sensor_16,sensor_17,sensor_18,sensor_19,sensor_2,sensor_20,sensor_21,sensor_3,sensor_4,sensor_5,sensor_6,sensor_7,sensor_8,sensor_9,sensor_1_z,sensor_2_z,sensor_3_z,sensor_4_z,sensor_5_z,sensor_6_z,sensor_7_z,sensor_8_z,sensor_9_z,sensor_10_z,sensor_11_z,sensor_12_z,sensor_13_z,sensor_14_z,sensor_15_z,sensor_16_z,sensor_17_z,sensor_18_z,sensor_19_z,sensor_20_z,sensor_21_z,sensor_1_z_roll_mean5,sensor_1_z_roll_std5,sensor_1_z_delta_first,sensor_2_z_roll_mean5,sensor_2_z_roll_std5,sensor_2_z_delta_first,sensor_3_z_roll_mean5,sensor_3_z_roll_std5,sensor_3_z_delta_first,sensor_4_z_roll_mean5,sensor_4_z_roll_std5,sensor_4_z_delta_first,sensor_5_z_roll_mean5,sensor_5_z_roll_std5,sensor_5_z_delta_first,sensor_6_z_roll_mean5,sensor_6_z_roll_std5,sensor_6_z_delta_first,sensor_7_z_roll_mean5,sensor_7_z_roll_std5,sensor_7_z_delta_first,sensor_8_z_roll_mean5,sensor_8_z_roll_std5,sensor_8_z_delta_first,sensor_9_z_roll_mean5,sensor_9_z_roll_std5,sensor_9_z_delta_first,sensor_10_z_roll_mean5,sensor_10_z_roll_std5,sensor_10_z_delta_first,sensor_11_z_roll_mean5,sensor_11_z_roll_std5,sensor_11_z_delta_first,sensor_12_z_roll_mean5,sensor_12_z_roll_std5,sensor_12_z_delta_first,sensor_13_z_roll_mean5,sensor_13_z_roll_std5,sensor_13_z_delta_first,sensor_14_z_roll_mean5,sensor_14_z_roll_std5,sensor_14_z_delta_first,sensor_15_z_roll_mean5,sensor_15_z_roll_std5,sensor_15_z_delta_first,sensor_16_z_roll_mean5,sensor_16_z_roll_std5,sensor_16_z_delta_first,sensor_17_z_roll_mean5,sensor_17_z_roll_std5,sensor_17_z_delta_first,sensor_18_z_roll_mean5,sensor_18_z_roll_std5,sensor_18_z_delta_first,sensor_19_z_roll_mean5,sensor_19_z_roll_std5,sensor_19_z_delta_first,sensor_20_z_roll_mean5,sensor_20_z_roll_std5,sensor_20_z_delta_first,sensor_21_z_roll_mean5,sensor_21_z_roll_std5,sensor_21_z_delta_first,rul
synthetic-fleet-01-unit-0001,1,0,506.18429344461026,1.301731079846392,48.133991950505795,501.34891889626215,2380.0,8050.0,8.302628352414656,0.030221130216144018,395.83848501536903,2397.240078126714,100.48255785447621,636.2467471398053,38.03427377814908,23.986602299955678,1591.8783111561906,1437.1223812975777,14.0,21.544660036975927,560.0,2385.0405766495655,9020.584519140923,-3.0991515440309962,-2.8578177919754553,-1.9860490287849313,-0.4859491185980999,-4.1965316291601695,-2.358036021400188,0.35494724141344614,-2.3748169682940152,-2.4825983794391266,-1.549289060024194,-0.2132619037739916,-7.493907133614455,-3.4888034394291476,-3.1207557385924765,-2.9569886945129586,-1.3340476009085651,-0.9458445045224481,-0.17681619430972867,-1.3074777023091984,-3.9878013784461297,-0.4374432429356347,-3.0991515440309962,0.0,0.0,-2.8578177919754553,0.0,0.0,-1.9860490287849313,0.0,0.0,-0.4859491185980999,0.0,0.0,-4.1965316291601695,0.0,0.0,-2.358036021400188,0.0,0.0,0.35494724141344614,0.0,0.0,-2.3748169682940152,0.0,0.0,-2.4825983794391266,0.0,0.0,-1.549289060024194,0.0,0.0,-0.2132619037739916,0.0,0.0,-7.493907133614455,0.0,0.0,-3.4888034394291476,0.0,0.0,-3.1207557385924765,0.0,0.0,-2.9569886945129586,0.0,0.0,-1.3340476009085651,0.0,0.0,-0.9458445045224481,0.0,0.0,-0.17681619430972867,0.0,0.0,-1.3074777023091984,0.0,0.0,-3.9878013784461297,0.0,0.0,-0.4374432429356347,0.0,0.0,125
synthetic-fleet-01-unit-0001,2,0,521.0462345791711,1.3098596960982691,47.576475525889094,510.68570291474424,2400.0,8228.857894683386,8.46786146647083,0.02963785451671208,391.9092966242827,2400.0,102.0,625.4035636832192,38.919531171789316,22.957163831104467,1576.7494974063354,1435.1872390334456,14.410342052094569,21.96719171839333,554.2484294821943,2380.0,9233.29980962229,-1.4033184548821633,-4.405619501926799,-2.667841583411306,-0.5574752963523474,-2.5068431300904557,0.2435197463736328,-1.1252858895638247,-3.2945811924529185,0.30175575285870987,-1.1689488245828592,-1.3229525640995918,-4.92477396494964,0.32825626495339183,-0.5403842490413502,-1.4683288351452515,-1.9902313744157272,-2.2390219316530473,0.3400916025288517,0.48680931012541834,-1.952553120793904,-2.816463344543448,-2.25123499945658,1.1991350770976708,1.695833089148833,-3.6317186469511276,1.094461085038729,-1.5478017099513441,-2.3269453060981187,0.48210013873880925,-0.6817925546263748,-0.5217122074752236,0.05057664532238279,-0.07152617775424747,-3.3516873796253126,1.1947901957851141,1.6896884990697139,-1.0572581375132777,1.8395777250278438,2.601555767773821,-0.3851693240751893,1.0466828846510232,-1.480233130977271,-2.8346990803734666,0.6503715199955444,-0.9197642241589032,-1.0904213132902083,1.9688356881725857,2.7843541322978367,-1.3591189423035266,0.2689411596386559,0.3803402354413348,-0.7681072339367917,0.7846697909356096,-1.1096906603256003,-6.2093405492820475,1.8166514853341724,2.5691331686648144,-1.580273587237878,2.699068801162812,3.8170597043825394,-1.8305699938169133,1.824598178242034,2.5803714895511263,-2.212658764829105,1.052641481439118,1.4886598593677072,-1.662139487662146,0.463991995951492,-0.6561837735071621,-1.5924332180877476,0.9144145280014192,-1.2931774271305994,0.0816377041095615,0.3655090083927584,0.5169077968385803,-0.41033419609189004,1.2687525138874685,1.7942870124346166,-2.9701772496200167,1.4391378443839946,2.035248257652226,-1.6269532937395415,1.6822212464259942,-2.3790201016078134,125
synthetic-fleet-01-unit-0001,3,0,533.0484890733899,1.285488703848114,47.324991323571496,518.074342922428,2399.5557482368217,8227.453522783548,8.300055997723751,0.029993035984875915,400.0,2400.0,100.4858130644495,642.8263212627947,38.97737283293531,23.359751337123875,1611.5685377862085,1396.8169514785345,14.69873755264646,21.218589210080577,554.6474670179139,2380.0,9250.0,-0.03379208336738348,-1.9186216491555068,-1.098692614910076,-1.9757069473287,-1.3193007907698946,-4.36567586882356,-1.0225889689493515,-3.2945811924529185,0.5203542559710809,-2.3092743908466518,-1.8235112170991636,-2.891697042800799,0.24346948976195795,-0.5606450332660787,-2.980164201397762,-1.5906530681592794,0.4237964251410577,0.3400916025288517,-1.3036286059894142,-1.8195724296267721,-1.88608838920966,-1.512087360760181,1.5355716075567447,3.065359460663613,-3.060686314352587,1.2558488396104308,0.9391961428199485,-1.9175277423687713,0.7868154144119271,0.8873564138748553,-1.0063771207597159,0.8402257036256543,-1.4897578287306,-2.674225183340173,1.4459000270276536,2.877230838390275,-2.1600640479500384,2.3109664063962647,-2.007639847423372,-0.5976425390332434,0.8265634468899092,-1.3775362103627975,-2.987993117733284,0.5310261224091303,-0.9197642241589032,-0.5534961235364453,1.6742230919705274,3.0029526354102076,-1.675837425151235,0.5806000911177632,-0.7599853308224578,-1.1199085616575823,0.8241030657398383,-1.610249313325172,-5.103459380454964,2.306302406078286,4.602210090813656,-0.9723592282379326,2.1797169083025834,3.7322729291911054,-1.407261673633302,1.4839639678348284,2.5601107053263976,-2.4684939103519907,0.8662458711458997,-0.023175506884803188,-1.6383106811611905,0.33067767117134567,-0.2566054672507143,-0.9203566703448125,1.3315921382270979,1.3696409296635057,0.16778900358265822,0.2984368556509708,0.5169077968385803,-0.7080989993910647,1.0348227408591648,0.00384909631978414,-2.5866423096222686,1.2152596505135576,2.1682289488193573,-1.7133316588962477,1.198881906972054,-1.4486451462740253,125
synthetic-fleet-01-unit-0001,4,0,522.197443706182,1.3204966713846151,47.03027486828189,523.9716922872082,2380.0,8242.494079570259,8.409920807516551,0.030302894510066337,388.09361756477267,2380.0,100.0101870404897,638.0866767895831,39.35756441515336,23.213574289289923,1586.1196608054067,1376.9767954648069,14.704577249602488,21.713103953786046,549.0478608830703,2400.0,9055.875582825442,-1.2719588624548201,-2.595178478574696,-2.245567388834714,-2.709033148721109,-1.295254342850927,-1.3209155814517297,-2.46371231005399,0.3548592906639519,-2.0206531249122346,-0.6712417660342174,-2.4101201194359625,-1.2689674358751404,-3.4888034394291476,-0.3436558755433758,-1.9903424381886754,-1.2420629648670691,-3.4948410825309453,-3.4057231021686043,-1.8660286949051044,-0.9454941549438769,-2.223901814405179,-1.4520552361838408,1.2595245922758054,1.827192681576176,-2.944309355408114,1.0514808248021283,0.2626393134007592,-1.9995376539852567,0.6630395915661325,-0.2595183600497828,-1.4320411277500642,1.093349079393433,-2.223084030123009,-2.329482473217862,1.3671654631032353,2.9012772863092424,-1.9502769313254613,1.9329820722227768,1.0371204399484584,-1.06415998178843,1.151531814035421,-2.8186595514674364,-2.152280015633975,1.7267478250174182,2.729676258957967,-0.9202853738803927,1.5513927262720213,0.46194525452689206,-1.4246885103719806,0.6906765428065142,0.8780472939899766,-1.4424614511021774,0.9321616676292952,-2.1968582156619707,-4.144836394310008,2.6873504877078376,6.224939697739314,-1.6014702810357364,2.1795794855666295,0.0,-1.1413602241108203,1.3232209548373564,2.777099863049101,-2.348956042311162,0.7466001699489933,0.9666462563242832,-1.5392487520876603,0.33489034719035976,0.09198463604149598,-1.5639777733913456,1.6849582325801098,-2.5489965780084973,-0.7255890228551574,1.803295195938516,-3.2289069078588755,-0.9975814232695747,1.0242586090783707,-0.558550992595906,-2.1763552709526706,1.2875995088452887,3.042307223502253,-1.8409741977734804,1.0116236234394371,-1.7864585714695442,125
synthetic-fleet-01-unit-0001,5,0,518.8172349601639,1.3208878601589187,46.50004754721254,526.5513153519731,2400.0,8118.385163899716,8.409572888172207,0.030562415818192558,397.16161871265956,2380.0,100.22111741753456,659.1943264157923,38.62429121426254,23.486152550253433,1558.810615943376,1396.1441017551997,14.490246643689916,21.502481216897657,537.1300897722822,2394.091131459306,9023.297749453906,-1.657660150585854,0.41781639652876135,-3.4762721730130774,-2.0005766273543837,-2.1778155084943975,-2.6177338321878216,-5.530888412820889,-0.7233439124272911,-2.447083330113164,-0.6529379335109069,-3.4654940601134054,-0.5591518114351189,0.32825626495339183,-2.1341673213046897,-1.9934770009255782,-0.9501021109559069,-0.5103737507419436,-3.4057231021686043,-1.6166158015200385,-2.63132362693427,-1.5939766836519624,-1.4931762190642435,1.0946489506119768,1.4414913934451423,-2.271884205020739,1.757835845027158,3.275634188504217,-2.294884557790821,0.8751371852034421,-1.4902231442281462,-1.545748227670928,0.9804109750099279,-1.5146275087562837,-2.299149080273169,1.1859412406457577,2.018716120665772,-2.0837683114979333,1.700415981915235,-0.25969781078763354,-1.9575056679949216,2.2326781484061957,-5.885835654234334,-1.8664927949926384,1.6262272952485115,1.651473055866724,-1.225644965126947,1.5070955322004689,0.03551504932596261,-1.2703383949997658,0.6905761041800165,0.8963511265132871,-1.8470679729044228,1.2125288525938782,-3.2522321563394136,-3.4276994777350303,2.826272504273252,6.934755322179336,-1.2155249718379106,2.075498484433606,3.8170597043825394,-1.339921643549594,1.2289501446105198,0.9865884172877868,-2.277860234034045,0.6658317581031876,0.9635116935873804,-1.4214194238613096,0.391832121491239,0.3839454899526582,-1.3532569688614653,1.5334045361427675,0.4354707537805045,-1.2616158387178467,1.9686363070386226,-3.2289069078588755,-1.1213882989196675,0.9292308572117893,-0.3091380992108401,-2.2673489421489905,1.133505012063419,1.3564777515118598,-1.7915746949491769,0.8830279276568742,-1.1565334407163277,125
synthetic-fleet-01-unit-0001,6,0,530.5592845764189,1.2536876285847427,48.16594507029408,510.820206664179,2400.0,8089.998950089539,8.427158248436433,0.02957116680657915,384.57239182563086,2400.0,100.92425899766678,653.7420761282756,39.47282034806045,22.837019200959954,1650.0,1387.463143118279,14.683175880235204,21.711908873350282,544.581257392905,2380.0,9250.0,-0.3178246544428405,-0.3604607904144538,0.6332531432970843,-2.3214397504695925,-1.383379962683596,-1.3282737714700157,-3.613244328937038,-3.2945811924529185,0.5203542559710809,-3.797255626295548,-0.14966184280412584,-4.887763572152868,0.32825626495339183,-2.5436934254878136,-1.835042536457558,-2.065254889580505,-4.653749535996703,0.3400916025288517,-0.7851918102623574,-0.6805153608457556,-3.094116160969665,-0.9369108411466123,0.7155704023732212,2.7813268895881555,-1.772412804708539,1.8988687642372595,2.4973570015610016,-1.7710241233744177,1.5945158050741075,2.6193021720820155,-1.9128463540452265,0.8138704956398497,-1.8354906318714925,-1.736518746977854,0.5660465054320766,2.8131516664765734,-1.877815861511899,1.7211279158775306,1.0297622499301724,-2.7511439820650185,1.883091211597908,-3.968191570350484,-2.050445639824419,1.745731266793,-0.9197642241589032,-0.6250544380449055,1.4790524213947684,3.0029526354102076,-1.7199317082540369,1.3420514060892939,-2.247966566271354,-1.8343479607104498,1.2340949293828725,0.06360006096986576,-2.9064707654427133,2.0118778964024004,2.606143561461587,-0.4521130309614029,1.6979585090657783,3.8170597043825394,-1.2245091809286617,1.0310637805241782,0.5770623131046628,-2.053471002422965,0.5604567627245107,1.1219461580554007,-1.5676608815956974,0.4780395112853315,-0.7312072886719401,-2.094837975156316,2.0846385904385567,-3.7079050314742554,-1.1582342793501306,2.051667209997349,0.5169077968385803,-1.016931120510299,0.9324326043076288,0.522285892046841,-1.6058917386289155,0.7921159192693116,3.307286017600374,-2.322909278555983,0.6265607246658904,-2.65667291803403,125
synthetic-fleet-01-unit-0001,7,0,527.1976055955985,1.3065678860568046,47.314279902394944,526.9306795919978,2380.0,8209.867719676553,8.460380047683563,0.030013775065374122,400.0,2400.0,101.40496076069371,636.4625557370877,38.54628635600363,22.928187630605922,1635.1386860945395,1437.1534518120015,14.654723068382726,22.0,560.0,2380.0,9209.136120013267,-0.7014115896322372,-2.8270123631792674,-0.03648430870937973,-0.4848006990845648,-1.5005417030119967,0.44552252627941374,0.35494724141344614,-3.2945811924529185,-0.014536831760809263,-1.3229735401560199,-1.8448314213363852,-0.4547649850799904,-3.4888034394291476,-0.8143542980344958,-1.5357323208408413,-1.5673216519634112,0.4237964251410577,0.3400916025288517,-0.21678995533963216,-2.8106604537152764,-2.8834270004977296,-0.7965294680966271,0.6684970435287353,2.397739954398759,-1.4566913769590326,1.4232720184432743,0.03080542879618786,-1.2447526684340326,1.6575178129608725,1.9495647200755515,-1.89831143459167,0.8442108895138588,0.001148419513535115,-1.5352584615621623,0.3678965829144413,2.695989926148173,-1.8374153055307427,1.784572826304341,2.803558547679602,-2.4550973558695643,2.2776248688051597,0.0,-2.050445639824419,1.745731266793,-0.9197642241589032,-0.6883129549688093,1.4356297118980506,2.4680615476783174,-1.750736651368669,1.3279360708317862,0.2263155198681741,-1.9387237321578084,1.2016732419692793,-1.6315695175623937,-2.0124689694687836,1.8796095374060553,7.039142148534465,-1.2155249718379106,2.075498484433606,0.0,-1.2793031907272907,0.992164082450364,2.3064014405579805,-2.066951699562083,0.5434152353490163,1.4212563736721173,-1.4830789371052344,0.41825556314450735,-0.2332740510548461,-1.5622743037974953,2.3604809954634742,1.3696409296635057,-1.1582342793501306,2.051667209997349,0.5169077968385803,-1.1576509736033094,0.6628918581682868,1.0906877469695662,-1.7775132052131901,0.960964934615603,1.1771409247308533,-2.336302009746839,0.6403126269818589,-2.445983757562095,125
synthetic-fleet-01-unit-0001,8,0,507.16001066842904,1.3287124277418307,46.95475986989878,530.0,2400.0,8300.0,8.363558587083089,0.030103993754070187,394.81401872470667,2380.0,98.0,642.2992155487159,39.20366271084348,23.029428772327964,1571.8958932822243,1414.9064938571598,15.2,21.736054908790706,559.933435523348,2400.0,9046.221336854565,-2.9878165886020254,-1.9938629405016228,-2.886573283704365,-1.3070864290088988,0.7447757229226796,-1.179605019441334,0.33781610420814,0.3548592906639519,-2.1470231644256077,-0.28682422061123203,-2.560426522476655,0.38979700220054125,0.32825626495339183,0.4859783870088814,-2.40804065167746,-1.4658258419251946,-1.2830176176636339,-3.4057231021686043,-4.242957864794501,-1.299321389595234,-2.649459921790012,-1.3873343691435553,1.0322635273696488,0.11133495542897087,-1.4717396352282557,1.42975998124309,0.8639548514738324,-1.6023288021928905,1.8044666204623974,-0.9005242549194339,-1.76458733092771,0.8810383598666399,-0.8211373104107988,-1.1224431588236476,1.100139466028111,4.941307352082849,-1.2002011356542974,1.0896334354568666,1.1784310019588542,-2.183016341238066,2.555799537144434,-0.017131137205306124,-1.320557543201045,1.8550098376282105,2.729676258957967,-1.2217884390481468,1.3682204926967898,0.33557521501351895,-1.346246617321585,1.4200942832390184,1.2624648394129618,-2.0861067932333066,1.228892379773755,-2.347164618702663,-1.3561701604685152,2.0600926685868166,7.883704135814996,-1.198567616799624,2.090689703434318,3.8170597043825394,-1.0699785066722989,1.2568038481256578,3.606734125601358,-1.9525269896180226,0.31548375574464266,0.5489480428354985,-1.4581134918584175,0.4139323533938594,-0.1317782410166295,-1.9036371123584335,2.1117733448951044,-0.3371731131411858,-1.9073972202896219,2.051667209997349,-3.2289069078588755,-1.745516825364327,1.5433389378102018,-2.935480162485303,-1.6734629972068826,0.983181141433005,2.6884799888508955,-2.4889763162629093,0.5955731263868581,-2.2120166788543774,125
synthetic-fleet-01-unit-0001,9,0,522.0807107646401,1.3094881674788887,46.05188700887545,525.1352139561868,2400.0,8300.0,8.498955124319878,0.029579198602520045,390.27896053437547,2380.0021721731887,100.28522390659863,642.9844546160604,38.54169105784322,22.967896569724253,1633.4709536494956,1449.224776351603,14.558859324312806,21.93788432993827,560.0,2384.440761713475,9029.410939143896,-1.2852787634736704,-1.896049027787915,-0.11164205623275118,-0.038623836146798776,-1.8952852224877337,0.06307219929768165,0.35494724141344614,-2.4842664138014023,-2.3670642354052815,-1.18633275294037,-4.357520809031301,-0.9488098627411642,0.32825626495339183,0.4859783870088814,-1.1881920079408945,-2.0562191382648427,-2.775599367056068,-3.4053162742550387,-1.540813609601384,-2.8212252596593523,-2.7916601127871408,-1.3899983493473254,1.0319084643153738,1.8138727805573258,-1.3319137450708993,1.322594197395807,0.9617687641875403,-1.1755437356724978,1.865614025439354,1.8744069725521801,-1.2305054684128478,0.9702666217924546,0.44732528245130115,-1.2424493347510088,1.1550585610252166,2.301246406672436,-0.9234035795044152,1.2193653267772042,2.4211082206978696,-1.6192844309445786,2.7794759255483257,0.0,-1.8883826840941158,1.6354904314879322,-0.10944944550738711,-1.2910706611467564,1.4263222811174128,0.1155341440338451,-1.4492648147028153,1.3769121470662198,0.362956307083824,-2.4755869311523746,1.6075267517761092,-4.144258905257309,-1.2921386458417201,2.068439335303407,6.54509727087329,-0.4351556759231161,1.707040994634922,3.8170597043825394,-0.9040516541618471,1.4207412096541074,3.606734125601358,-1.7920969035684664,0.4615758047359116,1.7687966865720641,-1.6209447265379722,0.464715625909648,-0.7221715373562776,-1.7597887692634582,1.9977032443975882,-1.82975486253362,-1.907315854706909,2.0515929404450373,-3.22850007994531,-1.6804738083035828,1.5438432266057767,-0.23333590729218567,-2.048609218149978,0.9937714485537997,1.1665761187867774,-2.602527975939302,0.5864538531640293,-2.354216869851506,125
synthetic-fleet-01-unit-0001,10,0,529.5297625002894,1.297484780761943,46.9979990622936,517.8049253226411,2380.0,8300.0,8.5193933605151,0.029296882620870927,399.07687887085217,2400.0,100.6152616565538,660.0,39.18227410071068,24.097029112778177,1599.7668578314174,1378.6646700417723,14.740447387246675,21.21975644916827,552.1516415508521,2400.0,9000.0,-0.4352990534397274,0.5328216398036902,-1.6305451222050977,-2.646646408864,-1.1475498637997237,-4.358489099843845,-1.6649184916500668,0.3548592906639519,-2.7520411204931006,-1.7479745857630506,-2.47436246078817,-2.965830672802765,-3.4888034394291476,0.4859783870088814,-1.0040546938565058,-2.3738239456317816,0.11997810748812301,0.3400916025288517,-1.1505631805457894,-1.3484948072013687,-0.18224818717443422,-1.1455261299181,1.0954810461965792,2.663852490591269,-1.3089126964159135,1.3610711673095117,3.3906394317791455,-0.8063983255109018,1.4277951549334924,0.35550390657983355,-1.359719424714771,1.1285647533848586,-2.1606972902659,-1.0363962058120744,1.03180033054686,3.0489817653604456,-1.2715546330356198,1.8888104025483121,-2.0004530784436567,-0.8460904467104144,1.7758264099425123,-2.019865733063513,-1.6727420434758673,1.8802679725475713,2.729676258957967,-1.3520622192227436,1.4930715438264395,-0.2694427410539739,-1.6682721451532445,1.303727177615867,-0.19868552573885667,-2.2773606112873273,1.513289962022067,-2.2611005570141782,-1.7734744181152493,2.134204758725741,4.52807646081169,-1.198567616799624,2.0906897034343177,0.0,-0.38002251249913305,1.3341653377192122,3.606734125601358,-1.594212442154652,0.5560742249019887,1.9529340006564528,-1.905689093473147,0.379223872868697,-1.0397763447232165,-1.6337183976174448,2.112835176965838,1.0658226120105712,-1.1581529137674176,2.051555800626886,0.5169077968385803,-1.5872632841087329,1.562617519790355,0.15691452176340892,-1.7920434542033976,0.9710562442398094,2.639306571244761,-2.3201822766437963,1.2059949797511242,0.2551950557612005,125
synthetic-fleet-01-unit-0001,11,0,514.2561898819073,1.3152377144102843,46.72273207189226,522.6561315002255,2380.0,8300.0,8.484701446994784,0.029826396691471465,400.0,2398.402131830426,102.0,635.6313366856643,39.210157881440274,23.65644376624854,1605.1827337432783,1399.2173547504526,14.721493014799076,22.0,554.9172914311441,2400.0,9000.0,-2.1781016659152375,-2.9456640741171376,-1.386474176885778,-1.8869839245869608,-1.2255993470742546,0.44552252627941374,-0.9531465384386847,0.3548592906639519,-2.7520411204931006,-0.9173098386081848,-3.0222588004418647,-1.6309604782912073,-3.4888034394291476,0.4859783870088814,-1.3166098338921337,-1.7781218765927407,0.4237964251410577,0.040825698240897025,0.48680931012541834,-1.2843886878349944,-1.2004357016137714,-1.5175815322125796,1.059399745546638,0.9210498781157588,-1.8259533531564505,1.401142189494051,-0.08784628214168233,-1.2103437895474742,1.1834724299635064,0.5995748518991533,-1.2728282595382447,1.0499982268148533,-1.4010348059888609,-1.004840082690206,1.0208904012019147,2.970932282085915,-0.916795373485734,2.036313163310938,2.803558547679602,-0.31407088861074384,0.9425144694975058,-1.3080937798521308,-0.942853946852493,1.7999133570425776,2.729676258957967,-2.00654129451558,1.1433868229279547,-0.2694427410539739,-1.0922829876157716,0.5411502539701827,0.6319792214160092,-2.8518800028148754,0.9404247236251626,-2.808996896667873,-1.122113799342917,1.2668346200590705,5.862946655323247,-1.9619795576761319,2.0906897034343177,0.0,0.22591185000020597,0.5815264554243633,3.606734125601358,-1.490525901641567,0.548220702540441,1.640378860620825,-1.848262490875594,0.3706636147236082,-0.44407427568417557,-0.6182092053898927,1.3975670387940617,1.3696409296635057,-1.2180060946250086,2.000651511226467,0.2176418925506257,-1.3328630600311777,1.8098311495526713,1.7942870124346166,-1.9128181196012453,0.8247858780301667,2.7034126906111355,-1.9414461847726172,1.1995154400104793,-0.7629924586781367,125
synthetic-fleet-01-unit-0001,12,0,518.5335644360008,1.347903485200966,48.49492742495759,521.1377006569595,2385.0409115692923,8159.869304928243,8.548990772080769,0.02984216655611155,395.36021667348456,2400.0,100.2713767026476,641.5677998680652,39.30961127721314,24.260031091574955,1610.1647152845878,1410.1909793988457,14.910248012871856,21.565780063715017,560.0,2400.0,9000.0,-1.6900285913525361,-2.0982682976302747,-1.161957041681877,-1.4813799326957577,-0.44835229730808007,-2.227998606940985,0.35494724141344614,0.3548592906639519,-2.7520411204931006,0.6111307432105627,0.5051505183438161,-2.04877575987383,-2.526730418204069,-1.5356782528292967,-0.7373982261703818,-1.760380816409185,-1.1032525395352935,0.3400916025288517,-1.5571871222793854,-1.0557406675885936,0.1944474540833962,-1.7153049325566392,0.9562221474732556,1.40912295267846,-1.6802045400466519,1.3056244143648355,0.7595494943451806,-1.4354383361419738,0.9966801633444801,0.8240919871030543,-1.4721441062604832,0.9531339669514657,-0.9954308140976578,-0.7944022015494225,1.0014248467632965,3.7481793318520893,-1.4514996001298137,1.937787785449,0.13003741445920314,-0.31407088861074384,0.9425144694975058,0.0,-0.21296585022911896,1.2696956143703024,2.729676258957967,-2.554042152262038,0.2820620375525489,-0.2694427410539739,-0.705462130942455,0.9043813798720296,2.1604198032347566,-2.381883614878835,1.781054371319864,0.7184124221178076,-1.4409159543016852,1.2574432092032952,5.445131373740624,-1.7695649534311162,1.9549021211512718,0.9620730212250788,0.08164705904124578,0.9041123347683951,1.5850774857631797,-1.3308590827074753,0.6402878190034713,2.219590468342577,-1.886874323764749,0.3431133656180289,-0.42633321550061987,-0.9236189983251629,1.274351806363854,-0.1574080350128454,-1.2180060946250086,2.000651511226467,0.5169077968385803,-1.6009424934191283,1.6990677117484358,-0.24970941997018703,-1.5618341623759089,0.7130215966338876,2.9320607108575363,-1.3258712938563924,1.3725342173305701,0.6318906970190309,125
synthetic-fleet-01-unit-0001,13,0,509.8189142256005,1.330738447970163,47.65798668936899,517.8030387613151,2400.0,8084.128015657289,8.454512501586025,0.03023788752300674,390.3101123414201,2400.0,98.58810653167829,654.0911638220105,39.11556507478638,23.074696428395345,1619.5107291984816,1410.2553902062523,15.063326851239035,21.92032565371418,559.7752454967818,2380.0,9250.0,-2.6844203772806607,-0.31063054162735776,-0.7407711637085781,-1.4789991987594207,0.18198902725195695,-0.04503774230958886,0.2971040730179782,-3.2945811924529185,0.5203542559710809,-0.1920261655948176,-1.160711286834801,-2.9663497838015704,0.32825626495339183,-2.628393023751665,-1.588595697521038,-1.315195670574921,-2.765346660981744,0.3400916025288517,-3.5475561225725043,-1.5018619857840962,-2.544846905086696,-1.6546256902923666,0.8600773452858607,0.4147311667503355,-1.3435580602717987,1.4168025205359704,2.5471872503480975,-1.0062779121428165,0.5977796184216932,1.2452778650763532,-1.5065266602105878,0.948782060225025,-0.9930500801613207,-0.9069595406835671,0.7956651730459229,4.378520656412126,-1.2245861447034647,2.0412524169593214,2.3129982790905994,-0.3222132948487762,0.9356255646982071,-0.05784316839546794,-0.942853946852493,1.7999133570425776,-0.9197642241589032,-2.020566668182701,1.430166452728674,3.0029526354102076,-0.6865025199391721,0.9162674524034908,1.3572628944293763,-2.101940567750464,1.8544650462559142,-0.9474493830608095,-2.1121453115021076,0.8728327283513477,4.527557349812884,-1.7695649534311162,1.9549021211512718,3.8170597043825394,-0.5412272231108635,1.458650748659274,0.4923627148408114,-1.1669700918761907,0.32081302504937365,1.3683929969919206,-1.856748289494694,0.3923977240671332,0.018851930333644074,-1.2200848069887849,1.526370174860154,-1.8195021564592961,-0.4688431536855173,1.6466453053015166,0.5169077968385803,-1.4618621449747289,1.4369818229912574,-2.240078420263306,-1.6023422816136812,0.7000139920988377,2.4859393926620337,-1.304948690515729,1.347889704232073,-2.1074036621510612,125
synthetic-fleet-01-unit-0001,14,0,521.7946767727685,1.31332265444546,47.16092504916568,511.1163842904068,2400.0,8279.08667124546,8.347658665989075,0.030230169074074283,397.93020774931296,2389.0072993971007,99.3186625168079,646.0030307289688,39.27823865705332,23.701027238121096,1638.6444650163244,1395.2559226547698,14.696194359806647,21.328558042689817,560.0,2400.0,9203.512789595645,-1.3179168895196127,-1.465164750316783,0.12150652960482021,-2.033405250547855,-1.329773038667504,-3.6885904256912956,0.35494724141344614,0.3548592906639519,-0.08814387359663745,-1.006916031757892,-2.1500716632918024,-4.80626658541182,0.32825626495339183,0.18426312101321496,-2.5512902323379474,-1.3238789072519417,-0.25741515115048147,-1.7187393756049834,-2.6837161930956728,-1.1278677923965568,-1.0974038264764066,-1.661153315501555,0.8566905471360337,1.7812346545113835,-1.2573812047775725,1.3875992932535273,1.3926530416586722,-0.959648194975302,0.68738902168896,2.1075555583897514,-1.905482943090799,0.48160703925314907,-1.547456131949755,-0.793857103919521,0.646211084930209,2.8667585904926653,-1.9749186697012604,2.136884666662653,-1.3305544042911075,-0.3222132948487762,0.9356255646982071,0.0,-0.3750288059594221,1.6320794000177994,2.729676258957967,-1.5647825958209718,1.6398937480743614,2.3944545058424893,-0.6506191757026765,0.8950671290609902,0.542373028266302,-1.6604507386025644,1.3871076438434837,-1.9368097595178109,-2.8836366560362388,1.2223229407012994,2.6876405482026344,-1.7695649534311162,1.9549021211512718,3.8170597043825394,-0.6015702763099968,1.4109949043020913,3.3050188596056915,-1.4395897367556012,0.6992797215458634,0.40569846217501127,-1.710280243292114,0.43382041550708134,0.010168693656623429,-0.7164479638076676,1.2804374851446072,0.6884293533719665,-0.13152777395550624,0.8966912646802334,-1.5419231812952547,-1.6904426616735868,1.5398957559280084,-1.3762384907864744,-1.263670788161122,0.17750829621319003,2.859933586049573,-0.9660974332535824,1.0637069337739875,-0.6599605835407718,125
synthetic-fleet-01-unit-0001,15,0,528.7026775292895,1.2934321317760726,47.64343920978404,530.0,2390.9613018825044,8067.063360528322,8.690871440245997,0.02961375449968953,388.49036745042565,2380.0,100.70850269584011,654.6718047028899,38.96484896734914,23.62072421707503,1580.5947229891347,1438.6706488468799,14.540652441012442,21.62123421613365,560.0,2400.0,9000.0,-0.5296742126911378,-0.22774741492466272,-2.4945532994414896,-0.42872249397461837,-1.9702567277465683,-1.8865636887645463,0.35494724141344614,0.3548592906639519,-2.7520411204931006,-1.937599169048187,-1.1896668503193977,0.38979700220054125,-1.3968062532651546,-2.874583719732725,0.5408688858689222,-2.0173438362015466,-3.3642624629088833,-3.4057231021686043,-1.0403110788028354,-1.8483653838527807,-1.2829831564402652,-1.680028347351837,0.8233194593160239,2.5694773313398587,-1.409495015723243,1.1663354634933187,2.6300703770507927,-1.1324498304225805,0.9547962656029985,-0.5085042706565583,-1.4618981601129224,0.6275831027963482,0.05722662462348155,-0.95839847670889,0.8357336978515351,2.226274901413601,-1.4805335874854006,1.6859285182126005,0.4714723326356418,0.08175985176392639,0.5790721931892996,0.0,-0.3750288059594221,1.6320794000177994,2.729676258957967,-1.5647825958209718,1.6398937480743614,-0.2694427410539739,-0.6885440923597038,0.9551855543384697,-0.3883101090239931,-1.40351161650881,1.3158046091726932,-0.9764049465454061,-2.2125111210355772,1.8995300817106244,7.883704135814996,-1.3511655161983174,1.7025309721526338,2.0919971861639928,-1.2736826976583182,1.556340175227296,0.2461720188597516,-1.1306050208105156,1.1413956724945806,3.497857580381881,-1.638984221406067,0.30878099161658434,-0.6832962352929814,-1.413296077887069,1.6156583172101244,-2.4184179583864354,-0.8806907148949975,1.6513574376287214,-3.2289069078588755,-1.6683922413249959,1.550313345118966,0.267166623506363,-1.3636449034914044,0.32044317680462786,2.1394359945933488,-1.1862444271067485,0.9707681482083144,-0.8455399135046304,125
synthetic-fleet-01-unit-0001,16,0,518.086705255288,1.3246203753986074,45.88746427454044,530.0,2380.0,8190.280989097884,8.560089499461183,0.030190687704172454,394.1382615229692,2398.688205210104,98.24126140031404,651.6940627181102,39.256252332320024,23.72870948296288,1614.4901189767686,1412.753040769531,14.726574450958195,21.886369305220956,555.6517911894995,2400.0,9000.0,-1.7410177978082384,-0.6528028568333201,-0.9670291324721743,-1.3866817493045118,-1.204675232197429,-0.25410924667287055,-0.7641145386315801,0.3548592906639519,-2.7520411204931006,-0.4782924980441083,-4.684790759440735,0.38979700220054125,-3.4888034394291476,-1.096930816382672,-0.6374047712526771,-1.3682953544151708,-1.5054233341954053,0.09440459185197599,-3.9576803018493556,-1.1784153838960367,-1.0334304867101876,-1.5926115737304372,0.7792390437478187,1.3581337462227578,-0.9509227722664795,0.8066409964511102,2.205014935142135,-1.0485608215398599,0.9452767379047585,1.019019896312757,-1.3618377250564326,0.5810209444675636,-0.9007326307064119,-0.954213653733525,0.8341120467826372,2.9918563969627403,-1.6204599420758572,1.5054855911724876,2.1039267747273174,0.11956625172534732,0.494627144462073,-1.1190617800450262,-0.3750288059594221,1.6320794000177994,2.729676258957967,-1.5647825958209716,1.6398937480743614,-0.2694427410539739,-0.6007406242468883,0.9490577556265994,1.0709965619800856,-1.736018008308584,1.905191259656807,-4.471528855666743,-1.8083596249372278,2.238859775895194,7.883704135814996,-1.3511655161983174,1.7025309721526338,0.0,-1.5902645383366287,1.2371835706062502,2.0238249222098044,-0.9947640082826243,1.1540711759905449,2.3195839232602813,-1.557018916970553,0.3169007822256128,-0.034247753506605694,-1.7991400297543614,1.2580349739366263,-0.5595788296729572,-0.8699749361727817,1.6589883788953887,0.27122078616170464,-2.5572901637199505,1.2509131051666424,-2.6502025995401572,-1.342450242703613,0.3303474221264544,2.8093859945500927,-1.1528433841260317,0.9730282305834697,-0.5959872437745528,125
synthetic-fleet-01-unit-0001,17,0,523.602772840799,1.3104928815063563,48.27673922105395,525.8360698700715,2380.0,8124.639460007535,8.612202267847199,0.03102816997910085,396.0575672903855,2400.0,101.53510360307095,648.1746537202783,40.0,23.025829629835357,1607.893491152079,1433.4997604551988,14.995153823598056,22.0,560.0,2400.0,9225.59067771373,-1.1116027134127207,-1.155178131278542,-1.264311643241245,-0.6198473994174922,-0.09873087499480764,0.44552252627941374,0.35494724141344614,0.3548592906639519,0.20084644240222135,-1.1393219016567964,0.07086481594223248,-0.7559605721019363,-3.4888034394291476,-2.0439369884899454,-0.16789727029004387,-0.42612978855482886,-0.8737399820265402,0.3400916025288517,-0.06290361935797131,0.5314953783898292,-2.657777497436878,-1.4769263981424738,0.8037129615621076,1.9875488306182756,-0.7623047389961329,0.5362167176994567,1.7026396606969132,-1.0690317418517332,0.9494454784669967,0.7217373855436864,-1.1895312184007796,0.6591951521353602,-0.1338982808193923,-0.8842893692708703,0.8992329608279405,4.097800754165362,-1.0857557154317778,1.6982038114727218,2.803558547679602,0.1195662517253473,0.494627144462073,0.0,-0.3750288059594221,1.6320794000177994,2.729676258957967,-0.9742050832419074,1.637143863889445,2.683444821841348,-0.9508311532203603,0.6729530412273694,0.4099671583673976,-1.8228751487889006,1.783485583411315,0.28412671971622405,-1.549796587382849,2.278455727626167,6.737946561512518,-1.5435801204433333,1.9102927129715597,0.0,-1.6919162854687584,1.2523644028895577,1.076818750102531,-0.8808638171065567,1.2124485871424937,2.7890914242229146,-1.2901687113996818,0.5663950522074516,0.9079178123537363,-1.753237518252611,1.2934622751622222,0.07210452249590782,-0.8699749361727818,1.6589883788953887,0.5169077968385803,-2.2584334631356677,1.6608970383865924,1.244574082951227,-1.0250030335079283,0.9168047549020978,4.519296756835959,-1.7232883744300864,0.8077333096261199,-2.2203342545012434,125
synthetic-fleet-01-unit-0001,18,0,525.7218485218103,1.3191781434217462,47.937628812241144,530.0,2400.0,8050.0,8.454814601263273,0.030893389632932842,400.0,2400.0,101.58526167444953,640.1514010740465,38.70035902776623,22.778622027999727,1599.8489499400755,1417.3812747205989,14.58573357484447,22.0,556.7969486341286,2381.9021466651257,9222.863727338445,-0.8698039722030174,-2.300451031523209,-1.6268455731590121,-1.2156142828922718,-1.7846236127095434,0.44552252627941374,-0.46939503819641243,-2.9474926402261525,0.16515180320250156,-0.7329360594162836,-0.6041066052808906,0.38979700220054125,0.32825626495339183,-3.1207557385924765,-1.5858739448892185,-0.5777573571801965,0.4237964251410577,0.3400916025288517,-0.0035946194670519573,-2.45644015687345,-3.2290713356140346,-1.1140031171269453,0.4571125379050531,2.229347571827979,-1.1602688369753031,0.7937444162962197,0.5573667604522461,-1.2462466237418202,0.955531600438198,0.35920345562591915,-1.1368542352273499,0.6405402575588302,-0.7296651642941718,-1.2776118972631705,0.7305167258939497,2.411908016450626,-0.987643661713977,1.7852992760134685,2.803558547679602,-0.03373357051753083,0.542327298246478,-0.8243422796098585,-0.30561109551406895,1.4768566806195922,-0.5726756719321373,-1.0452455737956232,1.562062167781137,2.6477501826416283,-1.0590131319846534,0.5533172107390931,0.8163530006079104,-1.7115542124781187,1.851233192577661,-0.390844701506899,-0.8785672301824266,2.2510052252071944,7.883704135814996,-1.5435801204433333,1.9102927129715594,3.8170597043825394,-1.790388828436921,1.3592070926982103,0.0,-0.8803194665801929,1.212051947111689,1.3711147496237401,-1.1426810487207368,0.6483351672520775,0.7562902437283686,-1.1154089010280503,1.4468209787505366,1.3696409296635057,-0.8699749361727818,1.6589883788953885,0.5169077968385803,-1.5496411625145774,1.7280656990715113,1.3038830828421464,-1.215918667725799,1.1182014258714035,1.5313612215726797,-1.8601332605355545,1.0134746778471355,-2.7916280926784,125
synthetic-fleet-01-unit-0001,19,0,526.1495004639227,1.2663788868362778,46.07343958586176,529.9388749705238,2400.0,8203.700855700705,8.357543406402854,0.031024526114952593,395.69035845770037,2380.0,100.77933052777065,653.5878608241542,39.03608935411535,23.24845313951726,1606.4963314916101,1387.0832425291621,14.583989736050034,21.528419496046926,560.0,2390.5404739856963,9219.67819127447,-0.8210064223064988,-0.3824741329328633,-1.3272758035437042,-2.3354815279501264,-1.7918043155893715,-2.458030116006011,0.35494724141344614,-1.3712395687209065,0.12345446925325841,-3.203428091341997,-4.314622174423169,0.37297768407643084,0.32825626495339183,-0.9033232530330289,-2.46223413508821,-0.4302291270482373,-0.9945960281628586,-3.4057231021686043,-0.9565612901688779,-1.6845803942192286,-2.143297204880144,-1.0146210236843225,0.45571090708888595,2.2781451217244975,-0.9437307134985193,0.8363133507656688,2.475343659042592,-1.536003090371525,0.5848473192776398,0.6587732252412271,-1.197269490707804,0.7509695290968854,-1.8495324093520265,-1.370018152647544,0.7670719042997204,2.404727313570798,-0.7415315997769202,1.3521502493906012,-0.09999409460582287,-0.03373357051753083,0.542327298246478,0.0,-0.6508308673910406,1.4855876007307625,1.0035773995731088,-1.002925905225644,1.59695133131944,2.606052848692385,-1.4983155439014744,1.1017608755174826,-1.6541390313178028,-2.144464314704392,2.19970832214148,-4.101360270649177,0.15728162371522364,0.5105698537841817,7.866884817690885,-1.5435801204433333,1.9102927129715594,3.8170597043825394,-2.0079061032461696,1.0050922684959935,2.2174324855594474,-0.8625082471302455,1.1816306752451513,0.49475455942474866,-0.9639510926799961,0.7064678066285176,0.9038184738603279,-1.262845076430526,1.373218766670579,-0.04875152364041058,-1.2073716814855058,2.009316092244337,-3.2289069078588755,-1.2042101819292186,1.6135247898222165,0.35091641214032043,-1.3272611880903333,1.1348350968655405,2.3032209842269014,-2.0693119362163017,0.9203492174914178,-1.7058539619445092,125
synthetic-fleet-01-unit-0001,20,0,516.8772555877357,1.35,48.29231458904868,530.0,2400.0,8101.014472800035,8.525116060599938,0.030961051397176316,394.13936662128873,2380.0,100.88952383181626,657.019786268819,39.52999833767315,23.005252005948226,1620.0087146426379,1440.946911714083,14.317645737713681,21.761789731366413,560.0,2400.0,9000.0,-1.8790229713804676,0.10741337039543682,-0.7183290361398325,-0.34458791354986557,-2.8885439465581753,-1.0211539989642955,0.35494724141344614,0.3548592906639519,-2.7520411204931006,0.7092272589719937,0.10186630689699125,0.38979700220054125,0.32825626495339183,-2.384773178802682,-0.9524963004184742,-0.5016380334595694,-1.505059623408503,-3.4057231021686043,-0.8262641220761551,-0.549060481653195,-2.705332142373978,-1.2844907754221886,0.4946106111205668,1.2201285726505287,-0.8766985564344993,0.9175354670993499,2.965231162370892,-1.1807582377111936,0.3489138061227603,1.2677199926450988,-1.1804425746228537,0.7731116663911319,0.14136120504823435,-1.5536755964098652,1.0161915643657515,1.3079876826019943,-0.5684496618168701,1.2176354752946554,1.3368820224358926,-0.03373357051753083,0.542327298246478,0.0,-0.6508308673910406,1.4855876007307625,2.729676258957967,-1.0029259052256438,1.59695133131944,-0.2694427410539739,-0.9689502582974383,1.4260649706857147,2.258516318996188,-1.8861576832611138,2.406014250493132,0.31512821067098284,0.15728162371522364,0.5105698537841817,7.883704135814996,-1.198567616799624,2.0906897034343177,3.8170597043825394,-1.909943995060161,0.9197496536123504,0.7359825597897944,-1.1611812843877247,0.8912921472653975,2.0044923940944845,-0.6608099321316006,0.4003159139163666,0.8324095674489957,-0.89100450853045,0.7896684334956706,-0.5592151188860549,-1.2073716814855058,2.009316092244337,-3.2289069078588755,-1.1614007905838826,1.6217788133481201,0.4812135802330433,-1.0674002076504163,1.1344393878909245,3.4387408967929347,-2.353781733403044,0.8321304215277356,-2.267888899438343,125
synthetic-fleet-01-unit-0001,21,0,521.6293578546846,1.302091100150248,47.79511186649861,528.4476435133448,2387.0056533918046,8184.045885303024,8.428883651576568,0.030588726426051698,400.0,2400.0,99.22181650525697,637.3885303541247,39.36418428496945,23.600450979783062,1641.5271573459759,1389.889966831833,14.296482642182188,21.737711596368243,560.0,2380.0,9137.988525960931,-1.3367807303201296,-2.694834843416757,0.2514174532325074,-2.2317401828816106,-2.9756884128436756,-1.1694046834374583,0.35494724141344614,-3.2945811924529185,-0.9458290630544683,-1.5324436089794782,-0.8877748823856446,-0.037353345452696016,-2.151753576192743,-1.1868842629170266,-1.8194975991693048,-0.9205027397407307,0.4237964251410577,0.3400916025288517,-2.798230964709558,-0.9302747638313457,-1.3298343675632347,-1.2036433619245668,0.4301727625037763,1.7623708137108667,-1.2851049537511867,1.2030166956901136,0.16298294855869822,-0.9370689205702571,0.740858967562822,2.237466482017439,-1.3494542613382734,0.9097628684945253,-1.7457910642835106,-1.9078782325391146,1.1622825431698514,1.220843216316494,-0.7515087491697876,1.2273272278502023,1.1886313379627298,0.19007878549147442,0.36865707478695414,0.0,-1.3807189640144146,1.7422831283314417,-0.9197642241589032,-0.6416834937379174,1.274008421501815,1.5367693163846583,-1.1797804804845122,1.4132567006825225,0.016845451044715798,-1.1267545078500958,1.8327965996108082,-0.674512978611653,0.0718515541845762,0.4975073337307635,7.4565537881617585,-0.9311576441523431,1.7881398593760538,1.3370498632364045,-1.9279346843670317,0.9005504322794892,1.9338714756754498,-1.3975998499710502,0.8742391850834013,1.137491095343654,-0.5712514091967125,0.20482456527937495,0.4135448611678344,-0.5051605566631573,0.8804995975761633,1.3696409296635057,-1.1582342793501308,2.051667209997349,0.5169077968385803,-0.9295109231559227,1.13046842486044,-1.4907532624003594,-1.017772083637478,1.1337961857972814,3.057526614614784,-2.4130625095736535,0.7171704635192498,-0.8923911246276,125
synthetic-fleet-01-unit-0001,22,0,515.5982556660703,1.3243637927041383,46.75633186656881,530.0,2400.0,8075.073638943655,8.524637217653433,0.03030611455061653,400.0,2400.0,98.51732149592549,648.5617778056563,40.0,23.238368006692333,1570.0430594363866,1430.8504050907463,14.575128007046022,21.783250335370635,560.0,2400.0,9250.0,-2.0249642295607444,-1.099918407627232,-2.970072779562988,-0.7177721185683034,-1.8282947544891144,-0.8890196275491011,0.35494724141344614,0.3548592906639519,0.5203542559710809,-0.49029807431941014,-2.9553811683307454,0.38979700220054125,0.32825626495339183,-2.7590199416681234,-0.9568104131039056,-1.238440426912668,0.4237964251410577,0.3400916025288517,-3.631255307217293,0.5314953783898292,-2.1666038273193253,-1.3863156651541717,0.5566518340041285,1.0741873144702518,-1.2740530090209248,1.204761286592962,1.7578993843482233,-1.278221147834606,1.1873900706564466,-0.9840237507780567,-1.3690392051684357,0.8909899289517763,-0.23182299997020345,-2.253791008437976,0.6202104414326269,2.368236874671055,-1.0184171799354904,1.0314011479644944,1.469016393851087,0.19007878549147442,0.36865707478695414,0.0,-1.3807189640144146,1.7422831283314417,2.729676258957967,-0.5777819310241457,1.3334586441000262,3.0029526354102076,-1.049975715017035,1.4472975432004578,1.058990985704784,-1.7320037047046912,1.8381052723806326,-2.7421192645567536,0.3010030690450717,0.1892871470387977,7.883704135814996,-0.1677457032758352,1.1090941179342424,3.8170597043825394,-2.0709512750026677,0.9771056453464092,0.3617357969243531,-1.5553824785338226,0.635379161355604,2.000178281409053,-0.7337135368682803,0.3390883351402444,0.09560717399589702,-0.24565327522963765,0.9342789065615866,1.3696409296635057,-1.1582342793501306,2.051667209997349,0.5169077968385803,-1.643181260727787,1.5094389009320053,-2.3237776049080945,-1.017772083637478,1.1337961857972814,4.519296756835959,-2.3148277755501434,0.7088617701830089,-1.7291605843836906,125
synthetic-fleet-01-unit-0001,23,0,538.0303927424081,1.3033863315770928,48.19659680371524,530.0,2400.0,8300.0,8.45881606336482,0.03037047393524769,400.0,2400.0,99.67020228038892,643.6046525768925,40.0,23.58715288894175,1585.844795770901,1412.0219069579305,14.806006802101187,22.0,559.0560471563787,2380.0,9000.0,0.5346718213392861,-1.807519356762085,-2.257954409863039,-1.4137057092169045,-0.8775921816173488,0.44552252627941374,0.11201006992561766,-3.2945811924529185,-2.7520411204931006,-1.471839367055348,-0.08865208452904841,0.38979700220054125,0.32825626495339183,0.4859783870088814,-1.54982296295754,-1.1660362723953384,0.4237964251410577,0.3400916025288517,-2.2680408844795235,0.5314953783898292,-1.3605660979014225,-1.105420506445711,1.032998451182354,3.6338233653702825,-1.1754666740686999,1.1167246915725968,1.0502984352133702,-1.4044429151754112,1.264739036482725,-0.2719053810781076,-1.4086574904333622,0.886856817804566,-0.9277565906188046,-2.072384722219537,0.8729129293604055,3.318939447542821,-1.0184171799354906,1.0314011479644944,2.803558547679602,0.30635980711588046,0.10864480594166165,-0.24293717148782848,-1.450136674459768,1.825253186644921,-0.9197642241589032,-1.1612205157632662,1.5480550216987303,-0.2694427410539739,-1.1977563765448478,1.4445535549345336,0.07744969296884596,-1.628912800554323,1.9293676410592735,0.12460981924494319,0.30100306904507174,0.1892871470387977,7.883704135814996,-0.16774570327583518,1.1090941179342424,3.8170597043825394,-1.349604449882396,1.289673935808701,3.606734125601358,-1.5481722821474868,0.6351511549964102,1.4071657315554187,-0.8513693199113087,0.3719172614191518,0.16801132851322675,-0.2456532752296377,0.9342789065615866,1.3696409296635057,-1.1582342793501306,2.051667209997349,0.5169077968385803,-2.0960705137302815,1.2031505517137076,-0.9605631821703251,-0.4201849765848221,0.9600634425760715,4.519296756835959,-1.941126728007621,0.5887384254800084,-0.9231228549657877,125
synthetic-fleet-01-unit-0001,24,0,526.6579902160342,1.3241682502567849,46.42087359127193,530.0,2400.0,8300.0,8.668734901802143,0.030322479170649085,396.7153784717102,2386.248903771023,100.22662553067944,652.3029259503044,39.38401799797796,23.54793696675377,1616.4464391847857,1423.6661332479973,14.614899809906944,22.0,556.9042941670782,2400.0,9127.971067910541,-0.7629848126583056,-0.5658911527484644,-0.8788659377667093,-0.9833151302547181,-1.6645241695872255,0.44552252627941374,-0.4417684249361787,0.3548592906639519,-1.0769533966865477,-0.49944756030332543,-3.6230833177011625,0.38979700220054125,0.32825626495339183,0.4859783870088814,0.3414307986855427,-1.2200302683282618,-0.6572406731786854,-2.2353613204817515,-1.6101027783329336,-0.884676127622991,-1.4511936293287253,-1.0938161845160723,1.0373091068078804,2.336166731372691,-1.21215007803182,1.0867742328027248,2.291926639226991,-1.3147609420200121,1.2872763335947206,1.1071830910182219,-1.1382242108942804,0.7249659637834578,-0.49736601165661815,-2.0469286930191077,0.8849142257408027,2.5320074595729443,-0.43770665147840565,0.8123521066194712,2.803558547679602,0.14701667384595546,0.3455425869747242,-0.7967156663496249,-1.1049169025827963,1.9988808748756612,2.729676258957967,-1.4013020889512273,1.3833304668566073,1.405644982752579,-0.6569602703371136,0.9150893296766247,1.0498414997208685,-1.4906050292099216,1.6998436685446938,-3.4098214139271708,0.3043669326698938,0.19102744279306005,7.883704135814996,-0.1677457032758352,1.1090941179342424,3.8170597043825394,-1.0717441218740138,1.5360013897976394,3.606734125601358,-0.9874392953927364,0.8331643413353137,3.2984194931985016,-1.0093295481673137,0.3110805609707812,0.11401733258030333,-0.17818220423280304,0.8771025471482271,0.28860383134376266,-0.92416192301276,1.7799157758409225,-2.0585451261720227,-2.2267788113630926,1.0773283012006336,-0.30262507602373523,-0.2602041232655746,0.7375591747782302,3.1031252508231386,-1.8027060128973371,0.6102892351481279,-1.0137503863930906,125
synthetic-fleet-01-unit-0001,25,0,535.2526148860727,1.3120005645498078,46.724128101828015,519.0288567083361,2400.0,8162.59106437556,8.382676847533737,0.030653107927730263,400.0,2400.0,101.64118883529223,635.560234095346,40.0,23.30787898903594,1632.4228118593987,1442.817338363017,14.791952767929153,22.0,560.0,2380.0,9021.28176783571,0.21771136776003544,-2.9558135575522666,-0.1588774363819496,-0.27545373595081685,-0.9354632669345944,0.44552252627941374,0.35494724141344614,-3.2945811924529185,-2.4734716858188595,-1.0687769889744165,-3.0194801174957844,-2.629050608817728,0.32825626495339183,-1.4964116021080351,-2.235795596100151,-0.8480737035977146,0.4237964251410577,0.3400916025288517,0.06253599291801493,0.5314953783898292,-2.0059647709000616,-0.6744693166879716,1.0639944286416059,3.3168629117910315,-1.8247954636213606,1.0181792235779439,-0.09799576557681133,-1.2028706220684355,1.3735046303063752,1.8271715924029817,-1.1243973753744707,0.7442884198425818,0.21049538264728307,-1.6563125570943917,0.8509446336045606,3.261068362225575,-0.1443713464296638,0.8138056813101351,2.803558547679602,0.14701667384595546,0.3455425869747242,0.0,-1.8348049992061704,1.9988808748756612,-0.9197642241589032,-1.3455882020163792,1.319464308845123,0.00912669362026719,-1.0125611199263957,0.5050788919858054,0.48051207104977744,-2.114874314088477,1.5338519623003866,-2.8062182137217926,-0.2994025895337601,1.3153818772335044,4.864856524796727,-0.16774570327583518,1.1090941179342424,3.8170597043825394,-0.8940718065350846,1.390652812897684,1.6243441364844413,-1.2440991545290718,1.0005563830751294,0.7211930984128077,-1.0786166821949428,0.18119995878061176,0.4859738973108505,0.2075890054771091,0.4834544876084126,1.3696409296635057,-0.17499898207326897,1.1517775617404484,0.5169077968385803,-2.0490187883642585,1.3932042943858594,1.3700136952272133,-0.04409295125696981,0.7883216439062118,4.519296756835959,-1.6628325386025538,0.3932458045501282,-1.568521527964427,125
synthetic-fleet-01-unit-0001,26,0,509.7300984526401,1.318217181087839,47.472469995329746,530.0,2380.0,8300.0,8.55262963015374,0.03064683166633038,394.31976134343046,2400.0,102.0,651.271857654435,40.0,24.002588864848565,1641.0482579904663,1428.4251804696555,14.86623776868819,22.0,554.3670160094142,2400.0,9000.0,-2.69455476855976,-0.7130701871909569,0.22983545609773884,-0.8074125809556617,-0.6295757499345029,0.44552252627941374,-1.0947662765407316,0.3548592906639519,-2.7520411204931006,-0.7778997566807658,-1.5299670318137335,0.38979700220054125,-3.4888034394291476,0.4859783870088814,-0.7046141079377191,-0.855134482733386,-1.4456879773005182,0.3400916025288517,0.48680931012541834,0.5314953783898292,-0.400498480925449,-0.9460241243358978,1.3965775428860563,0.4045967754712363,-1.428442532376201,0.979826778393697,2.144747604784498,-1.2071870214953893,1.3678139147764146,2.21588448488267,-0.8395318549892808,0.4136394718472788,-0.3214634623575618,-1.1870900245125573,0.5265486622506456,3.5669558792256666,0.17861409551371063,0.5968253949599094,2.803558547679602,-0.14292602974488006,0.6237095950374362,-1.4497135179541778,-1.1049169025827963,1.9988808748756612,2.729676258957967,-1.7068306135041056,1.4256372516076217,-0.2694427410539739,-0.8616523494666533,0.415734174830007,0.7713893033434281,-2.2433127439740943,1.4286942229905413,-1.316705128039742,-0.21397252000311262,1.3500696943899384,7.883704135814996,-0.4351556759231161,1.7070409946349219,0.0,-0.559499276549903,1.4995638113353038,3.606734125601358,-1.0211224562827546,0.9638231176474589,2.2523745865752396,-1.065543030793474,0.1971188557199102,0.4789131181751791,-0.16630787501120609,0.8547657155070237,-0.4998434727780702,-0.17499898207326894,1.1517775617404484,0.5169077968385803,-1.3920107333972633,1.6937296243814226,1.7942870124346166,0.24826107718726514,0.6333311510485828,4.519296756835959,-1.4769653612749967,0.6943406052512263,0.036944762010185705,124
synthetic-fleet-01-unit-0001,27,0,518.8860887804732,1.3452303641820824,47.7039976471154,525.9749328459412,2400.0,8161.759357446512,8.579797063000317,0.030964349533118062,400.0,2400.0,98.90423155581027,651.5096488535861,39.7710683491078,23.801868049612427,1583.8893611017766,1452.3204260433208,15.01419873092326,22.0,554.9918530325291,2400.0,9127.405683460871,-1.649803533086321,-0.6791268691487063,-2.3460776970229564,0.07579668694275404,-0.020308591173333564,0.44552252627941374,-0.9339572487782213,0.3548592906639519,-1.0843540425226483,0.4860546606177181,-1.0691302538294847,-0.7177506835042893,0.32825626495339183,-1.5084105851620195,-0.4598504176097778,-0.49792763837555953,0.4237964251410577,0.3400916025288517,-3.173756681994955,0.005170778395413205,-0.8643619061875365,-0.870991985041013,1.332737777008035,1.4493480109446752,-1.3442842246804956,1.031791502857341,2.178690922826749,-1.082388004987383,1.1826972799519708,-0.36002866823802515,-0.6808180938870694,0.5876736056533534,0.561745805540854,-0.825492791849401,0.5927660982555306,4.176223037986836,0.44552252627941374,0.0,2.803558547679602,-0.40070692778321354,0.6327820071223746,-1.2889044901916673,-1.1049169025827963,1.9988808748756612,2.729676258957967,-2.0277722732028516,0.8720483339007122,1.3982443369164783,-0.6663818024792276,0.7380882181763447,2.035343720641912,-1.8660625610738424,1.4426315631452171,-0.8558683500554931,-0.4354820571440787,1.3166885685021659,6.776156450110165,-0.4351556759231161,1.7070409946349219,3.8170597043825394,-0.30937740524868207,1.0890940340346635,1.612345153430457,-0.9217304571839291,0.9971605216213493,2.497138276903181,-0.9174404730860519,0.2907082984921704,0.8361199625330056,-0.16630787501120609,0.8547657155070237,1.3696409296635057,-0.17499898207326897,1.1517775617404484,0.5169077968385803,-1.3005110083527958,1.5486624493070398,-1.8662789796857568,0.14299615718838196,0.6180414821497102,3.992972156841543,-1.216516977048639,0.6101127927500529,-0.4269186632519018,123
synthetic-fleet-01-unit-0001,28,0,534.1292536157437,1.3070360201497493,47.613127404613635,521.7592785897771,2400.0,8300.0,8.524640918173652,0.031026098895819115,400.0,2400.0,101.7027655528335,660.0,39.81683871218907,24.0309318240172,1608.3055888774916,1414.2933680432118,14.240182212116027,21.111870689130047,558.840481182551,2400.0,9123.674713693792,0.08952937618545077,0.5328216398036902,-1.2457401170389677,-1.3297486108892758,-3.207519853686464,-5.02274892610486,0.05653167574036726,0.3548592906639519,-1.1331908753847153,-1.30106941458144,-1.2500000093260306,-1.8777407995544506,0.32825626495339183,0.4859783870088814,-0.9567770734435083,-0.4284597523170429,0.4237964251410577,0.3400916025288517,0.13534687725952016,0.1103989892892002,-0.3349982381800298,-0.9600204740717799,1.225952702856696,3.1886809202164472,-0.8762160253673406,1.271994031463927,3.3906394317791455,-0.8799451464225688,1.004353449904855,0.7403089117459636,-0.6640266742215436,0.5621427459834893,-0.8437994922911758,-1.2914783262632241,1.2238374661755105,0.9890117754737053,-0.6481317641974412,2.445485337390548,-2.6647129047046723,-0.4118026066202636,0.621937521886171,-0.29841556567307886,-0.3750288059594221,1.632079400017799,2.729676258957967,-1.704002224181174,0.8356806324167207,1.3494075040544113,-0.632227811984446,0.6941417132928352,0.24821964544275388,-2.098332146033239,1.1484056962785443,-1.036738105552039,-0.8889896174950771,1.3514209525057288,5.616166334060004,-0.4351556759231161,1.7070409946349219,3.8170597043825394,-0.3093774052486821,1.0890940340346635,3.606734125601358,-0.8031212792811226,0.9372438060090102,2.0002116210694503,-0.769925169070393,0.3188039007384659,0.9055878485915222,-0.16630787501120609,0.8547657155070237,1.3696409296635057,-0.17499898207326894,1.1517775617404484,0.5169077968385803,-0.819833456004987,1.546264918068423,1.4428245795687185,0.058776879368256166,0.5793460950350493,4.09820036773533,-1.0114034051043603,0.7132527129791406,0.10244500475560492,122
synthetic-fleet-01-unit-0001,29,0,525.4767592466748,1.3106809371222148,47.80099334996653,518.9801591762308,2400.0,8296.309344970285,8.506956251943354,0.030811912126986737,386.66858553513526,2380.0,100.16157896316811,641.4750014397983,39.468488008831095,24.187076442684024,1618.526745571204,1457.083698147772,14.909963984384007,22.0,551.8188900595662,2380.0,9250.0,-0.8977700702252918,-2.1115147364208124,-0.785115202973295,0.25185539515748867,-0.44952185735408834,0.44552252627941374,-1.7505559328078537,-3.2945811924529185,0.5203542559710809,-1.1305227266194526,-0.8760682725262099,-2.642450345249045,0.32825626495339183,0.43273354124289487,-1.1161062302759033,-0.6694193574310844,-3.9638486917984936,-3.4057231021686043,-1.68701655829701,-0.69047561187721,0.025850125084268438,-0.9869775255851774,1.2220125578677046,2.2013814738057045,-1.1853407421018103,1.3623276212793891,0.7463030555546428,-0.8611949994638859,1.0052533415477345,1.2009338258116364,-0.41699256913910226,0.6511112556491377,0.7378045137555886,-1.0484778638165966,1.2515584230300467,3.747009771806081,-0.6481317641974412,2.445485337390548,2.803558547679602,-0.6735601081945987,0.8654482501106652,-2.1055031742212997,-1.104916902582796,1.998880874875661,-0.9197642241589032,-1.3845406936496487,1.3074537897064336,3.0029526354102076,-0.7584428452476714,0.7208236480129646,0.41876633340474134,-1.5489291369982485,0.8566193848895525,-0.6628063687522183,-1.4954390869849943,1.3139424334161183,4.851456788365409,-0.4351556759231161,1.7070409946349219,3.8170597043825394,-0.3200263744018795,1.0795918300200806,3.553489279835371,-1.094628685073412,0.6849783007186546,1.8408824642370554,-0.6598029868909575,0.19584180558539,0.6646282434774807,-0.8276294787351677,1.9310662623738268,-3.0180041872760457,-0.4090713384106395,1.6751792621643624,-3.2289069078588755,-0.8352162119978024,1.556441339448347,-0.3795388559878117,0.09761698251741238,0.5015726623588468,3.2973257665689197,-0.7159946542217617,0.7875699213980605,0.4632933680199031,121
synthetic-fleet-01-unit-0001,30,0,533.0280480388377,1.3231723638911261,47.574985301721924,530.0,2400.0,8300.0,8.529081854008409,0.030786965841917348,399.5123219040749,2400.0,102.0,654.5111429151411,39.167332545680395,24.08505786232496,1622.1552785669885,1405.0645083400864,14.873712998746887,21.986100010508917,553.9732867681333,2400.0,9080.959471647699,-0.036124523151402174,-0.25068095568757126,-0.6215923503791371,-1.670863097317393,-0.5987945755615449,0.35993936311584446,-1.196097046245152,0.3548592906639519,-1.692315517689453,-0.5460453628136828,-1.3259187329281383,0.38979700220054125,0.32825626495339183,0.4859783870088814,-0.9167666738756495,-0.6974838687552487,0.2632914448283122,0.3400916025288517,0.48680931012541834,-1.3828461428247314,-0.20991360510015958,-1.0377447037674647,1.1633162013109903,3.063027020879594,-0.6443142217288712,0.9616668651564877,2.607136836287884,-0.9537379822633234,0.9438585135601018,1.3644566784057943,-0.6960744414124175,0.8453561486006798,-1.184913978719293,-0.9811441255419867,1.268105628891688,3.5977370535986246,-0.6652483968301551,2.4361987263280414,2.7179753845160324,-0.9837689657263182,0.6576611022122754,-1.551044287658598,-0.3750288059594221,1.632079400017799,2.729676258957967,-1.2283094600237674,1.1858177867694986,0.7902828617496735,-0.6538965200155247,0.7022290696992733,1.0032436972105112,-1.2102168600847192,0.24938449415297068,-1.1126568291541468,-0.8916695647813405,1.355740639203475,7.883704135814996,-0.435155675923116,1.7070409946349219,3.8170597043825394,0.07645162342150391,0.886264849726901,3.606734125601358,-0.8308229006285115,0.2540603306764554,2.040222020637309,-0.6296850199224643,0.1694510089059676,0.6365637321533164,-0.8597304747977168,1.9062369302862652,1.2091359493507603,-0.4090713384106395,1.6751792621643624,0.5169077968385803,-0.7503615485563218,1.6275617855207667,1.7942870124346166,-0.2852513217254998,0.7544667742231527,2.6049552356213983,-0.3567844210617813,0.32710880937638664,0.2275296378354751,120
synthetic-fleet-01-unit-0001,31,0,540.0,1.35,48.081322263245134,523.55696980506,2400.0,8050.0,8.577118375857998,0.030351380216516528,397.02361463808353,2400.0,101.46219729116987,640.7173350082905,40.0,24.5,1637.9687975281674,1427.342280834822,15.131368193269443,21.59264887628812,552.4877018768241,2400.0,9187.42233044289,0.7594153544895171,-2.2196672363721257,0.0910570131757539,-0.8474384091372632,0.4621666802689914,-2.062565534352669,-1.5784294836529058,0.3548592906639519,-0.2987612501432718,0.7092272589719937,-0.3180965910670314,-1.3830835258016796,0.32825626495339183,-3.1207557385924765,-0.48398392164347714,-1.1875166605196867,-0.5557937551628644,0.3400916025288517,-0.14911108957652042,0.5314953783898292,0.7490127575746718,-0.34695067915760947,0.9370166886112962,3.8585668985205133,-0.945633631565105,1.1960618130345848,0.6381505556033296,-0.9814936708477203,0.901439707043167,2.0771060419606853,-0.7040796070487378,0.8468622272737211,-0.3614892905391633,-0.7627956395012878,1.4277195975373862,4.658698309429161,-1.1668660089565717,2.4083624588016685,0.2954704870475191,-1.080501607148753,0.7114399501086052,-1.9333767250663518,-0.3750288059594221,1.632079400017799,2.729676258957967,-0.7376534859538015,0.8607032837450889,2.183837129295855,-0.3564711168849727,0.9182759589747145,2.258516318996188,-0.9678427719353788,0.4027042688922191,-0.10483468729303982,-1.2462456703817846,1.1535641257241478,6.110823607812775,0.32825626495339183,0.0,3.8170597043825394,-0.6448952016987677,1.6274656732564554,0.0,-0.7866968633696632,0.29699313488016293,2.4730047728694817,-0.6961614554797244,0.297114319002242,0.14653094038887837,-0.6817516303701862,1.8792023525310606,0.3900507493595836,-0.4090713384106395,1.6751792621643624,0.5169077968385803,-0.8775456284967094,1.5285500394696667,1.158366612732678,-0.2852513217254997,0.7544667742231527,4.519296756835959,-0.12688217336175714,0.5883455524709756,1.1864560005103064,119
synthetic-fleet-01-unit-0001,32,0,521.5718860904029,1.3269304212178077,46.51617102591856,525.2600309318516,2400.0,8263.937774006803,8.7,0.03145078484204854,395.3945919110446,2400.0,102.0,660.0,39.7428567930081,23.844562483316118,1606.4764925784266,1413.3975307863993,14.666196766452146,22.0,560.0,2400.0,9250.0,-1.343338589665567,0.5328216398036902,-1.3281698606405834,-1.3628602926799596,-1.4532958124903284,0.44552252627941374,0.35494724141344614,0.3548592906639519,0.5203542559710809,-0.37020480592898497,-3.4334015997983016,-0.9144649071806601,0.32825626495339183,-0.03428905753036625,0.623112209534675,0.049310926323753924,-1.0919389355946616,0.3400916025288517,0.48680931012541834,-0.05968891191619739,-0.7656955758713699,-0.2856576904734587,0.8349521327374646,1.7558129543654293,-0.7032439297746257,1.3732530483993501,3.3906394317791455,-0.7779121035712458,0.5703599138130316,0.6578791681443479,-0.9918110029732805,0.7550729608387922,-0.8769111740818596,-1.0493930837646868,1.384588927573888,2.7432358166698414,-1.1668660089565717,2.4083624588016685,2.803558547679602,-0.8227207091104194,0.965837771230656,0.0,-0.3750288059594221,1.632079400017799,2.729676258957967,-0.41671182625505576,0.9887624877549185,3.0029526354102076,-0.5277230101943133,0.7931938320757106,1.179084254095209,-1.4406970411291422,1.1831576704867541,-3.22013969602431,-1.285588515117059,1.13422583676568,6.579442226433795,0.32825626495339183,0.0,3.8170597043825394,-0.350070896172437,1.5642212328092735,3.0864666810621104,-0.5701043379407725,0.7069284089006084,3.580100904047634,-0.5867137425398617,0.44990168111318907,1.383358527232319,-0.9848987025173299,1.7756782023074162,-0.14609443107221354,-0.4090713384106395,1.6751792621643624,0.5169077968385803,-0.14543243007263473,0.9020520235070015,1.7942870124346166,-0.2982232597878219,0.7487610603893663,3.9281124665299325,-0.10714890729852382,0.5583146859968454,-0.32825233293573525,118
synthetic-fleet-01-unit-0001,33,0,524.5646045697954,1.3146502655802446,48.5,529.3958262346341,2400.0,8160.59884385259,8.657484447073843,0.029977446966937563,397.0880543864243,2400.0,99.0221615627622,651.7759463321282,40.0,24.24625635598068,1650.0,1430.7479489821917,14.617309263149263,22.0,560.0,2394.965742715403,9079.54872360705,-1.0018521729242942,-0.6411144446339403,0.6332531432970843,-0.7215590721005151,-1.6546026287365854,0.44552252627941374,0.35494724141344614,-0.5637518261777742,-1.7107816191517584,-0.94479673421301,0.5152470624092854,0.22355101673423544,0.32825626495339183,-1.525153241091706,0.24007036346454985,-1.6081906762338507,-0.5345852969089173,0.3400916025288517,-3.0343113130401345,0.5314953783898292,0.16261420336984692,-0.5039340002954077,0.854769957416735,2.0972993711067023,-0.9380311466621517,1.198298015344092,2.216703347341515,-0.40211345150403555,0.7693573445489061,2.6193021720820155,-0.8701730952155284,0.7357642423082098,-0.23560995350241515,-0.7388096387747112,0.8507060376833647,2.5419290004235844,-0.07321171847971686,1.1126998825237147,2.803558547679602,-0.7630375959758038,1.0401174304857712,0.0,-0.5587510293277674,1.5802565566879196,1.8110651421162411,-0.5322299750084644,1.1186104344625614,0.7718167602873682,-0.4564684741206273,0.7188750945930641,0.604492325811184,-1.087647626782079,1.4803361802560908,0.728508966183277,-0.8653301518593217,1.2439498919107221,7.7174581503486905,0.32825626495339183,0.0,3.8170597043825394,-0.7522972217925545,1.5540320370739724,1.5956024975007705,-0.3307348505591609,0.7448774372694377,3.1970590579775084,-0.8226599273232234,0.6224274818708208,-0.2741430753252856,-1.176575046927325,1.63147122317167,0.41125920761353074,-0.40907133841063936,1.6751792621643624,0.5169077968385803,-0.7793640681325658,1.5420950833861697,-1.726833610730936,-0.21400398196769607,0.825919025167953,4.519296756835959,-0.007626418988548484,0.5518592085614556,0.6000574463054816,117
synthetic-fleet-01-unit-0001,34,0,539.0479851249316,1.2643794280105927,48.5,530.0,2380.0,8287.490022610362,8.599783262225138,0.031070531230048985,390.24651902061726,2400.0,100.35125704140769,657.9215642397799,39.70597202113867,24.01007136845137,1650.0,1410.402017690631,14.75050517394985,21.590101364696345,546.3894856274227,2400.0,9250.0,0.6507849735799568,0.23613695890965128,0.6332531432970843,-1.4735795954022288,-1.1061343509813228,-2.0782507332774474,-3.1478758990767957,0.3548592906639519,0.5203542559710809,-3.29698333087501,0.5152470624092854,0.38979700220054125,-3.4888034394291476,0.3054977375620441,-0.27978570904777555,-0.37847348206940035,-2.7862765423702482,0.3400916025288517,-1.4627332712321446,-0.14448873196906148,-0.3832065037747492,-0.19422299153435796,0.9514713913618017,3.749936517610953,-0.46850080759605905,1.0773794413415778,3.0939547508851066,-0.11843978224995957,0.8500856994013267,2.6193021720820155,-1.215260093327472,0.41082915274075493,-0.9876304768041289,-0.870132137500158,0.8455493895339067,3.0903972781788465,-0.5779663703910891,1.362865919241281,0.2797852881227407,-1.0425015892295921,1.4704708196299414,-3.502823140490242,0.17113706729560668,0.41081538042902,2.729676258957967,-0.5322299750084644,1.1186104344625614,3.0029526354102076,-0.8897605949717388,1.4783936225407883,-1.747694270850816,-0.80938455979498,1.6509796118930413,0.728508966183277,-0.25888068236940437,0.8318546342692126,7.883704135814996,-0.4351556759231162,1.7070409946349219,0.0,-0.7777443825287247,1.530641758034606,3.4262534761545207,-0.16347074631353536,0.6052418513101704,2.677202985465183,-0.7644707522508865,0.6531754944424523,0.9555741188391648,-0.941060617041676,1.1392654111054432,-1.8404320378478003,0.3400916025288517,0.0,0.5169077968385803,-0.7345074107195926,1.512062235085506,-0.15525556892294623,-0.10480660598606639,0.782105454175603,3.8433126464770684,-0.08943774476035202,0.5754712417355349,0.054236739160885505,116
synthetic-fleet-01-unit-0001,35,0,532.5180942412404,1.2938590966557793,48.5,530.0,2400.0,8300.0,8.465430043170349,0.030964279780511295,398.52051968780336,2400.0,101.93796945352773,660.0,39.91471738856638,23.95639434575135,1650.0,1424.3174159284326,14.936789516534892,21.69303506881612,548.158397566066,2400.0,9250.0,-0.09431318882250625,0.5328216398036902,0.6332531432970843,-0.9592426051321417,-0.3390608579868331,-1.4444810458712507,-2.692625972251585,0.3548592906639519,0.5203542559710809,-1.9176213625137364,0.5152470624092854,0.38979700220054125,0.32825626495339183,0.4859783870088814,-1.4902346273905405,-0.4980061098921423,-0.06313124367654104,0.3400916025288517,0.41346179948869427,0.3354266558067065,-0.5072534671064329,-0.20586072466857877,0.9494078276918486,3.00483835520849,-0.3118002884978067,1.1699798860295463,3.3906394317791455,0.13252931648528468,0.8496374359409364,2.6193021720820155,-1.0729359948904216,0.3285622022556594,-0.47329348653404174,-0.8181853939852157,0.8738900661926452,3.8574707711733365,-0.938850452188508,1.2893416896541632,0.9135549755289374,-1.341807374430879,1.6507980551301322,-3.0475732136650313,0.1711370672956067,0.41081538042902,2.729676258957967,-0.08969602027635752,0.9731534832529306,3.0029526354102076,-1.1640757949117497,1.5251806667343561,-0.3683323024895424,-0.44115140072749515,1.7111982498304394,0.728508966183277,-0.25888068236940437,0.8318546342692126,7.883704135814996,-0.4351556759231161,1.7070409946349219,3.8170597043825394,-0.7777443825287246,1.530641758034606,3.606734125601358,-0.27816433701651355,0.8050380949397037,1.4667540671224182,-0.7245752004782652,0.6642873613827216,0.8360414910164229,-1.0063451547426467,1.0595622267164961,0.8827132608459071,0.3400916025288517,0.0,0.5169077968385803,-0.7491769128469373,1.4975372795521995,1.7209395017978926,0.2388479537402212,0.32275522875992096,4.323228034252836,-0.14890571716160667,0.6056075351384616,-0.06981022417079824,115
synthetic-fleet-01-unit-0001,36,0,526.679472598026,1.3154410149269131,47.74771522372959,530.0,2400.0,8297.906120137262,8.550163484472902,0.031038523995511463,392.3652516475039,2400.0,99.23674158535988,645.8151326045593,40.0,24.5,1621.3493111670953,1462.8666790806628,15.2,21.801162920189604,560.0,2400.0,9250.0,-0.7605335491332054,-1.4919861205741622,-0.6579139405318378,0.46560429094778444,0.7447757229226796,-0.7787306470986813,0.35494724141344614,0.3548592906639519,0.5203542559710809,-0.9077973503858369,-0.9821140076369336,0.38979700220054125,0.32825626495339183,0.4557701151855007,-0.7268327298125613,-0.4144815447382459,-2.0889576727964188,0.3400916025288517,-2.780582926221106,0.5314953783898292,0.7490127575746718,-0.5098505053931233,0.7936239651765461,2.338617994897791,-0.16626406533821408,0.8835143011066001,1.365831671401293,-0.017264874256233666,0.9217407692691668,1.3281350882530933,-0.8103274548734122,0.7751214915291721,0.9515534095458844,-0.761663585454478,0.9800902810304953,4.941307352082849,-0.6820834747377106,1.1272604327831386,1.5793053743015069,-0.9551320294176084,1.801106185577102,0.0,0.17113706729560668,0.41081538042902,2.729676258957967,0.07412708094651302,0.9977942967626298,3.0029526354102076,-1.4874807167833155,1.155223447726209,0.6414917096383571,-0.5739548840414755,1.7249718860667764,-0.768852103862942,0.09569542323103983,0.569266669098189,7.883704135814996,-0.4351556759231161,1.7070409946349219,3.8170597043825394,-0.062439211773129145,0.8433571501202938,3.5765258537779774,-0.3267340986503304,0.8275705187125949,2.2301559647003972,-0.5699681773219771,0.6179476951631819,0.9195660561703192,-1.3129779382693574,1.1168732504244177,-1.1431131682739708,0.3400916025288517,0.0,0.5169077968385803,-1.2754712801758543,1.6846419655300067,-1.4731052239119076,0.2388479537402212,0.32275522875992096,4.519296756835959,-0.14890571716160667,0.6056075351384616,1.1864560005103064,114
synthetic-fleet-01-unit-0001,37,0,500.0,1.3282528026872011,48.24128995964427,530.0,2400.0,8102.798271144302,8.529763128602495,0.030611508991877638,400.0,2400.0,101.44590130196124,660.0,39.17189211602272,23.273082945765502,1628.9973233288795,1459.9149353232485,15.1268527942529,22.0,560.0,2400.0,9167.858714207572,-3.8048150479718066,0.5328216398036902,-0.3132499215405049,0.356502778055916,0.44357336830396155,0.44552252627941374,0.35494724141344614,0.3548592906639519,-0.5548407994047749,-0.3083302058952816,0.00030597217577443397,0.38979700220054125,0.32825626495339183,-2.359038433356848,-0.9106287629174471,-0.8948724074152101,0.4237964251410577,0.3400916025288517,-0.16838014828697628,-1.3723634768097135,-2.086378014529056,-1.002145797054371,1.6933451856958766,-0.7056635039408103,-0.16626406533821408,0.8835143011066001,3.3906394317791455,0.18571911356378204,0.624809361178192,1.6727991072444264,-0.46645484072623694,0.8467897744338505,0.842451896654016,-0.38228974929562004,1.012043264305269,4.640104997464131,-0.6820834747377106,1.1272604327831386,2.803558547679602,-0.9551320294176084,1.801106185577102,0.0,0.1711370672956067,0.41081538042902,2.729676258957967,-0.14091193012865816,0.9934343028064778,1.9277575800343518,-1.475105796776575,1.1704154849701867,1.2409588541289125,0.1127866303533396,0.651418165168798,0.21356787594976603,0.35654780510728007,0.07434746489781723,7.883704135814996,-0.4351556759231161,1.7070409946349219,3.8170597043825394,-0.5273890869384255,1.326432127169538,0.7617173052356283,-0.6334822931407549,0.6534035027148583,2.0463599315955117,-0.7588048440697699,0.5174932687504465,0.439175193493355,-1.0098308661222135,1.3690927326147153,1.3696409296635057,0.3400916025288517,0.0,0.5169077968385803,-1.4065091718583331,1.531848349068101,1.1390975540222221,-0.02368695923848203,0.8029537442908228,2.615437901636416,-0.41304220489314386,1.0596663034853542,-1.6489347715934213,113
synthetic-fleet-01-unit-0001,38,0,535.5045244201059,1.3057102861045273,48.0857092768608,528.11191797777,2392.9827737113565,8300.0,8.45688040791005,0.030262392594828942,400.0,2400.0,100.24486617096775,656.0846933092076,39.41222480054668,23.628857020205444,1650.0,1451.3279506548515,14.980201509821601,21.861468628539118,545.0180774458762,2390.554822218135,9250.0,0.24645569660763908,-0.026065740019389542,0.6332531432970843,0.03911309402654568,-0.16030085665667862,-0.40742437519956,-3.500823640938591,-1.368621417704739,0.5203542559710809,-1.3631008825789441,-0.30936460072366323,-0.1297324352234086,-1.0110023201923632,0.4859783870088814,-1.5672621584453243,-1.287627523103636,0.4237964251410577,0.3400916025288517,-1.588534282911639,-0.8198273659019971,-1.2641883447879785,-0.7524842231479846,1.7830467442001074,3.3456072406386355,-0.04325432441530395,0.8427493380203327,2.831752051956066,0.18571911356378204,0.624809361178192,2.6193021720820155,-0.3143204075008249,0.8577598771311192,0.5250622126246456,-0.0834293948796387,0.7212554546341635,4.036230772503491,-0.8526728550335052,0.9671224040102777,1.950611646200628,-1.726286205888016,1.9213782964687551,-3.8557708823520374,0.010163148990213733,0.7707640043643768,1.0061955505892761,0.3053152448959097,0.4808418465784122,3.0029526354102076,-1.5587666264497617,1.1375204785729498,0.18618817744524985,-0.05213570227325013,0.6280172941849865,-0.09610269694967163,0.2858911147157513,0.23234062767843502,7.3641746983910465,-0.703007392952267,1.661778767174103,2.4778011192367844,-0.12516276131830803,1.2510134888143547,3.606734125601358,-0.9949487975227298,0.5392830827764759,1.3897265360676343,-0.694692213443727,0.39014167931618693,0.04642007780492907,-0.8181545217122185,1.5119018979550074,1.3696409296635057,0.3400916025288517,0.0,0.5169077968385803,-1.1173537658326342,1.260116715250927,-0.28105658060244054,-0.2939515080968473,0.7967647628287853,3.1679740125441325,-0.6984027145247089,1.0580036682080731,-0.8267451018523437,112
synthetic-fleet-01-unit-0001,39,0,533.9992117321157,1.2995647372582846,48.02393728030793,530.0,2400.0,8210.461987448703,8.671437956583134,0.03107423732332281,400.0,2400.0,102.0,660.0,39.77641904211594,22.93667429465171,1619.5598835588505,1442.5015815322172,15.065821977811657,21.576789783492018,560.0,2400.0,9250.0,0.07469084821424486,0.5328216398036902,-0.7385559816407006,-0.2871246500874726,0.1922633499833535,-2.1602110273414,0.35494724141344614,0.3548592906639519,0.5203542559710809,-1.6506528376311205,-0.4323166871873138,0.38979700220054125,0.32825626495339183,-0.8057808346202547,0.3657838417974998,-0.3743041359578503,0.4237964251410577,0.3400916025288517,0.48680931012541834,0.01747227251484435,-2.863814420463636,-0.8677030482211269,1.6856526955419868,3.1738423922452412,0.01608261176350385,0.8770840116990326,3.3906394317791455,-0.08864271142377493,0.678080496706883,1.2474930471442307,-0.07702941843787363,0.5740929158897244,0.1988244685106273,0.17625014531329658,0.4398157192845687,4.3887949791435235,-0.8690649138462959,0.9934251878973087,0.19782499405878795,-1.0257215777899675,1.9120303114908819,0.0,0.01016314899021371,0.7707640043643768,2.729676258957967,0.30531524489590967,0.4808418465784122,3.0029526354102076,-1.2295005278009838,0.6365485649886995,-0.1013637776069265,-0.24164845219256997,0.5524178343661719,-0.2190547834133222,0.2858911147157513,0.23234062767843502,7.883704135814996,0.060404547924240826,0.5989346471672196,3.8170597043825394,-0.3474184757547678,1.2540856709364925,2.314974903972222,-0.8658348873536748,0.777831607270212,3.3227725363104583,-0.693858344221417,0.3909900501267026,0.9597434649507148,-0.17613992820995733,1.0898868715377237,1.3696409296635057,0.3400916025288517,0.0,0.5169077968385803,-0.7274452495611217,1.4182282485932114,1.7942870124346166,-0.2615593072000661,0.8075790557942932,4.005273650960974,-1.1945242978624864,1.399684172004995,-2.4263711775280012,111
synthetic-fleet-01-unit-0001,40,0,528.1535930278301,1.3153362656507608,47.810498190042814,530.0,2400.0,8300.0,8.588763126020433,0.030480027025072857,400.0,2380.0,100.8817707194196,660.0,40.0,24.15445639049677,1590.9166459960527,1444.2659059149141,14.982203327358079,21.65912285539957,560.0,2400.0,9168.434165387896,-0.592327917068176,0.5328216398036902,-2.029387267794709,-0.22191219426343875,-0.15205786023124124,-1.6532808076212973,0.35494724141344614,0.3548592906639519,-0.5473083842772785,-0.912698598411279,-0.857149668885447,0.38979700220054125,0.32825626495339183,0.4859783870088814,-0.3790711005167728,-1.0427893071079815,0.4237964251410577,-3.4057231021686043,-0.8354317262054478,0.5314953783898292,-0.04953442893922423,-0.967305993870261,1.6426956424029704,2.50682362696282,0.01608261176350385,0.8770840116990326,3.3906394317791455,-0.6211707936421336,0.9574180978445948,-0.043338239009777624,0.07043666373586695,0.3362626909480026,0.2640369243346612,0.21365074486441493,0.39019167080671424,4.0444737689289285,-0.9108248661963053,1.0274660323763265,0.7047552137788908,-0.4162069350569613,1.7243531597207,0.0,0.01016314899021371,0.7707640043643768,2.729676258957967,0.09178271684623784,0.5868517912871187,1.935289995161848,-1.0285159749804922,0.5112864973020725,0.636590461612915,-0.5161277984515165,0.40308752927111186,-0.6438877651114554,0.2858911147157513,0.23234062767843502,7.883704135814996,0.060404547924240826,0.5989346471672196,3.8170597043825394,-0.34741847575476786,1.2540856709364925,3.606734125601358,-0.643602181978921,0.7106713567467439,2.577917593996186,-0.8028149836645848,0.3986006303205501,0.29125829380058366,-0.07875439444643759,1.1237377947458718,1.3696409296635057,-0.4090713384106395,1.6751792621643624,-3.2289069078588755,-0.97722395469995,1.2692055228856178,0.47204597610375054,-0.22234556268344158,0.8475834222871955,4.519296756835959,-1.1029804902290445,1.4691172848852032,0.3879088139964105,110
synthetic-fleet-01-unit-0001,41,0,540.0,1.3303213225073396,48.5,530.0,2400.0,8300.0,8.544484391205799,0.03129406832599598,400.0,2400.0,100.40599663692194,660.0,38.96778006163739,24.16370644928654,1620.770683457257,1470.0,14.960895701096044,22.0,560.0,2397.7154778403465,9147.745968344605,0.7594153544895171,0.5328216398036902,-0.6839902787689961,0.7292640691002898,-0.23979746881792816,0.44552252627941374,0.35494724141344614,-0.06200209203690755,-0.8181082256846658,-0.21154358305220727,0.5152470624092854,0.38979700220054125,0.32825626495339183,0.4859783870088814,-0.7779982497062778,-0.12699478120771823,0.4237964251410577,0.3400916025288517,-1.3980068857242223,-1.8416266606452338,-0.028157652698798004,-0.6633162131457163,1.8214389045019406,3.8585668985205133,0.42104416383907434,0.2499420346102166,3.3906394317791455,-0.6263860612895652,0.9577392508019239,1.3020587500159353,0.12316861936636803,0.42316757615458983,1.2152131876983898,0.016736106516293408,0.29096512938116703,3.9567341603422412,-0.6659742315206862,1.1984590095827228,2.803558547679602,-0.4162069350569614,1.7243531597207,0.0,-0.07320912754995818,0.7463153340153078,2.3128148762571077,-0.1759097794849115,0.6448859782821159,1.664490153754461,-0.8892652215137666,0.6327662622243367,1.3377454769719868,-0.21665558444227262,0.511881613916296,0.728508966183277,0.2858911147157513,0.23234062767843502,7.883704135814996,0.060404547924240826,0.5989346471672196,3.8170597043825394,-0.34137682139009173,1.2589856423430033,3.606734125601358,-0.6538352859576644,0.7125353510605141,2.178990444806681,-0.7453176309584792,0.48086645973367476,1.2070528197008468,0.4237964251410577,0.0,1.3696409296635057,-0.40907133841063936,1.6751792621643624,0.5169077968385803,-0.7007087466005734,0.864028649787978,-0.09052918341502392,-0.6969699704904542,0.9748133280648691,2.146174717800896,-1.2584145722837385,1.2487782789429607,0.4092855902368367,109
synthetic-fleet-01-unit-0001,42,0,528.3155193425056,1.35,47.59603432771022,530.0,2399.920020023371,8300.0,8.7,0.03089091426761254,400.0,2400.0,102.0,659.6225713975724,39.71858219512041,24.147047057922034,1645.3834353532154,1406.3138844867196,15.09149920150723,22.0,560.0,2400.0,9250.0,-0.5738511918581654,0.4789458902545915,0.42520382388767664,-1.6246840116747736,0.29799589517335945,0.44552252627941374,0.35494724141344614,0.3548592906639519,0.5203542559710809,0.7092272589719937,-1.2840223752302942,0.38979700220054125,0.31299184765596305,0.4859783870088814,0.623112209534675,-0.5805421372734958,0.4237964251410577,0.3400916025288517,0.48680931012541834,-0.11549735069463322,-0.06665730871120554,-0.017123441922988137,0.5748309108448053,2.525300352172831,0.41026901392925463,0.2450316148843658,3.3367636822300466,-0.4786953122039289,1.0686185179788532,2.411252852672608,-0.27306873857976993,0.8561260072412832,-1.1387348930766736,-0.012379388109827017,0.2404793580495016,4.494527524333529,-0.6659742315206862,1.1984590095827228,2.803558547679602,-0.4162069350569614,1.7243531597207,0.0,-0.07320912754995818,0.7463153340153078,2.729676258957967,0.039129231590259675,0.6658636699299911,3.0029526354102076,-0.6857537285403114,0.9502868842320562,2.258516318996188,-0.4735212539234864,0.6727538247566941,-1.0707604714563026,0.2858911147157513,0.23234062767843502,7.883704135814996,0.05735166446475507,0.5972646079194086,3.8017952870851106,0.2276265426830542,0.5776922860249932,3.606734125601358,-0.34708709146723987,0.8838843601347276,3.580100904047634,-0.6824515769301364,0.4769575025093499,0.7535054636350693,0.4237964251410577,0.0,1.3696409296635057,-0.4090713384106395,1.6751792621643624,0.5169077968385803,-0.5696708549180944,1.0033883574920726,1.7942870124346166,-0.4455967452674382,0.917476924190809,3.8723040277514964,-0.8544704311201684,1.2406345480761327,0.3707859342244292,108
synthetic-fleet-01-unit-0001,43,0,533.1412009678277,1.3121630331527143,48.5,530.0,2400.0,8300.0,8.510384519919695,0.03042999303696252,400.0,2400.0,101.17727364602564,651.7348197946804,39.954627304522035,23.96296294942258,1633.4976633496995,1448.8400265336882,15.06836072136318,21.62760092678396,560.0,2400.0,9250.0,-0.02321312218581391,-0.6469850199350885,-0.11043836141329222,-0.052844849442392115,0.20271727679684423,-1.8473634262931173,0.35494724141344614,0.3548592906639519,0.5203542559710809,-1.0611750374532085,0.5152470624092854,0.38979700220054125,0.32825626495339183,0.4859783870088814,-1.0852194134735538,-1.0990774246377006,0.4237964251410577,0.3400916025288517,-0.48601671561695076,0.42718142396264674,-0.4920735018669469,-0.07105720568167874,0.5562690832281483,3.075938421845182,0.2860851579461148,0.5221235230661795,2.2108327720403667,-0.6274336131460043,0.9160172693716169,1.875610667371639,-0.2914603272735574,0.848698529096692,0.4331042691557078,0.060224238580877554,0.23945284919233165,4.3992489059570135,-0.9539620417393977,1.2902871286799442,0.5106725951070707,0.35494724141344614,0.0,0.0,0.27148701412378,0.18642607778273523,2.729676258957967,0.039129231590259675,0.6658636699299911,3.0029526354102076,-0.6253685595151642,0.9049987290439331,0.48811402257098546,-0.3085989212968966,0.810109457495998,0.728508966183277,0.38979700220054125,0.0,7.883704135814996,0.32520338149390604,0.006826454942785247,3.8170597043825394,0.2276265426830542,0.5776922860249932,3.606734125601358,-0.2506785424728858,0.7305041645128697,1.8717692810394049,-0.6447415572369493,0.4213617151642337,0.23497017627086447,0.4237964251410577,0.0,1.3696409296635057,-0.4090713384106395,1.6751792621643624,0.5169077968385803,-0.34916734145915684,0.8296021812717429,0.8214609866922475,-0.19619498729450938,0.9588720739174054,4.414982802408776,-0.7000474625359622,1.224839461617353,-0.05463025893131224,107
synthetic-fleet-01-unit-0001,44,0,538.3327899143028,1.316447285087758,48.5,530.0,2391.4706084946624,8300.0,8.7,0.03119233122712866,394.0098136879496,2400.0,101.94120758337586,660.0,38.925439246431914,24.35262961539406,1640.5427258466411,1438.3633990532892,15.088316849393317,22.0,560.0,2400.0,9250.0,0.5691770804787837,0.5328216398036902,0.20705323024162534,-0.4400789734224902,0.2848917452588678,0.44552252627941374,0.35494724141344614,0.3548592906639519,0.5203542559710809,-0.8607136871848657,0.5152470624092854,0.38979700220054125,-1.2996035659429468,0.4859783870088814,0.623112209534675,-0.24144877527167016,-1.5476981818937108,0.3400916025288517,0.4172906995546457,-1.938970180161258,0.4084415452413624,0.027840040771229035,0.6279918970422808,3.6683286245097797,0.28608515794611483,0.5221235230661795,3.3906394317791455,-0.4383117707695391,0.9825394783208422,2.1931022590265568,-0.3220511919405609,0.8512559063003117,0.04587014517560972,0.07874991763598041,0.2552821114179312,4.4814233744190375,-0.43281533101523484,1.2046695053117686,2.803558547679602,0.35494724141344614,0.0,0.0,0.27148701412378007,0.18642607778273523,2.729676258957967,0.039129231590259675,0.6658636699299911,3.0029526354102076,-0.46738072942591335,0.7340758653179345,0.6885753728393282,-0.11908617137757678,0.8816107474191512,0.728508966183277,0.38979700220054125,0.0,7.883704135814996,-0.00036858468536165033,0.7263245095136228,2.189199873486201,0.4859783870088814,0.0,3.606734125601358,-0.19921286892545073,0.7913258126062452,3.580100904047634,-0.6181704850997132,0.4461393671850685,1.092598825636895,0.029497503734104,0.8816791917207955,-0.6018536773712627,-0.40907133841063936,1.6751792621643624,0.5169077968385803,-0.36307106357331137,0.8124951562748474,1.724768401863844,-0.5874834778297299,1.2148889740821283,2.048831198284872,-0.04559626939496246,0.31869085257720453,0.8458847881769971,106
synthetic-fleet-01-unit-0001,45,0,527.9358575776889,1.3235659248013296,48.5,525.9390789609472,2400.0,8300.0,8.689612345667577,0.031506699975077164,400.0,2388.776659983596,102.0,660.0,39.52925958821792,23.96413018005813,1640.922486504901,1438.8324986559317,15.000288123483404,21.936247275950198,560.0,2400.0,9053.799378650325,-0.6171727860988735,0.5328216398036902,0.22416745965991064,-0.42274024738412275,-0.07758908018541529,0.05299274861473545,0.35494724141344614,0.3548592906639519,-2.047829768685226,-0.5276305373859563,0.5152470624092854,-0.7276163294249091,0.32825626495339183,0.4859783870088814,0.5295251333242278,0.11221531788783366,0.4237964251410577,-1.7619360009344431,0.48680931012541834,-0.5507589012906935,-0.4893760457010725,0.02287106696508954,0.6341934027557923,2.4819787579321226,0.28608515794611483,0.5221235230661795,3.3906394317791455,0.012399174721384859,0.4339328915356224,2.210216488444842,-0.3622168025646978,0.8500868422830324,0.06320887121397717,0.09364367364514561,0.24017512241876723,4.118942548974754,-0.09156061976802833,0.9961317795624268,2.4110287700149233,0.35494724141344614,0.0,0.0,0.27148701412378007,0.18642607778273523,2.729676258957967,-0.2609750452913298,1.154845618929635,0.43476861075390083,-0.3903671172208488,0.69482660728528,1.0216585226382375,0.1553931748813697,0.8046577544799826,0.728508966183277,0.1663143358754512,0.4997224336958045,6.766290804189546,-0.00036858468536166145,0.7263245095136228,3.8170597043825394,0.4859783870088814,0.0,3.606734125601358,-0.017493622157250654,0.8423756341456912,3.4865138278371863,-0.38716956010055015,0.46971174145929734,1.4462629187963987,0.02949750373410399,0.8816791917207956,1.3696409296635057,-0.0803139181638072,0.9400553223849799,-1.5851198066247145,-0.09862285630713813,0.8351798157051136,1.7942870124346166,-0.8039343337658345,1.0510472189753752,3.437042477155436,-0.13356459274733212,0.3756621784449797,-0.051932802765437824,105
synthetic-fleet-01-unit-0001,46,0,533.169059296187,1.313798991505449,48.5,526.3425821998857,2400.0,8300.0,8.521615360731719,0.031208689487168283,400.0,2400.0,101.6602711276218,660.0,38.697461365584346,24.31270768002617,1617.4378032566412,1443.7956607999845,14.852532126422714,21.600087105394305,560.0,2400.0,9136.055612992506,-0.020034326454327265,0.5328216398036902,-0.8341892926383597,-0.239293260401028,-0.6860122423440155,-2.0167678612212594,0.35494724141344614,0.3548592906639519,-0.9711300848983911,-0.9846280870534196,0.5152470624092854,-0.6165873549120083,0.32825626495339183,0.4859783870088814,-0.9840356888956538,-0.22304577166417341,0.4237964251410577,0.3400916025288517,0.08509969288867301,-2.463102018100838,0.31618242572226024,-0.13301886922367934,0.4864771609928872,3.079117217576669,0.28608515794611483,0.5221235230661795,3.3906394317791455,-0.017640628052487874,0.4950840410491659,1.1518597361465717,-0.5559282684649614,0.6178085467182183,0.24665585819707192,0.00440071893992815,0.4146067970808935,3.510519386816154,-0.5840186972681629,1.2424274541514415,0.3412681601789287,0.35494724141344614,0.0,0.0,0.3548592906639519,0.0,2.729676258957967,-0.29157941713407487,1.1751503388873863,1.5114682945407356,-0.5449840180210913,0.7302007207944121,0.5646609729707743,0.1553931748813697,0.8046577544799826,0.728508966183277,-0.034962535547058735,0.5829491194343968,6.8773197787024465,-0.00036858468536166145,0.7263245095136228,3.8170597043825394,0.4859783870088814,0.0,3.606734125601358,-0.05870110999512586,0.8924310658240413,1.9729530056173048,-0.40637975819184124,0.4582349353945377,1.1110018292443917,0.02949750373410399,0.8816791917207956,1.3696409296635057,-0.08031391816380719,0.9400553223849799,0.5169077968385803,0.19799845941544095,0.41699382271167057,1.3925773951978713,-0.9282294052569553,1.226538497312229,1.5246993603452919,-0.06469657706312047,0.4277662997907269,0.7536256686578949,104
synthetic-fleet-01-unit-0001,47,0,522.6458136430163,1.324443914455892,48.25172530940222,530.0,2400.0,8300.0,8.590505501712858,0.030644626148435643,394.2136136228408,2400.0,102.0,649.180885334688,40.0,24.483425739018976,1614.4247971176721,1470.0,15.2,21.95978896513993,550.2719371889141,2400.0,9250.0,-1.2207972700236012,-1.0115443894327,-0.9699729162957238,0.7292640691002898,0.7447757229226796,0.19794050043593261,-2.1486821287939395,0.3548592906639519,0.5203542559710809,-0.48654915507144875,0.021076678925064294,0.38979700220054125,0.32825626495339183,0.4859783870088814,-0.36337324982826547,-0.8576156851152351,-1.4806233946297862,0.3400916025288517,0.48680931012541834,0.5314953783898292,0.7107098368696086,-0.26240808485676653,0.6804154943171836,1.878354274007395,-0.012012897991343507,0.7570975529533306,1.8462734025427552,-0.29667597608916796,0.5705161658868538,1.0160761124892075,-0.08513865230994859,0.4816678819705183,1.2152131876983898,0.09375668448979217,0.5266948264557207,4.941307352082849,-0.6335351024368592,1.1951725397722883,2.555976521836121,-0.14577863262803098,1.1196570924497402,-2.5036293702073857,0.3548592906639519,0.0,2.729676258957967,-0.29157941713407487,1.1751503388873863,3.0029526354102076,-0.7841393008297797,0.2632322311142374,1.0627399049527453,0.4164129857124414,0.22099971398757154,0.2343385826990559,-0.03496253554705873,0.5829491194343968,7.883704135814996,0.002684298774124094,0.728001047945105,3.8170597043825394,0.4859783870088814,0.0,3.606734125601358,-0.25599820186771394,0.8091751705883427,2.5936154446846933,-0.4617944677601892,0.4994608096088359,0.47643191579333,-0.3513864602200648,1.061727755443835,-0.5347788901073381,-0.08031391816380719,0.9400553223849799,0.5169077968385803,0.19799845941544092,0.41699382271167057,1.7942870124346166,-0.7988308594400628,1.3605265409702314,4.519296756835959,0.09077685205304237,0.5505286903151206,1.1481530798052433,103
synthetic-fleet-01-unit-0001,48,0,530.4940630860441,1.3492087293978965,48.5,530.0,2400.0,8233.864464434128,8.7,0.030974353229028546,400.0,2400.0,102.0,658.8599694963922,40.0,24.026722615350394,1622.56249961897,1444.063935625759,14.890313103619702,22.0,560.0,2380.0,9250.0,-0.32526680217440584,0.370088880559531,-0.6032405955146348,-0.2293773626238949,-0.5304393920170564,0.44552252627941374,0.35494724141344614,-3.2945811924529185,0.5203542559710809,0.6722034854567427,0.5152470624092854,0.38979700220054125,0.32825626495339183,-0.4681547851525371,0.623112209534675,-0.4866735042877649,0.4237964251410577,0.3400916025288517,0.48680931012541834,0.5314953783898292,-0.34472566952555134,-0.3228188208544849,0.6671489119162827,2.77388474185659,0.1914018821075804,0.6761492306555216,3.2279066725349863,-0.3952364229094365,0.5728615431605639,1.3828084332702963,-0.12044515494624916,0.48516619943458733,0.256571755974205,-0.05287464927298795,0.5873402659247589,3.666092237143113,-0.17495791192235297,1.0432246363196627,2.803558547679602,-0.145778632628031,1.1196570924497402,0.0,-0.3750288059594222,1.6320794000177992,-0.9197642241589032,-0.29157941713407487,1.1751503388873863,3.0029526354102076,-0.4374635962477895,0.6558258383623513,2.2214925454809364,0.4164129857124414,0.22099971398757154,0.728508966183277,-0.03496253554705873,0.5829491194343968,7.883704135814996,0.002684298774124094,0.728001047945105,3.8170597043825394,0.2951517525765977,0.4267013265080884,2.6526009534399395,0.0856681227339318,0.728114987074797,3.580100904047634,-0.33931368369020193,0.3596269206901986,0.8473740966208002,-0.35138646022006476,1.061727755443835,1.3696409296635057,-0.08031391816380719,0.9400553223849799,0.5169077968385803,0.3925636645639147,0.17449372858333376,1.7942870124346166,-0.7779680685546262,1.3846132469506016,4.519296756835959,0.1202464185213215,0.5142793477133423,0.09271757341008335,102
synthetic-fleet-01-unit-0001,49,0,525.3834206503483,1.3496999274369375,48.5,530.0,2380.35881141444,8300.0,8.7,0.030612313319078644,400.0,2400.0,102.0,660.0,40.0,24.143813121853434,1597.635921308261,1465.468933018651,14.978847497846754,21.856027229548737,560.0,2400.0,9250.0,-0.9084205417022009,0.5328216398036902,-1.7265775461539574,0.5617880605755453,-0.16587634776177826,-0.4409274320134256,0.35494724141344614,0.3548592906639519,0.5203542559710809,0.69518677954127,0.5152470624092854,0.38979700220054125,-3.420323209852582,0.4859783870088814,0.623112209534675,-0.8939675412285945,0.4237964251410577,0.3400916025288517,0.48680931012541834,0.5314953783898292,-0.07413089664026366,-0.6183383452906818,0.4719545591298474,2.1907310023287954,0.1914018821075804,0.6761492306555216,3.3906394317791455,-0.7819625781885531,0.7026044681742225,0.25947148263097386,0.07992825185335796,0.5253745892171382,1.0477371791736452,-0.14302826787711714,0.5563090920871853,4.030655281398391,-0.35224790358092084,0.9851212708357427,1.9171085893867625,-0.145778632628031,1.1196570924497402,0.0,-0.37502880595942223,1.6320794000177992,2.729676258957967,-0.29157941713407487,1.1751503388873863,3.0029526354102076,-0.12628350290256243,0.7648563758771733,2.244475839565464,0.41641298571244134,0.22099971398757154,0.728508966183277,-0.03496253554705873,0.5829491194343968,7.883704135814996,-0.421459630007803,1.6764157049453237,0.06848022957656541,0.29515175257659776,0.42670132650808834,3.606734125601358,0.0856681227339318,0.728114987074797,3.580100904047634,-0.46981743688158684,0.42726844657010415,0.44008005967997066,0.04291246118688889,0.8516824349411011,1.3696409296635057,-0.08031391816380719,0.9400553223849799,0.5169077968385803,0.40646738667806925,0.17965000227135408,1.7942870124346166,-0.28387495684440883,1.3052532297465806,4.519296756835959,0.023731930144996274,0.4914478271366578,0.363312346295371,101
synthetic-fleet-01-unit-0001,50,0,535.4357770704539,1.3340694099625778,48.306588987326094,530.0,2400.0,8263.803253280306,8.367258009458787,0.031450594506101305,400.0,2400.0,102.0,660.0,40.0,24.5,1650.0,1422.9801808416203,14.740037860018086,22.0,560.0,2400.0,9063.555426910307,0.23861122802338489,0.5328216398036902,0.6332531432970843,-1.0086691079228582,-1.1492361970543117,0.44552252627941374,0.35494724141344614,0.3548592906639519,-1.9201271798111201,-0.03616951925004258,0.13027832446419657,0.38979700220054125,0.32825626495339183,-0.036229779509791636,-2.3747108822483356,0.04909679883616841,0.4237964251410577,0.3400916025288517,0.48680931012541834,0.5314953783898292,0.7490127575746718,-0.4471815424662301,0.6080403729283289,3.337762772054381,0.1914018821075804,0.6761492306555216,3.3906394317791455,-0.7001454414611183,0.8561074437185603,2.6193021720820155,-0.03725752025438913,0.7013878922614701,-0.5227199893247583,-0.35735769125089645,0.7100010254552622,3.047295432105858,-0.27374194804798513,1.039622217479624,2.803558547679602,-0.145778632628031,1.1196570924497402,0.0,-0.37502880595942223,1.6320794000177992,2.729676258957967,-0.26603889935925373,1.1278745723377661,0.5624711996280065,-0.027991299275379678,0.7312242139678378,1.5131195407741513,0.3394192381234236,0.24383815233801953,0.3435402282381882,0.18852013077803131,0.4500687667992169,7.883704135814996,-0.421459630007803,1.6764157049453237,3.8170597043825394,0.19071011927286313,0.4321905626394624,3.084525959082685,-0.49517908038058084,1.254007991709916,0.582277812264623,-0.4824411406919199,0.40618541599075364,1.3831443997447335,0.04291246118688889,0.8516824349411011,1.3696409296635057,0.3400916025288517,0.0,0.5169077968385803,0.40646738667806925,0.17965000227135408,1.7942870124346166,-0.06742410090830431,1.3392246687594043,4.519296756835959,0.27140969080014515,0.4801340920341552,1.1864560005103064,100
synthetic-fleet-01-unit-0001,51,0,537.3801381224271,1.3287872083360073,48.5,530.0,2400.0,8300.0,8.7,0.030954870566418023,400.0,2400.0,100.7369565799415,650.9677673443791,39.9032303509069,24.226391696651756,1650.0,1435.4152847163396,15.003009817855748,22.0,560.0,2399.2316308627614,9000.0,0.4604740236928228,-0.7564773197704868,0.6332531432970843,-0.5490463367078346,-0.06638180650859442,0.44552252627941374,0.35494724141344614,0.21465341889315437,-2.7520411204931006,-0.28332521562511537,0.5152470624092854,0.38979700220054125,0.32825626495339183,0.4859783870088814,0.623112209534675,-0.5085914533506022,0.4237964251410577,0.3400916025288517,-1.0066660170473962,0.3090174176009659,0.11670721107739954,-0.35107987243680006,0.7200796150711132,3.559625567723819,-0.066457909807255,0.7546787888632052,2.1013404722049684,-0.4066569542740295,1.0321078422337022,2.6193021720820155,-0.09920813551575047,0.7364950543516675,-0.06309721810973473,-0.23343160408381225,0.692147130445313,4.130149822651575,0.21871612945214944,0.38401975205362104,2.803558547679602,-0.145778632628031,1.1196570924497402,0.0,-0.40306998031358166,1.6175436336671591,2.58947038718717,-0.6222211064781956,1.5919429044347997,-0.2694427410539739,0.11226927501028117,0.5455345374000206,1.2659638443990786,0.3394192381234236,0.24383815233801953,0.728508966183277,0.38979700220054125,0.0,7.883704135814996,-0.421459630007803,1.6764157049453237,3.8170597043825394,0.19071011927286313,0.4321905626394624,3.606734125601358,-0.17374950069451506,1.3024164008694579,3.580100904047634,-0.5395502770292055,0.37981475180918095,0.8254561475579629,0.04291246118688889,0.8516824349411011,1.3696409296635057,0.3400916025288517,0.0,0.5169077968385803,0.18811424469085541,0.6679024708554304,0.30081168526180213,0.4869997862320565,0.0994951687638862,4.296818796047096,0.23151464787117298,0.48375747346224224,0.5541504540130342,99
synthetic-fleet-01-unit-0001,52,0,525.7040128087689,1.35,48.5,530.0,2400.0,8213.877014480562,8.55332438221231,0.030901316227585896,400.0,2400.0,99.57418468737355,654.0136452486482,39.41546784420011,24.289335189426943,1650.0,1435.844516140471,14.71338468841871,22.0,560.0,2400.0,9155.88575522173,-0.8718391297958514,-0.32169586952515017,0.6332531432970843,-0.5331812069397677,-1.2589874577045808,0.44552252627941374,0.35494724141344614,0.3548592906639519,-0.7115618219162284,0.7092272589719937,0.5152470624092854,0.38979700220054125,0.32825626495339183,-0.7565124564776312,-0.6983547724061396,-0.5688399570629474,0.4237964251410577,0.3400916025288517,-2.381576099394259,-0.8123714564766197,0.26216887693556384,-0.28128824439125016,0.6253970946322026,2.227312414235145,0.07151179417425499,0.5820094637260088,2.536121922450305,-0.08601174235546791,1.0619566575820876,2.6193021720820155,-0.35169719072376193,0.5815738728309856,-0.047232088341667755,-0.6341842402092643,0.5495753947853428,2.9375441714555888,0.26823253462084573,0.3964324730789257,2.803558547679602,0.35494724141344614,0.0,0.0,-0.40306998031358166,1.6175436336671591,2.729676258957967,-0.8686043220556575,1.4608309881612465,1.7710365575228981,0.35142455781896964,0.4749291531161732,2.258516318996188,0.4382533148202678,0.17216325345150427,0.728508966183277,0.38979700220054125,0.0,7.883704135814996,-0.421459630007803,1.6764157049453237,3.8170597043825394,-0.0577880494244394,0.5586692421702816,2.3642432821148454,-0.24074580521008987,1.3230613105401976,2.258633922106819,-0.481795131418748,0.33913529014266547,0.7652076438456177,0.4237964251410577,0.0,1.3696409296635057,0.3400916025288517,0.0,0.5169077968385803,-0.38556283721308005,1.2896644518206468,-1.0740983970850606,0.21822641925876668,0.5841205588565263,3.17542992196951,0.14180645588436402,0.4083990164578209,0.6996121198711985,98
synthetic-fleet-01-unit-0001,53,0,539.0475011536712,1.35,48.37562522703851,530.0,2400.0,8300.0,8.535062161328984,0.031733517950767065,392.23782778183664,2400.0,102.0,660.0,40.0,24.32850015355703,1623.0281651852324,1445.260533817951,15.2,22.0,560.0,2400.0,9222.593534018064,0.6507297496714352,0.5328216398036902,-0.5822549900816459,-0.18514904071624616,0.7447757229226796,0.44552252627941374,0.35494724141344614,0.3548592906639519,0.16161508571304017,0.7092272589719937,0.2676892904021752,0.38979700220054125,0.32825626495339183,0.4859783870088814,-0.8628873803352715,0.36738500065090346,-2.1308955109342986,0.3400916025288517,0.48680931012541834,0.5314953783898292,0.3526786448949867,-0.08608893402208193,0.7484476731486566,3.7498812937024315,0.10405834602308683,0.606898296759975,3.3906394317791455,-0.08181462126887014,1.0594398715333113,1.4037940387032855,-0.3428515263422322,0.5842297483163873,0.30080007788185376,-0.3791412172213171,0.8327162371921991,4.941307352082849,0.2682325346208457,0.3964324730789257,2.803558547679602,0.35494724141344614,0.0,0.0,0.3268181163097924,0.06270197202482518,2.729676258957967,-0.9403521561072656,1.3822550453970495,2.6442134651521667,0.3588293125220198,0.48142504673455677,2.258516318996188,0.3887417604188458,0.17990818666593317,0.48095119417616683,0.38979700220054125,0.0,7.883704135814996,-0.421459630007803,1.6764157049453237,3.8170597043825394,0.1330385850078443,0.546271989521695,3.606734125601358,-0.5379457231840792,1.2451039554425893,2.094101314177687,-0.3109834304310144,0.5087363984149764,1.7014326015594685,-0.08714196207401362,1.1424929661270087,-1.1850510064118507,0.3400916025288517,0.0,0.5169077968385803,-0.38556283721308005,1.2896644518206468,1.7942870124346166,0.21822641925876668,0.5841205588565263,4.519296756835959,0.28128731876847163,0.3072613065709011,0.7901218878306213,97
synthetic-fleet-01-unit-0001,54,0,540.0,1.3244214846361748,48.5,530.0,2400.0,8221.321154598227,8.7,0.03150744887570745,400.0,2400.0,102.0,655.153861936639,38.55039760998864,24.119524007426783,1650.0,1460.1277308876115,15.036860152850586,22.0,560.0,2400.0,9190.048797853671,0.7594153544895171,-0.15893653353740808,0.6332531432970843,0.36436806715845554,0.07300561780845699,0.44552252627941374,0.35494724141344614,0.3548592906639519,-0.26438189089738257,-0.48759865263016855,0.5152470624092854,0.38979700220054125,0.32825626495339183,-0.6491163196850754,0.623112209534675,0.11305782931432116,0.4237964251410577,0.3400916025288517,0.48680931012541834,-2.801208488027238,-0.13026275222920267,0.2474782452162617,0.6563171092054443,3.8585668985205133,-0.03429328864513283,0.5618995997830128,2.698881258438047,0.3901515166213382,0.5435917626877472,2.6193021720820155,-0.3823355250256502,0.5097277301961477,0.8503171857565555,-0.3313648241072701,0.8545769807221945,4.269537246968627,0.44552252627941374,0.0,2.803558547679602,0.35494724141344614,0.0,0.0,0.3268181163097924,0.06270197202482518,2.729676258957967,-1.0972993854809583,1.2085762755431624,2.218216488541744,0.12227222608773211,0.5591484555451609,1.0616904073940254,0.3887417604188458,0.17990818666593317,0.728508966183277,0.38979700220054125,0.0,7.883704135814996,0.32825626495339183,0.0,3.8170597043825394,-0.09398035633094706,0.5964822165433129,2.471639418907401,-0.5379457231840792,1.2451039554425893,3.580100904047634,-0.10957835632243126,0.4099912771723057,1.4471054302228863,-0.0871419620740136,1.1424929661270087,1.3696409296635057,0.3400916025288517,0.0,0.5169077968385803,-0.38556283721308005,1.2896644518206468,1.7942870124346166,-0.4483143540246468,1.4284829378969996,1.1865928904188916,0.2700609476506838,0.32405988571331923,0.30718049070643205,96
synthetic-fleet-01-unit-0001,55,0,529.5679667758925,1.3053839068641122,48.5,530.0,2400.0,8300.0,8.7,0.032153877858959505,400.0,2400.0,100.7660111381272,660.0,40.0,24.5,1617.943747140234,1430.7418950674037,14.944448169402312,22.0,560.0,2400.0,9250.0,-0.4309397255344346,0.5328216398036902,-0.8113885113877036,-0.7217828351763692,-0.307524393219473,0.44552252627941374,0.35494724141344614,0.3548592906639519,0.5203542559710809,-1.3783722588250529,0.5152470624092854,0.38979700220054125,0.32825626495339183,0.4859783870088814,0.623112209534675,0.8402888967972347,0.4237964251410577,0.3400916025288517,-0.9723106931502749,0.5314953783898292,0.7490127575746718,0.11356805450469779,0.7234502772313934,2.6682118184965615,-0.034293288645132834,0.5618995997830128,3.3906394317791455,0.10122318568438063,0.733002413668158,1.1746605173972275,-0.3249582704763524,0.43178681323348006,-0.2358337165782693,-0.1630224633403023,0.7264926522747335,3.8890072359406966,0.44552252627941374,0.0,2.803558547679602,0.35494724141344614,0.0,0.0,0.3268181163097924,0.06270197202482518,2.729676258957967,-0.609203098324518,1.2836660636750918,3.0029526354102076,-0.14616832182726994,0.8827678667071969,0.1709168011991411,0.4657355080078636,0.11071120131325853,0.728508966183277,0.38979700220054125,0.0,7.883704135814996,0.32825626495339183,0.0,3.8170597043825394,0.010461276972787547,0.6522347889424238,3.606734125601358,0.06161889517252288,0.771053833251356,3.580100904047634,0.048660063269781985,0.5967085544758851,2.1743364977058,-0.0871419620740136,1.1424929661270087,1.3696409296635057,0.3400916025288517,0.0,0.5169077968385803,-0.6773868378682186,1.2052355827142736,0.3351670091589235,-0.4483143540246468,1.4284829378969996,4.519296756835959,0.27006094765068384,0.32405988571331923,1.1864560005103064,95
synthetic-fleet-01-unit-0001,56,0,525.4787656890283,1.321599625072328,47.945091759287486,530.0,2400.0,8300.0,8.68612907386364,0.03046245573419581,395.4285449781582,2400.0,101.63300750420687,652.5013206735952,40.0,24.384755585310668,1636.1895196845912,1470.0,14.940018961814975,22.0,560.0,2400.0,9250.0,-0.8975411235955271,-0.5375714537242546,0.010872379640058442,0.7292640691002898,-0.3257627898988165,0.44552252627941374,0.35494724141344614,0.3548592906639519,0.5203542559710809,-0.6196342534801886,-0.5892522220373403,0.38979700220054125,0.32825626495339183,0.4859783870088814,0.49814276216087106,-1.0625569675202375,-1.0807642767076593,0.3400916025288517,0.05286204511435087,0.5314953783898292,0.4826842809927702,-0.1580349749529722,0.8103514985844043,2.201610420435469,0.009487884564113602,0.496255937480926,2.3202463382512004,-0.023252967047024543,0.6702249590873954,1.9969214084249898,-0.06929618931472747,0.6082995128727527,1.2152131876983898,-0.21489866001834673,0.7271271542280825,3.870768839261353,0.44552252627941374,0.0,2.803558547679602,0.35494724141344614,0.0,0.0,0.3548592906639519,0.0,2.729676258957967,0.04527597696831818,0.5323591314929,3.0029526354102076,-0.2134301293982846,0.9082749648501539,0.9296548065440053,0.24483565111853842,0.47843282262062786,-0.3759903182633487,0.38979700220054125,0.0,7.883704135814996,0.32825626495339183,0.0,3.8170597043825394,0.010461276972787547,0.6522347889424238,3.606734125601358,0.03662500569776208,0.7500418199854131,3.4551314566738296,-0.062133039564145086,0.7561651397847933,0.2714906333883276,-0.38805410244375704,1.1720332117838264,-0.13491977218521123,0.3400916025288517,0.0,0.5169077968385803,-0.4654812254358693,1.2258354242839036,1.3603397474235492,-0.40381876186687415,1.4610638612210416,4.519296756835959,0.34325636163375794,0.32208799586986414,0.9201275239284049,94
synthetic-fleet-01-unit-0001,57,0,535.1404011486096,1.35,48.293659177728244,530.0,2400.0,8300.0,8.7,0.03141034038900826,400.0,2400.0,102.0,647.0033578847346,39.303401275902246,24.466229204271137,1627.3838636617097,1470.0,14.879267033570818,22.0,560.0,2400.0,9250.0,0.2049071339574638,-1.3223738357847128,-0.3859618212607867,0.7292640691002898,-0.5759244146372017,0.44552252627941374,0.35494724141344614,0.3548592906639519,0.5203542559710809,0.7092272589719937,0.10454260024694725,0.38979700220054125,0.32825626495339183,0.4859783870088814,0.623112209534675,0.003811012922165919,0.4237964251410577,0.3400916025288517,0.48680931012541834,-1.0700177517889864,0.670968848864021,0.05731427779769084,0.7101077919372545,3.30405867798846,-0.19064770868779893,0.7824611023345976,1.5354439561907425,-0.22709595995859874,0.5678035739463453,1.6000872075241446,0.18319286589328404,0.6292592373554432,1.2152131876983898,-0.07828605140487092,0.5152083917083103,3.620607214522968,0.44552252627941374,0.0,2.803558547679602,0.35494724141344614,0.0,0.0,0.3548592906639519,0.0,2.729676258957967,0.29165919254578004,0.3474900906154986,3.0029526354102076,-0.2134301293982846,0.9082749648501539,2.258516318996188,0.1626947586860708,0.45508681610258683,0.31780450402093885,0.38979700220054125,0.0,7.883704135814996,0.32825626495339183,0.0,3.8170597043825394,0.25895944567009005,0.5076297850135746,3.606734125601358,0.300918402085925,0.6528338027551404,3.580100904047634,0.05239715443287758,0.7016326969353739,1.3378586138307311,-0.38805410244375704,1.1720332117838264,1.3696409296635057,0.3400916025288517,0.0,0.5169077968385803,0.1081958564680662,0.6325742399746659,1.7942870124346166,-0.45534802092934756,1.4834469904134826,2.917783626657143,0.4250163560194494,0.3472605358502774,1.1084120917996556,93
synthetic-fleet-01-unit-0001,58,0,523.6146454396276,1.3432749309710672,48.5,530.0,2400.0,8300.0,8.7,0.031941432601379764,400.0,2400.0,101.69359753745914,656.9095718102459,40.0,24.5,1624.5726472503343,1460.079042496812,15.2,22.0,560.0,2400.0,9129.956845398188,-1.1102479814994868,0.09168089403148287,-0.5126516232776556,0.36256846071119775,0.7447757229226796,0.44552252627941374,0.35494724141344614,0.3548592906639519,-1.0509604004094932,0.3945593919493794,0.5152470624092854,0.38979700220054125,0.32825626495339183,0.4859783870088814,0.623112209534675,0.6012884876971425,0.4237964251410577,0.3400916025288517,0.12450623271532175,0.5314953783898292,0.7490127575746718,-0.29488126843649354,0.7758645980163074,1.9889035625315095,-0.2788758578422404,0.7011351540283309,2.949498686006938,-0.21317528659780066,0.5576824295211666,1.4733974055072756,0.29273636617877286,0.5958963212602859,0.8485175793092976,-0.07828605140487091,0.5152083917083102,4.941307352082849,0.44552252627941374,0.0,2.803558547679602,0.35494724141344614,0.0,0.0,0.3548592906639519,0.0,2.729676258957967,0.049144095321273354,0.7026103991651896,1.4316379790296334,-0.2763637028028074,0.8364217051734699,1.9438484519735733,0.21220631308749285,0.4820343208308916,0.728508966183277,0.38979700220054125,0.0,7.883704135814996,0.32825626495339183,0.0,3.8170597043825394,0.2589594456700901,0.5076297850135746,3.606734125601358,0.5981183200599143,0.05588803588767582,3.580100904047634,0.09917785184212538,0.7348938613589548,1.9353360886057076,0.12288428477131423,0.6728600011217049,1.3696409296635057,0.3400916025288517,0.0,0.5169077968385803,0.03573524098604689,0.5981776185676204,1.43198393502452,-0.45534802092934756,1.4834469904134826,4.519296756835959,0.5042831785553864,0.37104052913104246,1.1864560005103064,92
synthetic-fleet-01-unit-0001,59,0,540.0,1.3216678433398248,48.5,530.0,2399.4882780945536,8300.0,8.7,0.030695548029453616,400.0,2400.0,100.83562433907635,660.0,40.0,24.11040717166832,1650.0,1470.0,14.605504414491469,22.0,560.0,2400.0,9250.0,0.7594153544895171,0.5328216398036902,0.6332531432970843,0.7292640691002898,-1.7032121166224061,0.44552252627941374,0.35494724141344614,0.3548592906639519,0.5203542559710809,-0.6164423016009124,0.5152470624092854,0.38979700220054125,0.23059261169692788,0.4859783870088814,0.623112209534675,-0.8003286901778518,0.4237964251410577,0.3400916025288517,-0.8899971349526772,0.5314953783898292,-0.15133165162310427,-0.29488126843649354,0.7758645980163074,3.8585668985205133,-0.14052422317402075,0.792957049428033,3.3906394317791455,-0.21317528659780066,0.5576824295211666,2.6193021720820155,0.36571556656713966,0.628324203566963,1.2152131876983898,-0.43352959829104354,0.8729639751695507,2.4933195125377634,0.44552252627941374,0.0,2.803558547679602,0.35494724141344614,0.0,0.0,0.3548592906639519,0.0,2.729676258957967,0.206091324694966,0.7027132771417359,3.0029526354102076,-0.3021324325969562,0.8464806831371103,0.9328467584232816,0.21220631308749285,0.4820343208308916,0.728508966183277,0.38979700220054125,0.0,7.883704135814996,0.308723534302099,0.04367651352248442,3.7193960511260755,0.4859783870088814,0.0,3.606734125601358,0.5981183200599143,0.05588803588767583,3.580100904047634,-0.08349945205630921,0.8370096069365635,0.5337189107307133,0.12288428477131423,0.6728600011217049,1.3696409296635057,0.3400916025288517,0.0,0.5169077968385803,-0.23962604802957221,0.6530044548068579,0.41748056735652117,0.21119275235406593,0.7162184451876603,4.519296756835959,0.500069398676606,0.38005847727742254,0.2861115913125304,91
synthetic-fleet-01-unit-0001,60,0,534.9127297796098,1.3439874093785324,48.5,530.0,2400.0,8300.0,8.474553274538748,0.031161771015529208,398.2114927606535,2400.0,102.0,649.4130316309323,40.0,24.14317142397282,1625.3445927683665,1428.0739094318633,15.001213570530783,21.952050531850077,560.0,2400.0,9250.0,0.17892851935348775,-0.9784068486242793,-0.47786325748284186,-0.8203961611061963,-0.0737783149361002,0.15029445010613673,0.35494724141344614,0.3548592906639519,0.5203542559710809,0.4278964565671878,0.5152470624092854,0.38979700220054125,0.32825626495339183,0.4859783870088814,-1.4080393095607104,-0.2758289405794928,-0.16483841747158692,0.3400916025288517,0.48680931012541834,0.5314953783898292,-0.07561385283758022,-0.1729076194589091,0.7967840758093131,3.278080063384484,-0.44276992085961464,0.7594428653535124,1.8794109433511759,-0.14647023581682833,0.4832162066316095,1.5081857713020894,0.3459929013811743,0.671086536571772,-0.33444704250809637,-0.38678038263436904,0.8875360043574464,4.122753314224069,0.3864769110447582,0.13203000943798668,2.5083304715063246,0.35494724141344614,0.0,0.0,0.3548592906639519,0.0,2.729676258957967,0.206091324694966,0.7027132771417359,3.0029526354102076,0.05912131048149192,0.6301283338953417,1.9771855165913816,0.21220631308749285,0.4820343208308916,0.728508966183277,0.38979700220054125,0.0,7.883704135814996,0.3087235343020989,0.04367651352248442,3.8170597043825394,0.4859783870088814,0.0,3.606734125601358,0.19188801624083718,0.8960220884401787,1.5489493849522482,-0.3067230195316547,0.6589389656319343,1.0582186603290724,0.0051573162487853095,0.6583882528596894,0.7810060870508612,0.3400916025288517,0.0,0.5169077968385803,0.052197952625566424,0.5636343175279239,1.7942870124346166,0.21119275235406593,0.7162184451876603,4.519296756835959,0.33514407659415574,0.42166763730935813,0.3618293900980545,90
synthetic-fleet-01-unit-0001,61,0,535.3731905370812,1.3354264611105657,48.5,530.0,2400.0,8300.0,8.7,0.030216277044454065,400.0,2400.0,102.0,660.0,39.64184270556624,24.5,1650.0,1470.0,14.898349867351932,22.0,560.0,2400.0,9250.0,0.2314697440632738,0.5328216398036902,0.6332531432970843,0.7292640691002898,-0.49734595891953864,0.44552252627941374,0.35494724141344614,0.3548592906639519,0.5203542559710809,0.0273272847739453,0.5152470624092854,0.38979700220054125,0.32825626495339183,0.4859783870088814,0.623112209534675,-1.3395074075079023,0.4237964251410577,0.3400916025288517,0.48680931012541834,-0.2919250354903621,0.7490127575746718,0.05289455407285108,0.6933530274699008,3.33062128809427,-0.2286913021540257,0.8690018916283963,3.3906394317791455,-0.021994083085423166,0.5999441423394586,2.6193021720820155,0.3459929013811743,0.671086536571772,1.2152131876983898,-0.42109701643851344,0.8879040037330774,3.699185670240631,0.3864769110447582,0.13203000943798668,2.803558547679602,0.35494724141344614,0.0,0.0,0.3548592906639519,0.0,2.729676258957967,0.206091324694966,0.7027132771417359,3.0029526354102076,0.1885136181323187,0.5110862859578112,1.5766163447981392,0.43310616997681795,0.1836726192114956,0.728508966183277,0.38979700220054125,0.0,7.883704135814996,0.308723534302099,0.04367651352248442,3.8170597043825394,0.4859783870088814,0.0,3.606734125601358,0.21688190571559804,0.9083585738598486,3.580100904047634,-0.3621131075291877,0.7444495563142486,-0.0054598065993372025,0.30606945661852875,0.2632455044013523,1.3696409296635057,0.3400916025288517,0.0,0.5169077968385803,0.13898740562777992,0.5962296371507347,1.7942870124346166,0.046508669578027684,0.7188193350051977,3.6958763429557675,0.38840977191053605,0.46004004910200647,1.1864560005103064,89
synthetic-fleet-01-unit-0001,62,0,540.0,1.3207498690252448,48.5,530.0,2400.0,8300.0,8.7,0.0313628362940281,400.0,2400.0,102.0,660.0,40.0,24.5,1631.365307494639,1441.5598456511611,14.824936181446716,21.774081870819952,560.0,2400.0,9250.0,0.7594153544895171,0.5328216398036902,-0.20653474873302613,-0.32193282376775667,-0.7996456138419916,-0.9454704758108121,0.35494724141344614,0.3548592906639519,0.5203542559710809,-0.6593945773779624,0.5152470624092854,0.38979700220054125,0.32825626495339183,0.4859783870088814,0.623112209534675,-0.04963098085793169,0.4237964251410577,0.3400916025288517,0.48680931012541834,0.5314953783898292,0.7490127575746718,0.16379619817926178,0.7644477788667802,3.8585668985205133,0.14234779296365493,0.6549938122773455,3.3906394317791455,0.013891331420128961,0.5776841316159957,1.779514280051905,0.13575352280756495,0.6855022908545692,0.16401629483034325,-0.4658412562794714,0.9031626876910597,3.396886015318178,0.10827831062671296,0.6027754233271557,1.412565545589376,0.35494724141344614,0.0,0.0,0.3548592906639519,0.0,2.729676258957967,0.206091324694966,0.7027132771417359,3.0029526354102076,-0.0852107491376725,0.5286816700167516,0.8898944826462316,0.5152470624092854,0.0,0.728508966183277,0.38979700220054125,0.0,7.883704135814996,0.308723534302099,0.04367651352248442,3.8170597043825394,0.4859783870088814,0.0,3.606734125601358,0.21688190571559804,0.9083585738598486,3.580100904047634,-0.3728015062852072,0.7382401329863783,1.2844166200506335,0.3060694566185287,0.2632455044013523,1.3696409296635057,0.3400916025288517,0.0,0.5169077968385803,0.13898740562777992,0.5962296371507347,1.7942870124346166,0.36681129561379083,0.3682448038994238,4.519296756835959,0.40401855365266615,0.4731606751608861,1.1864560005103064,88
synthetic-fleet-01-unit-0001,63,0,538.6761704765127,1.3356864751338775,48.5,530.0,2380.0,8298.923742062776,8.63643058743484,0.0308772556950763,400.0,2400.0,102.0,658.2574879498617,39.80173227330983,24.049500875536506,1650.0,1459.2566343441194,14.733584195771153,21.934024053761853,560.0,2400.0,9250.0,0.6083587805200962,0.284088125184722,0.6332531432970843,0.33217084457396095,-1.1758108125470172,0.03930422119418962,0.35494724141344614,0.3548592906639519,0.5203542559710809,0.039493413888677414,0.5152470624092854,0.38979700220054125,-3.4888034394291476,0.4704512820883409,0.05038661932902727,-0.595907998865673,0.4237964251410577,0.3400916025288517,0.48680931012541834,0.07566857796569951,-0.2920853801813181,0.5075175505831784,0.28339332376124576,3.7075103245510923,0.18082923919430277,0.6569221139330687,3.141905917160177,0.24307228473507694,0.5428208377866494,2.6193021720820155,0.12967399958011758,0.6831184941662279,0.8181199631720608,-0.8499585633734108,0.6252087919643419,3.020720816613152,0.02703464960966815,0.5725761839295941,2.3973402425943777,0.35494724141344614,0.0,0.0,0.3548592906639519,0.0,2.729676258957967,0.5203542559710809,0.0,3.0029526354102076,-0.15622394474981288,0.468554853536109,1.5887824739128713,0.5152470624092854,0.0,0.728508966183277,0.38979700220054125,0.0,7.883704135814996,-0.45468840657440895,1.696648990114001,0.0,0.48287296602477336,0.0069439324192200015,3.5912070206808173,0.10233678767446848,0.879993735081608,3.007375313841986,-0.6122408035977703,0.498563757450924,0.7381396020428921,0.3060694566185287,0.2632455044013523,1.3696409296635057,0.3400916025288517,0.0,0.5169077968385803,0.21144802110979924,0.6157265606108904,1.7942870124346166,0.2756459355289648,0.3736658142372847,4.063469956411829,0.19579892610146818,0.510951738803772,0.1453578627543166,87
synthetic-fleet-01-unit-0001,64,0,535.3716913139656,1.3451981116684644,48.5,530.0,2400.0,8212.12947613198,8.662740304110942,0.03039058577057704,396.7931125791521,2400.0,102.0,657.9306201195991,40.0,23.976287725532586,1650.0,1470.0,15.2,22.0,560.0,2400.0,9201.391115539533,0.23129867407016466,0.23742963336503228,0.6332531432970843,0.7292640691002898,0.7447757229226796,0.44552252627941374,0.35494724141344614,0.3548592906639519,-0.11591569908297933,0.4845455564549733,0.5152470624092854,0.38979700220054125,0.32825626495339183,-0.7817240812681372,0.28742275673267376,-1.1434105055214214,-0.6316567654968807,0.3400916025288517,0.48680931012541834,0.5314953783898292,-0.4612801021890565,0.4018942144993079,0.26377548327679573,3.330450218101161,0.12175083790657118,0.6300873594465132,3.0952474253404874,0.24307228473507694,0.5428208377866494,2.6193021720820155,0.12967399958011758,0.6831184941662279,1.2152131876983898,-0.3603609954643937,0.7382667301596004,4.941307352082849,0.02703464960966815,0.572576183929594,2.803558547679602,0.35494724141344614,0.0,0.0,0.3548592906639519,0.0,2.729676258957967,0.3931002649602688,0.28454857430832287,2.3666826803561474,0.06397362686136425,0.4567615264181037,2.0338346164791674,0.5152470624092854,0.0,0.728508966183277,0.38979700220054125,0.0,7.883704135814996,-0.4351556759231161,1.7070409946349219,3.8170597043825394,0.22933247236936963,0.5652377843786411,2.3390316573243393,0.035198897114068206,0.8423283488811764,3.2444114512456323,-0.6808571666664843,0.551698843059768,0.19063709538714368,0.09497881849094107,0.47954856984195626,0.3141877390255674,0.3400916025288517,0.0,0.5169077968385803,0.48680931012541834,0.0,1.7942870124346166,0.2756459355289649,0.3736658142372847,4.519296756835959,0.13380923598827776,0.5779979066944294,-0.023836859253421827,86
synthetic-fleet-01-unit-0001,65,0,540.0,1.3459857732902043,48.147175848882476,530.0,2400.0,8237.270658270547,8.7,0.03055616681582563,400.0,2400.0,101.42955673862038,656.4843313630811,40.0,24.5,1650.0,1470.0,14.84057458038827,22.0,560.0,2400.0,9250.0,0.7594153544895171,0.030980280240577293,0.6332531432970843,0.7292640691002898,-0.7352505007880756,0.44552252627941374,0.35494724141344614,0.3548592906639519,0.5203542559710809,0.5214004647662723,-0.1870204367080781,0.38979700220054125,0.32825626495339183,-0.4190138429596306,0.623112209534675,-0.9571322237443884,0.4237964251410577,0.3400916025288517,-0.18770664308148274,0.5314953783898292,0.7490127575746718,0.5179915815265137,0.26880508434850164,3.8585668985205133,0.32362826367954256,0.21340115150790026,2.8887980722160327,0.46529556489106216,0.37556456265212035,2.6193021720820155,0.43960604562141475,0.4591266393141713,1.2152131876983898,-0.4926554326347888,0.733323679785074,3.461281128372094,0.08608026484432355,0.6028849696920701,2.803558547679602,0.35494724141344614,0.0,0.0,0.3548592906639519,0.0,2.729676258957967,0.3931002649602688,0.28454857430832287,3.0029526354102076,0.08267442850118116,0.476858274073103,2.0706895247904664,0.37479356258581287,0.3140635732830397,0.026241467065913487,0.38979700220054125,0.0,7.883704135814996,-0.4351556759231161,1.7070409946349219,3.8170597043825394,0.048334026375667236,0.6059411364555068,2.701741895632846,0.44142920093314525,0.2625159196726911,3.580100904047634,-0.8171178232994635,0.5091492080520005,0.37691537716417667,0.21270578701347,0.47201301626709474,1.3696409296635057,0.3400916025288517,0.0,0.5169077968385803,0.35190611948403816,0.3016527046557396,1.1197710592277157,0.2756459355289649,0.3736658142372847,4.519296756835959,0.2987345580707282,0.6194638516676151,1.1864560005103064,85
synthetic-fleet-01-unit-0001,66,0,522.689706288211,1.3301748754500256,48.5,530.0,2400.0,8300.0,8.665555228270819,0.030975073300834665,400.0,2400.0,102.0,660.0,40.0,24.272018200967796,1650.0,1464.2015031321641,15.128727214741563,22.0,560.0,2400.0,9232.017647496928,-1.2157888663825405,0.5328216398036902,0.6332531432970843,0.5149416777373534,0.4512917747552341,0.44552252627941374,0.35494724141344614,0.3548592906639519,0.28497278721507946,-0.21839588195925042,0.5152470624092854,0.38979700220054125,0.32825626495339183,0.4859783870088814,0.3127836816774636,-0.48586342521984616,0.4237964251410577,0.3400916025288517,0.48680931012541834,0.5314953783898292,0.22214952183064518,0.2285398594373509,0.8357650798210162,1.8833626776484558,0.32362826367954256,0.2134011515079003,3.3906394317791455,0.46529556489106216,0.37556456265212035,2.6193021720820155,0.39674156734882754,0.43467687801527205,1.0008907963354534,-0.3029278858998342,0.8458850537582459,4.647823403915403,0.08608026484432355,0.6028849696920701,2.803558547679602,0.35494724141344614,0.0,0.0,0.3548592906639519,0.0,2.729676258957967,0.3460239712090686,0.2776187361347423,2.767571166654206,0.03352979515454202,0.4962558072194254,1.3308931780649436,0.37479356258581287,0.3140635732830397,0.728508966183277,0.38979700220054125,0.0,7.883704135814996,-0.4351556759231161,1.7070409946349219,3.8170597043825394,0.048334026375667236,0.6059411364555068,3.606734125601358,0.379363495361703,0.2449176531489977,3.2697723761904225,-0.6463890268418522,0.42662297555869483,0.848184175688719,0.21270578701347,0.47201301626709474,1.3696409296635057,0.3400916025288517,0.0,0.5169077968385803,0.3519061194840381,0.3016527046557396,1.7942870124346166,0.4403300183050032,0.20385194234291676,4.519296756835959,0.19336191092192284,0.5662463445981695,0.6595927647662798,84
synthetic-fleet-01-unit-0001,67,0,537.4950114754512,1.35,48.5,530.0,2400.0,8300.0,8.7,0.03124388891371889,400.0,2400.0,102.0,644.17263373227,40.0,24.5,1623.1562487610395,1470.0,14.959237509576818,22.0,560.0,2400.0,9250.0,0.4735817349504556,-1.7264433326374984,-0.5764827973771111,0.7292640691002898,-0.246625497105523,0.44552252627941374,0.35494724141344614,0.3548592906639519,0.5203542559710809,0.7092272589719937,0.5152470624092854,0.38979700220054125,0.32825626495339183,0.4859783870088814,0.623112209534675,-0.18344650057888673,0.4237964251410577,0.3400916025288517,0.48680931012541834,0.5314953783898292,0.7490127575746718,0.17137313552953856,0.799357497070187,3.5727332789814517,-0.12822473080869523,0.911089491231698,1.1313744593379569,0.3913059551622452,0.5410103596344307,1.4095662314078203,0.6069809459224368,0.17947932007169018,1.2152131876983898,-0.19232386255254047,0.7995875975331355,3.9499061320546467,0.36427886526236875,0.1816663487750617,2.803558547679602,0.35494724141344614,0.0,0.0,0.3548592906639519,0.0,2.729676258957967,0.3460239712090685,0.2776187361347423,3.0029526354102076,0.3072541624245332,0.38303950030284045,2.258516318996188,0.3747935625858129,0.3140635732830397,0.728508966183277,0.38979700220054125,0.0,7.883704135814996,-0.435155675923116,1.7070409946349219,3.8170597043825394,0.048334026375667236,0.6059411364555068,3.606734125601358,0.379363495361703,0.24491765314899772,3.580100904047634,-0.6731521307860431,0.3816552605463373,1.1506011003296783,0.21270578701346995,0.47201301626709474,1.3696409296635057,0.3400916025288517,0.0,0.5169077968385803,0.3519061194840381,0.3016527046557396,1.7942870124346166,0.44033001830500307,0.20385194234291676,4.519296756835959,0.19336191092192284,0.5662463445981695,1.1864560005103064,83
synthetic-fleet-01-unit-0001,68,0,526.6124774295719,1.3410082316738205,48.107391523954796,530.0,2400.0,8300.0,8.7,0.031713401346862465,400.0,2400.0,102.0,660.0,39.67000384724059,23.890083460431274,1650.0,1462.3009637012224,15.11682643536407,22.0,560.0,2400.0,9250.0,-0.768178083750114,0.5328216398036902,0.6332531432970843,0.44469448005782486,0.40228726756063227,0.44552252627941374,0.35494724141344614,0.3548592906639519,0.5203542559710809,0.28849989576017204,-0.26620786841461186,0.38979700220054125,0.32825626495339183,0.4859783870088814,0.623112209534675,0.3447538691411807,0.4237964251410577,0.3400916025288517,0.48680931012541834,-0.22718125030656686,-0.6604971372287597,-0.10393423732450346,0.8468646474603173,2.330973460280882,-0.07847802788490159,0.9453759813897796,3.3906394317791455,0.39130595516224514,0.5410103596344308,2.6193021720820155,0.6294856730192097,0.1388662097350809,0.9306435986559247,0.1232957534689894,0.6011652039315784,4.598818896720802,0.44552252627941374,0.0,2.803558547679602,0.35494724141344614,0.0,0.0,0.3548592906639519,0.0,2.729676258957967,0.3460239712090686,0.2776187361347423,3.0029526354102076,0.35705545879883216,0.35465902414425854,1.837788955784366,0.21850257642103346,0.40729749551261,-0.05294596464062026,0.38979700220054125,0.0,7.883704135814996,0.32825626495339183,0.0,3.8170597043825394,0.051439447359775334,0.6086789042718209,3.606734125601358,0.4939086134028326,0.17714637849637802,3.580100904047634,-0.48501975718467244,0.5991327003256566,1.6788014700497458,0.21270578701347,0.47201301626709474,1.3696409296635057,0.3400916025288517,0.0,0.5169077968385803,0.3519061194840381,0.3016527046557396,1.7942870124346166,0.37976005265054985,0.33929050294110186,3.760620128139563,0.1196795595124345,0.6612129853924363,-0.223053894293125,82
synthetic-fleet-01-unit-0001,69,0,527.2293943203247,1.3350641311542868,48.5,530.0,2400.0,8300.0,8.605601054671205,0.03154797956861783,400.0,2400.0,102.0,660.0,40.0,24.5,1650.0,1447.5607177118752,15.1190946621266,22.0,560.0,2400.0,9250.0,-0.6977843130359674,0.5328216398036902,0.6332531432970843,-0.10013029810815705,0.4116272722088643,0.44552252627941374,0.35494724141344614,0.3548592906639519,0.5203542559710809,0.01037376444423913,0.5152470624092854,0.38979700220054125,0.32825626495339183,0.4859783870088814,-0.22737058551722497,0.15865476236449672,0.4237964251410577,0.3400916025288517,0.48680931012541834,0.5314953783898292,0.7490127575746718,-0.2897508347457299,0.8567900402996502,2.401367230995029,-0.019399626597170004,0.9786957303652862,3.3906394317791455,0.39130595516224514,0.5410103596344308,2.6193021720820155,0.46360679957752027,0.3398308515103316,0.38581882048994287,0.056666063326226354,0.5292207818804134,4.608158901369034,0.44552252627941374,0.0,2.803558547679602,0.35494724141344614,0.0,0.0,0.3548592906639519,0.0,2.729676258957967,0.4732779622198805,0.10526579295643239,3.0029526354102076,0.26222110039668534,0.37486623886404347,1.5596628244684332,0.21850257642103346,0.40729749551261,0.728508966183277,0.38979700220054125,0.0,7.883704135814996,0.32825626495339183,0.0,3.8170597043825394,0.30497994101517906,0.40472482906374313,3.606734125601358,0.39094994495285285,0.3708531361612419,2.7296181089957336,-0.2246067036074888,0.5190384589923267,1.4927023632730618,0.4237964251410577,0.0,1.3696409296635057,0.3400916025288517,0.0,0.5169077968385803,0.35190611948403816,0.3016527046557396,1.7942870124346166,0.37976005265054985,0.33929050294110186,4.519296756835959,0.36173813146518013,0.6153037527486394,1.1864560005103064,81
synthetic-fleet-01-unit-0001,70,0,537.7262064170546,1.342214264277442,48.5,530.0,2400.0,8300.0,8.673614006857498,0.03063160287111224,400.0,2400.0,100.86089515302456,660.0,40.0,24.00222352783962,1632.8020101116758,1450.8113800205472,14.656434880823925,22.0,560.0,2400.0,9250.0,0.4999624094845004,0.5328216398036902,-0.14178855225629702,0.020019757222986025,-1.4934928768444273,0.44552252627941374,0.35494724141344614,0.3548592906639519,0.5203542559710809,0.34493049971510176,0.5152470624092854,0.38979700220054125,0.32825626495339183,0.4859783870088814,0.38538886294544855,-0.8722668411051464,0.4237964251410577,0.3400916025288517,-0.8601158683787381,0.5314953783898292,-0.40134277042349786,-0.34164142374673323,0.7819512200212003,3.599113953515497,0.08096864531545259,1.0103740115125341,3.3906394317791455,0.2362976160515689,0.5648633071264488,1.8442604765286343,0.3217579372020595,0.34911681822186563,0.505968875821086,-0.09498241188504397,0.8338424819771643,2.7030387523157424,0.44552252627941374,0.0,2.803558547679602,0.35494724141344614,0.0,0.0,0.3548592906639519,0.0,2.729676258957967,0.4732779622198805,0.10526579295643239,3.0029526354102076,0.22692710738645122,0.35197207285090615,1.8942195597392957,0.35895607624450615,0.349477269334926,0.728508966183277,0.38979700220054125,0.0,7.883704135814996,0.32825626495339183,0.0,3.8170597043825394,0.4859783870088814,0.0,3.606734125601358,0.34340527563500756,0.3481943871737206,3.3423775574584074,-0.20763362707964034,0.4896512220627212,0.4617807598034187,0.4237964251410577,0.0,1.3696409296635057,0.3400916025288517,0.0,0.5169077968385803,0.21742427442458703,0.6023632519482665,0.44736183393046025,0.3797600526505499,0.33929050294110186,4.519296756835959,0.1316670258655462,0.6484678271175129,0.03610047251213683,80
synthetic-fleet-01-unit-0001,71,0,540.0,1.35,48.5,528.7046028499644,2380.0,8300.0,8.563947736314638,0.031485749805391545,400.0,2380.0,102.0,660.0,40.0,24.5,1626.2533957898318,1470.0,14.896980029387944,21.925180704723054,560.0,2400.0,9250.0,0.7594153544895171,0.5328216398036902,-0.43690729464914724,0.7292640691002898,-0.5029866175883869,-0.015144869158389104,0.35494724141344614,0.3548592906639519,0.5203542559710809,0.7092272589719937,0.5152470624092854,0.03335223726194915,-3.4888034394291476,0.4859783870088814,-0.6026441703617484,0.08864642685857752,0.4237964251410577,-3.4057231021686043,0.48680931012541834,0.5314953783898292,0.7490127575746718,0.05339942042767824,0.7269279153694828,3.8585668985205133,0.08096864531545259,1.0103740115125341,3.3906394317791455,0.022265528462322593,0.5794101982928536,1.549141734135784,0.36462241547464674,0.38957819609835104,1.2152131876983898,-0.28583809035376817,0.7853495454036186,3.6935450115717825,0.353389047191853,0.20601672224334072,2.342891152241799,0.35494724141344614,0.0,0.0,0.3548592906639519,0.0,2.729676258957967,0.5203542559710809,0.0,3.0029526354102076,0.4124517355727001,0.2990573913688096,2.258516318996188,0.3589560762445062,0.349477269334926,0.728508966183277,0.31850804921282283,0.15940694492532512,7.527259370876404,-0.4351556759231162,1.7070409946349219,0.0,0.4859783870088814,0.0,3.606734125601358,0.16031970522716515,0.5503243513678034,2.35434452415121,-0.09273165666395564,0.47523441921632864,1.4226940277671427,0.4237964251410577,0.0,1.3696409296635057,-0.40907133841063936,1.6751792621643624,-3.2289069078588755,0.21742427442458703,0.6023632519482665,1.7942870124346166,0.37976005265054985,0.33929050294110186,4.519296756835959,0.23703967301435158,0.7070102170007346,1.1864560005103064,79
synthetic-fleet-01-unit-0001,72,0,526.2519766793862,1.3370119308127393,48.5,530.0,2400.0,8300.0,8.7,0.03164635042905073,400.0,2400.0,102.0,659.0365317721295,40.0,24.5,1650.0,1418.8773637238291,14.64881229945979,22.0,560.0,2400.0,9058.83095100912,-0.8093132958528038,0.3952921239975177,0.6332531432970843,-1.1603162668421607,-1.524880807958136,0.44552252627941374,0.35494724141344614,0.3548592906639519,-1.981968592192156,0.10151185704607456,0.5152470624092854,0.38979700220054125,0.32825626495339183,0.4859783870088814,0.623112209534675,0.26932174620228017,0.4237964251410577,0.3400916025288517,0.48680931012541834,0.5314953783898292,0.7490127575746718,-0.20317958573297362,0.7668528049691278,2.2898382481781923,0.5053157366424558,0.06150506925104674,3.253109915972973,0.2642127165971616,0.5159890527175034,2.6193021720820155,-0.01329365171384338,0.7220554624771188,-0.6743671482440607,-0.5414891525242908,0.9583837350583093,2.6716508212020336,0.353389047191853,0.20601672224334072,2.803558547679602,0.35494724141344614,0.0,0.0,0.3548592906639519,0.0,2.729676258957967,0.01988968633843342,1.1190727980287765,0.5006297872469707,0.2909086551875162,0.27040968369813506,1.6508009170702684,0.35895607624450615,0.349477269334926,0.728508966183277,0.31850804921282283,0.15940694492532512,7.883704135814996,-0.4351556759231161,1.7070409946349219,3.8170597043825394,0.4859783870088814,0.0,3.606734125601358,0.16031970522716513,0.5503243513678034,3.580100904047634,-0.002178007307722252,0.49629746105369543,1.6033693471108452,0.4237964251410577,0.0,1.3696409296635057,-0.40907133841063936,1.6751792621643624,0.5169077968385803,0.21742427442458706,0.6023632519482665,1.7942870124346166,0.3797600526505499,0.33929050294110186,4.519296756835959,0.23703967301435158,0.7070102170007346,1.1864560005103064,78
synthetic-fleet-01-unit-0001,73,0,540.0,1.35,48.03309161434133,530.0,2400.0,8300.0,8.7,0.03188265262533419,400.0,2400.0,102.0,660.0,39.86553216215933,24.5,1650.0,1470.0,15.159591609428789,22.0,560.0,2400.0,9132.885337198015,0.7594153544895171,0.5328216398036902,0.6332531432970843,0.7292640691002898,0.5783838250765491,0.44552252627941374,0.35494724141344614,0.3548592906639519,-1.01262766830643,0.7092272589719937,-0.41409573704159286,0.38979700220054125,0.32825626495339183,0.4859783870088814,0.623112209534675,0.5351611545580988,0.4237964251410577,0.3400916025288517,0.48680931012541834,0.22234751400418687,0.7490127575746718,0.10233910191495259,0.7894476346829216,3.8585668985205133,0.5053157366424558,0.06150506925104674,3.3906394317791455,0.2642127165971616,0.5159890527175034,2.6193021720820155,0.04362026609464962,0.7763535330742691,1.2152131876983898,-0.5062698410211073,1.003892062155555,4.7749154542367185,0.35338904719185293,0.20601672224334072,2.803558547679602,0.35494724141344614,0.0,0.0,0.3548592906639519,0.0,2.729676258957967,-0.28670669851706865,1.1570346035560841,1.4699707111326967,0.37505412782988057,0.32865937437949444,2.258516318996188,0.32937850251910994,0.4156147347944236,-0.20083383326760126,0.31850804921282283,0.15940694492532512,7.883704135814996,-0.4351556759231161,1.7070409946349219,3.8170597043825394,0.4859783870088814,0.0,3.606734125601358,0.16031970522716513,0.5503243513678034,3.580100904047634,0.03590344977566136,0.5353422597982798,1.8692087554666639,0.4237964251410577,0.0,1.3696409296635057,-0.40907133841063936,1.6751792621643624,0.5169077968385803,0.21742427442458703,0.6023632519482665,1.7942870124346166,0.46966580551270065,0.1382551279730365,4.2101488924503165,0.5189416519750379,0.5144546317793195,1.1864560005103064,77
synthetic-fleet-01-unit-0001,74,0,528.0152484301577,1.35,48.30515907676297,530.0,2400.0,8300.0,8.7,0.03245924374973017,400.0,2400.0,102.0,660.0,39.98669789012286,24.391592195562893,1635.3177422648566,1443.2327467303026,14.899462970585645,22.0,560.0,2400.0,9250.0,-0.6081138325359874,0.5328216398036902,-0.0284149937055305,-0.2600995300767592,-0.4927624712592265,0.44552252627941374,0.35494724141344614,0.3548592906639519,0.5203542559710809,0.7092272589719937,0.1274322049115898,0.38979700220054125,0.32825626495339183,0.4859783870088814,0.623112209534675,1.183824797060905,0.4237964251410577,0.3400916025288517,0.48680931012541834,0.5009132040470461,0.49848360626478244,0.1202731980149486,0.7674385977927564,2.491037711495009,0.5053157366424558,0.06150506925104674,3.3906394317791455,0.1318790891966387,0.4813673248389579,1.9576340350794008,0.011626419700929192,0.7869820029883233,0.22584958852134074,-0.6871477897147256,0.8696637664608721,3.703769157900943,0.35338904719185293,0.20601672224334072,2.803558547679602,0.35494724141344614,0.0,0.0,0.3548592906639519,0.0,2.729676258957967,-0.28670669851706865,1.1570346035560841,3.0029526354102076,0.5148248267354314,0.2797626718513353,2.258516318996188,0.2518155310195708,0.40838019783514906,0.34069410868558136,0.31850804921282283,0.15940694492532512,7.883704135814996,-0.4351556759231161,1.7070409946349219,3.8170597043825394,0.4859783870088814,0.0,3.606734125601358,0.3304162642375451,0.5316569642174037,3.580100904047634,0.24093745671494302,0.7481353746660286,2.5178723979694704,0.4237964251410577,0.0,1.3696409296635057,-0.40907133841063936,1.6751792621643624,0.5169077968385803,0.21742427442458706,0.6023632519482665,1.7942870124346166,0.463549370644144,0.1354846592781378,4.488714582493175,0.46883582171306,0.4983942012874986,0.9359268492004171,76
synthetic-fleet-01-unit-0001,75,0,533.5674564842603,1.332985399540022,48.364674175484524,530.0,2400.0,8300.0,8.7,0.031309665051853244,400.0,2400.0,102.0,660.0,40.0,24.3323525548413,1650.0,1470.0,15.2,22.0,555.1297892433087,2400.0,9250.0,0.025425087497156225,0.5328216398036902,0.6332531432970843,0.7292640691002898,0.7447757229226796,0.44552252627941374,-0.8984577711094188,0.3548592906639519,0.5203542559710809,-0.08689067111159296,0.2458921215769525,0.38979700220054125,0.32825626495339183,0.4859783870088814,0.623112209534675,-0.10944850174271935,0.4237964251410577,0.3400916025288517,0.48680931012541834,0.5314953783898292,0.36158149860800715,0.02536573361747977,0.7375030742815736,3.1245766315281527,0.5053157366424558,0.06150506925104674,3.3906394317791455,0.28688742830731495,0.4957827255633034,2.6193021720820155,0.15347528207638997,0.8502485726310676,1.2152131876983898,-0.23949406976130416,0.9251356047013597,4.941307352082849,0.353389047191853,0.20601672224334072,2.803558547679602,0.10426623890887313,0.5605397622680203,-1.2534050125228648,0.3548592906639519,0.0,2.729676258957967,-0.28670669851706865,1.1570346035560841,3.0029526354102076,0.4284605925700925,0.39018334265008237,1.462398388912601,0.19794454285310426,0.38184618701593664,0.4591540253509441,0.31850804921282283,0.15940694492532512,7.883704135814996,-0.435155675923116,1.7070409946349219,3.8170597043825394,0.4859783870088814,0.0,3.606734125601358,0.3779609335553904,0.5481749178604916,3.580100904047634,0.3935011245874285,0.5014963366596916,1.2245990991658458,0.4237964251410577,0.0,1.3696409296635057,-0.40907133841063936,1.6751792621643624,0.5169077968385803,0.48680931012541834,0.0,1.7942870124346166,0.4635493706441439,0.1354846592781378,4.519296756835959,0.621420675519361,0.1812933665806102,0.7990247415436418,75
synthetic-fleet-01-unit-0001,76,0,540.0,1.35,48.5,530.0,2400.0,8300.0,8.7,0.031136704034467447,400.0,2400.0,100.87758233641098,654.6282218535644,39.97828410006029,24.36736806789807,1650.0,1470.0,15.2,22.0,560.0,2400.0,9250.0,0.7594153544895171,-0.23396861453644208,0.6332531432970843,0.7292640691002898,0.7447757229226796,0.44552252627941374,0.35494724141344614,0.3548592906639519,0.5203542559710809,0.7092272589719937,0.5152470624092854,0.38979700220054125,0.32825626495339183,0.4859783870088814,0.623112209534675,-0.304029234607785,0.4237964251410577,0.3400916025288517,-0.8403842453229944,0.48156950617101957,0.4425019343122675,0.025365733617479756,0.7375030742815736,3.8585668985205133,0.3519576857744293,0.3329124556596644,2.623849177439013,0.5009195158965613,0.2959069865766983,2.6193021720820155,0.15347528207638997,0.8502485726310676,1.2152131876983898,0.010058398340909136,1.001433981685118,4.941307352082849,0.44552252627941374,0.0,2.803558547679602,0.10426623890887314,0.5605397622680203,0.0,0.3548592906639519,0.0,2.729676258957967,-0.28670669851706865,1.1570346035560841,3.0029526354102076,0.4284605925700925,0.39018334265008237,2.258516318996188,0.19794454285310426,0.38184618701593664,0.728508966183277,0.38979700220054125,0.0,7.883704135814996,0.32825626495339183,0.0,3.8170597043825394,0.4859783870088814,0.0,3.606734125601358,0.623112209534675,0.0,3.580100904047634,0.3149659922941559,0.5849717264497508,1.03001836630078,0.4237964251410577,0.0,1.3696409296635057,0.3400916025288517,0.0,0.5169077968385803,0.2213705990357358,0.5935390018564575,0.46709345698620397,0.4535641962003821,0.1309903797720665,4.469370884617149,0.5601185108668801,0.17917277880655294,0.8799451772479021,74
synthetic-fleet-01-unit-0001,77,0,539.7564082843247,1.35,48.5,530.0,2400.0,8300.0,8.7,0.03158698867991575,400.0,2400.0,102.0,660.0,40.0,24.44253657168207,1650.0,1470.0,14.747869451291624,22.0,560.0,2400.0,9250.0,0.7316201366276965,0.5328216398036902,0.6332531432970843,0.7292640691002898,-1.1169876141056103,0.44552252627941374,0.35494724141344614,0.3548592906639519,0.5203542559710809,0.7092272589719937,0.5152470624092854,0.38979700220054125,0.32825626495339183,0.4859783870088814,0.623112209534675,0.20253991972243351,0.4237964251410577,0.3400916025288517,0.48680931012541834,0.5314953783898292,0.6162154557328114,0.33355242011357983,0.6129547636583238,3.830771680658693,0.37946358893566384,0.34291902663777785,3.3906394317791455,0.5009195158965613,0.2959069865766983,2.6193021720820155,0.5313913492648801,0.4424568524447445,1.2152131876983898,0.09163703711141427,0.8503527289181608,3.079544015054559,0.44552252627941374,0.0,2.803558547679602,0.10426623890887314,0.5605397622680203,0.0,0.3548592906639519,0.0,2.729676258957967,0.21375787111557867,0.6855703581925898,3.0029526354102076,0.5500036729552763,0.3560347619546621,2.258516318996188,0.19794454285310426,0.38184618701593664,0.728508966183277,0.38979700220054125,0.0,7.883704135814996,0.32825626495339183,0.0,3.8170597043825394,0.4859783870088814,0.0,3.606734125601358,0.623112209534675,0.0,3.580100904047634,0.3016096269981866,0.5870332071325731,1.5365875206309987,0.4237964251410577,0.0,1.3696409296635057,0.3400916025288517,0.0,0.5169077968385803,0.2213705990357358,0.5935390018564575,1.7942870124346166,0.4535641962003821,0.1309903797720665,4.519296756835959,0.533559050498508,0.1519459976190054,1.0536586986684462,73
synthetic-fleet-01-unit-0001,78,0,531.4111132522146,1.35,48.5,530.0,2400.0,8300.0,8.7,0.03220615311280463,400.0,2400.0,102.0,660.0,40.0,24.5,1640.1629065466552,1469.2925907401175,15.2,22.0,560.0,2400.0,9205.381789027382,-0.220626095948966,0.5328216398036902,0.1899363580852559,0.703117009318072,0.7447757229226796,0.44552252627941374,0.35494724141344614,0.3548592906639519,-0.06367945320051094,0.7092272589719937,0.5152470624092854,0.38979700220054125,0.32825626495339183,0.4859783870088814,0.623112209534675,0.899098432943769,0.4237964251410577,0.3400916025288517,0.48680931012541834,0.5314953783898292,0.7490127575746718,0.13754413002588323,0.5992729989412616,2.8785254480820304,0.37946358893566384,0.34291902663777785,3.3906394317791455,0.4122561588541956,0.31230440275106996,2.1759853868701873,0.5261619373084365,0.43967932076111804,1.1890661279161718,0.12491541668064036,0.8770019254382193,4.941307352082849,0.44552252627941374,0.0,2.803558547679602,0.10426623890887314,0.5605397622680203,0.0,0.3548592906639519,0.0,2.729676258957967,0.40354751413676243,0.2611878149718043,2.4189189262386157,0.5500036729552763,0.3560347619546621,2.258516318996188,0.3838131027432799,0.18478231725419605,0.728508966183277,0.38979700220054125,0.0,7.883704135814996,0.32825626495339183,0.0,3.8170597043825394,0.4859783870088814,0.0,3.606734125601358,0.623112209534675,0.0,3.580100904047634,0.3743970826753206,0.6431151595535541,2.233146033852334,0.4237964251410577,0.0,1.3696409296635057,0.3400916025288517,0.0,0.5169077968385803,0.2213705990357358,0.5935390018564575,1.7942870124346166,0.5153937690775104,0.023084372376721424,4.519296756835959,0.533559050498508,0.1519459976190054,1.1864560005103064,72
synthetic-fleet-01-unit-0001,79,0,532.4800287759757,1.3420174132831433,48.5,530.0,2400.0,8300.0,8.7,0.03173673079984038,400.0,2400.0,102.0,660.0,39.01266353765812,24.218763032234413,1650.0,1470.0,14.917807949788566,22.0,560.0,2400.0,9077.83265461043,-0.09865667766863165,0.5328216398036902,0.6332531432970843,0.7292640691002898,-0.4172223207515616,0.44552252627941374,0.35494724141344614,0.3548592906639519,-1.7332442441526708,0.3357197864524199,0.5152470624092854,0.38979700220054125,0.32825626495339183,0.4859783870088814,0.623112209534675,0.3709994482109329,0.4237964251410577,0.3400916025288517,0.48680931012541834,-1.7384374446897126,0.09907745801645958,0.2394355609993543,0.47020958490196874,3.0004948663623647,0.37946358893566384,0.34291902663777785,3.3906394317791455,0.5445897862547185,0.1982572934600646,2.6193021720820155,0.7240346571438463,0.011693320616835576,1.2152131876983898,0.14002344678217332,0.8642591623928386,3.779309308408608,0.44552252627941374,0.0,2.803558547679602,0.10426623890887314,0.5605397622680203,0.0,0.3548592906639519,0.0,2.729676258957967,-0.04717218588798784,0.9758804053472274,0.7493541352864559,0.4753021784513615,0.35344973975998556,1.885008846476614,0.4613760742428191,0.12045919155530604,0.728508966183277,0.38979700220054125,0.0,7.883704135814996,0.32825626495339183,0.0,3.8170597043825394,0.4859783870088814,0.0,3.606734125601358,0.623112209534675,0.0,3.580100904047634,0.21183201290532622,0.46558826857757063,1.705047049119498,0.4237964251410577,0.0,1.3696409296635057,0.3400916025288517,0.0,0.5169077968385803,0.2213705990357358,0.5935390018564575,1.7942870124346166,0.06752363933015877,1.0097943776804754,2.249363933756417,0.45367782084884345,0.24899259925526387,0.5365207009520943,71
synthetic-fleet-01-unit-0001,80,0,535.708617283131,1.35,48.5,530.0,2400.0,8300.0,8.667931364858642,0.031439632847018166,400.0,2400.0,102.0,660.0,40.0,24.5,1650.0,1470.0,15.072586528243958,22.0,560.0,2400.0,9250.0,0.2697438678662585,0.5328216398036902,0.6332531432970843,0.7292640691002898,0.2201181189705739,0.44552252627941374,0.35494724141344614,0.3548592906639519,0.5203542559710809,0.7092272589719937,0.5152470624092854,0.38979700220054125,0.32825626495339183,0.4859783870088814,0.334191370922281,0.03676495845934744,0.4237964251410577,0.3400916025288517,0.48680931012541834,0.5314953783898292,0.7490127575746718,0.2882993170731748,0.4548538205684936,3.3688954118972547,0.37946358893566384,0.34291902663777785,3.3906394317791455,0.5445897862547185,0.1982572934600646,2.6193021720820155,0.7240346571438463,0.011693320616835576,1.2152131876983898,0.03509192599175222,0.802092937236511,4.416649748130744,0.44552252627941374,0.0,2.803558547679602,0.35494724141344614,0.0,0.0,0.3548592906639519,0.0,2.729676258957967,-0.04717218588798786,0.9758804053472274,3.0029526354102076,0.6345257644680788,0.167037619731574,2.258516318996188,0.5152470624092854,0.0,0.728508966183277,0.38979700220054125,0.0,7.883704135814996,0.32825626495339183,0.0,3.8170597043825394,0.4859783870088814,0.0,3.606734125601358,0.5653280418121963,0.1292093270507118,3.2911800654352397,0.24107470494573957,0.44447760703416384,1.3708125593679126,0.4237964251410577,0.0,1.3696409296635057,0.3400916025288517,0.0,0.5169077968385803,0.2213705990357358,0.5935390018564575,1.7942870124346166,0.06752363933015879,1.0097943776804754,4.519296756835959,0.5311640726421765,0.27235530751723597,1.1864560005103064,70
synthetic-fleet-01-unit-0001,81,0,540.0,1.3324270909613185,47.15264830602498,530.0,2400.0,8300.0,8.7,0.03207259963046267,400.0,2400.0,102.0,660.0,40.0,24.5,1650.0,1470.0,15.2,22.0,560.0,2400.0,9250.0,0.7594153544895171,0.5328216398036902,0.6332531432970843,0.7292640691002898,0.7447757229226796,0.44552252627941374,0.35494724141344614,0.3548592906639519,0.5203542559710809,-0.11301408617919206,-2.1665458408327796,0.38979700220054125,0.32825626495339183,0.4859783870088814,0.623112209534675,0.7488510832024389,0.4237964251410577,0.3400916025288517,0.48680931012541834,0.5314953783898292,0.7490127575746718,0.2882993170731748,0.4548538205684936,3.8585668985205133,0.5328216398036902,0.0,3.3906394317791455,0.5445897862547185,0.1982572934600646,2.6193021720820155,0.7240346571438463,0.011693320616835576,1.2152131876983898,0.03509192599175222,0.802092937236511,4.941307352082849,0.44552252627941374,0.0,2.803558547679602,0.35494724141344614,0.0,0.0,0.3548592906639519,0.0,2.729676258957967,-0.04717218588798786,0.9758804053472274,3.0029526354102076,0.47007749543784183,0.3638769073161211,1.436274973845002,-0.021111518239127314,1.1993342466451546,-1.953283937058788,0.38979700220054125,0.0,7.883704135814996,0.32825626495339183,0.0,3.8170597043825394,0.4859783870088814,0.0,3.606734125601358,0.5653280418121962,0.1292093270507118,3.580100904047634,0.4516507685077844,0.3637404724840065,2.082898684111004,0.4237964251410577,0.0,1.3696409296635057,0.3400916025288517,0.0,0.5169077968385803,0.48680931012541834,0.0,1.7942870124346166,0.07750881377392072,1.015144819352772,4.519296756835959,0.5924662372946573,0.2817432128416848,1.1864560005103064,69
synthetic-fleet-01-unit-0001,82,0,533.0707048978101,1.35,48.5,530.0,2400.0,8300.0,8.7,0.03142819435148184,400.0,2400.0,102.0,654.1966172356076,40.0,24.5,1650.0,1470.0,15.015806140368028,22.0,560.0,2400.0,9250.0,-0.03125712983652453,-0.2955776768907797,0.6332531432970843,0.7292640691002898,-0.013689671083968182,0.44552252627941374,0.35494724141344614,0.3548592906639519,0.5203542559710809,0.7092272589719937,0.5152470624092854,0.38979700220054125,0.32825626495339183,0.4859783870088814,0.623112209534675,0.023896678207694366,0.4237964251410577,0.3400916025288517,0.48680931012541834,0.5314953783898292,0.7490127575746718,0.1357238637803306,0.39266863298349125,3.0678944141944715,0.3671417764647963,0.37047143692864226,2.5622401150846756,0.5445897862547185,0.1982572934600646,2.6193021720820155,0.7240346571438463,0.011693320616835576,1.2152131876983898,0.25575151459608064,0.5012612659945724,4.182841958076201,0.44552252627941374,0.0,2.803558547679602,0.35494724141344614,0.0,0.0,0.3548592906639519,0.0,2.729676258957967,-0.04717218588798786,0.9758804053472274,3.0029526354102076,0.4700774954378417,0.3638769073161211,2.258516318996188,-0.02111151823912736,1.1993342466451546,0.728508966183277,0.38979700220054125,0.0,7.883704135814996,0.32825626495339183,0.0,3.8170597043825394,0.4859783870088814,0.0,3.606734125601358,0.5653280418121963,0.1292093270507118,3.580100904047634,0.41592212020483654,0.40117427339302114,1.3579442791162595,0.4237964251410577,0.0,1.3696409296635057,0.3400916025288517,0.0,0.5169077968385803,0.48680931012541834,0.0,1.7942870124346166,0.07750881377392072,1.015144819352772,4.519296756835959,0.6190256976630294,0.2906599021577805,1.1864560005103064,68
synthetic-fleet-01-unit-0001,83,0,540.0,1.35,48.5,530.0,2400.0,8300.0,8.7,0.032067760996212794,400.0,2400.0,101.47426072303921,660.0,40.0,24.5,1650.0,1470.0,15.2,22.0,560.0,2400.0,9250.0,0.7594153544895171,0.5328216398036902,0.6332531432970843,0.7292640691002898,0.7447757229226796,0.44552252627941374,0.35494724141344614,0.3548592906639519,0.5203542559710809,0.7092272589719937,0.5152470624092854,0.38979700220054125,0.32825626495339183,0.4859783870088814,0.623112209534675,0.7434076311885865,0.4237964251410577,0.3400916025288517,-0.13484678355840307,0.5314953783898292,0.7490127575746718,0.33173215386802724,0.4143260051532364,3.8585668985205133,0.3671417764647963,0.37047143692864226,3.3906394317791455,0.6332531432970843,0.0,2.6193021720820155,0.7292640691002898,0.0,1.2152131876983898,0.25575151459608064,0.5012612659945724,4.941307352082849,0.44552252627941374,0.0,2.803558547679602,0.35494724141344614,0.0,0.0,0.3548592906639519,0.0,2.729676258957967,0.0696345559463305,1.0078398880536554,3.0029526354102076,0.4700774954378417,0.3638769073161211,2.258516318996188,-0.02111151823912736,1.1993342466451546,0.728508966183277,0.38979700220054125,0.0,7.883704135814996,0.32825626495339183,0.0,3.8170597043825394,0.4859783870088814,0.0,3.606734125601358,0.5653280418121962,0.1292093270507118,3.580100904047634,0.3847839598538,0.3580162971471189,2.0774552320971518,0.4237964251410577,0.0,1.3696409296635057,0.3400916025288517,0.0,0.5169077968385803,0.3624780913886541,0.27801305682080046,1.1726309187507953,0.07750881377392072,1.015144819352772,4.519296756835959,0.6190256976630294,0.2906599021577805,1.1864560005103064,67
synthetic-fleet-01-unit-0001,84,0,540.0,1.35,48.5,530.0,2400.0,8300.0,8.7,0.030948599712082796,400.0,2400.0,102.0,660.0,39.84782834705095,24.271394691866412,1640.8370380207502,1470.0,15.2,22.0,560.0,2400.0,9250.0,0.7594153544895171,0.5328216398036902,0.2203166527651138,0.7292640691002898,0.7447757229226796,0.44552252627941374,0.35494724141344614,0.3548592906639519,0.5203542559710809,0.7092272589719937,0.5152470624092854,0.38979700220054125,0.32825626495339183,0.4859783870088814,0.623112209534675,-0.5156461495514046,0.4237964251410577,0.3400916025288517,0.48680931012541834,0.18164561293904014,0.22070859968657205,0.503346560299657,0.3664304181877193,3.8585668985205133,0.3671417764647963,0.37047143692864226,3.3906394317791455,0.5506658451906901,0.18467081264393687,2.206365681550045,0.7292640691002898,0.0,1.2152131876983898,0.4881511233309289,0.3609897608355105,4.941307352082849,0.44552252627941374,0.0,2.803558547679602,0.35494724141344614,0.0,0.0,0.3548592906639519,0.0,2.729676258957967,0.5203542559710809,0.0,3.0029526354102076,0.5447789899417566,0.3677175083337809,2.258516318996188,-0.02111151823912736,1.1993342466451546,0.728508966183277,0.38979700220054125,0.0,7.883704135814996,0.32825626495339183,0.0,3.8170597043825394,0.4859783870088814,0.0,3.606734125601358,0.5653280418121963,0.1292093270507118,3.580100904047634,0.2074548403013325,0.5399210502582081,0.8184014513571605,0.4237964251410577,0.0,1.3696409296635057,0.3400916025288517,0.0,0.5169077968385803,0.36247809138865406,0.27801305682080046,1.7942870124346166,0.4615254252996713,0.15645757149206435,4.16944699138517,0.6433519259970518,0.2362648019667145,0.6581518426222067,66
synthetic-fleet-01-unit-0001,85,0,533.0807612083422,1.35,48.5,530.0,2400.0,8300.0,8.7,0.030827966382624552,400.0,2400.0,102.0,660.0,40.0,24.05419229471223,1650.0,1470.0,15.137347980400845,22.0,560.0,2400.0,9208.316475756956,-0.03010964687983878,0.5328216398036902,0.6332531432970843,0.7292640691002898,0.48678998536589646,0.44552252627941374,0.35494724141344614,0.3548592906639519,-0.025265632059602316,0.7092272589719937,0.5152470624092854,0.38979700220054125,0.32825626495339183,0.4859783870088814,0.623112209534675,-0.6513583580520095,0.4237964251410577,0.3400916025288517,0.48680931012541834,0.5314953783898292,-0.28124356606437323,0.44337585735043755,0.4327550942790823,3.0690418971511573,0.3671417764647963,0.37047143692864226,3.3906394317791455,0.5506658451906901,0.18467081264393687,2.6193021720820155,0.7292640691002898,0.0,1.2152131876983898,0.5414854966099935,0.3298453478969673,4.683321614526066,0.44552252627941374,0.0,2.803558547679602,0.35494724141344614,0.0,0.0,0.3548592906639519,0.0,2.729676258957967,0.4112302783649442,0.24400863190248628,2.457332747379524,0.5447789899417564,0.3677175083337809,2.258516318996188,-0.02111151823912736,1.1993342466451546,0.728508966183277,0.38979700220054125,0.0,7.883704135814996,0.32825626495339183,0.0,3.8170597043825394,0.4859783870088814,0.0,3.606734125601358,0.623112209534675,0.0,3.580100904047634,0.06983017699906113,0.6670422205912182,0.6826892428565556,0.4237964251410577,0.0,1.3696409296635057,0.3400916025288517,0.0,0.5169077968385803,0.36247809138865406,0.27801305682080046,1.7942870124346166,0.4615254252996713,0.15645757149206435,4.519296756835959,0.43730066126924283,0.46225296665475,0.15619967687126146,65
synthetic-fleet-01-unit-0001,86,0,529.928845198559,1.3411340456536454,48.5,530.0,2400.0,8300.0,8.611959729098887,0.03139209703247228,400.0,2400.0,102.0,660.0,40.0,24.418400541735547,1650.0,1470.0,15.041828067287334,22.0,560.0,2400.0,9250.0,-0.3897614188262694,0.5328216398036902,0.6332531432970843,0.7292640691002898,0.09346227791747229,0.44552252627941374,0.35494724141344614,0.3548592906639519,0.5203542559710809,0.294386767181532,0.5152470624092854,0.38979700220054125,0.32825626495339183,0.4859783870088814,-0.17008241157371137,-0.016712719756688536,0.4237964251410577,0.3400916025288517,0.48680931012541834,0.5314953783898292,0.560437376563241,0.21354050268728023,0.5194283377992368,2.709390125204727,0.3671417764647963,0.37047143692864226,3.3906394317791455,0.5506658451906901,0.18467081264393687,2.6193021720820155,0.7292640691002898,0.0,1.2152131876983898,0.41122280760895197,0.3569831444765697,4.289993907077641,0.44552252627941374,0.0,2.803558547679602,0.35494724141344614,0.0,0.0,0.3548592906639519,0.0,2.729676258957967,0.4112302783649442,0.24400863190248628,3.0029526354102076,0.6262591606139013,0.18552230789258314,1.8436758272057259,0.5152470624092854,0.0,0.728508966183277,0.38979700220054125,0.0,7.883704135814996,0.32825626495339183,0.0,3.8170597043825394,0.4859783870088814,0.0,3.606734125601358,0.46447328531299786,0.3547274184371083,2.7869062829392472,-0.08328258359276434,0.5497690403347629,1.3173348811518766,0.4237964251410577,0.0,1.3696409296635057,0.3400916025288517,0.0,0.5169077968385803,0.36247809138865406,0.27801305682080046,1.7942870124346166,0.4615254252996713,0.15645757149206435,4.519296756835959,0.39958558506695663,0.4374920872227344,0.9978806194988756,64
synthetic-fleet-01-unit-0001,87,0,532.1048465482584,1.35,48.5,530.0,2400.0,8300.0,8.7,0.03168542936431356,400.0,2400.0,102.0,660.0,40.0,24.072853887427364,1650.0,1448.726495156684,15.089429881973869,22.0,560.0,2400.0,9250.0,-0.1414671309238986,0.5328216398036902,0.6332531432970843,-0.05704116389575166,0.2894749419866911,0.44552252627941374,0.35494724141344614,0.3548592906639519,0.5203542559710809,0.7092272589719937,0.5152470624092854,0.38979700220054125,0.32825626495339183,0.4859783870088814,0.623112209534675,0.3132854553545392,0.4237964251410577,0.3400916025288517,0.48680931012541834,0.5314953783898292,-0.2381168464588154,0.1914985024698054,0.5345321511846891,2.957684413107098,0.5328216398036902,0.0,3.3906394317791455,0.5506658451906901,0.18467081264393687,2.6193021720820155,0.5720030225010816,0.35164639040859186,0.42890795470234827,0.4718557302230838,0.28532351527366107,4.486006571146861,0.44552252627941374,0.0,2.803558547679602,0.35494724141344614,0.0,0.0,0.3548592906639519,0.0,2.729676258957967,0.4112302783649442,0.24400863190248628,3.0029526354102076,0.6262591606139013,0.18552230789258314,2.258516318996188,0.5152470624092854,0.0,0.728508966183277,0.38979700220054125,0.0,7.883704135814996,0.32825626495339183,0.0,3.8170597043825394,0.4859783870088814,0.0,3.606734125601358,0.46447328531299786,0.3547274184371083,3.580100904047634,-0.025404828163395378,0.5783626961797274,1.6473330562631043,0.4237964251410577,0.0,1.3696409296635057,0.3400916025288517,0.0,0.5169077968385803,0.362478091388654,0.27801305682080046,1.7942870124346166,0.46152542529967117,0.15645757149206435,4.519296756835959,0.20215966426025922,0.4624060382351485,0.1993263964768193,63
synthetic-fleet-01-unit-0001,88,0,540.0,1.35,48.5,530.0,2400.0,8300.0,8.7,0.03204381616052688,400.0,2400.0,102.0,660.0,40.0,24.5,1645.5718993928942,1464.6630698082272,15.2,22.0,560.0,2400.0,9250.0,0.7594153544895171,0.5328216398036902,0.4336971123366179,0.5320019738868618,0.7447757229226796,0.44552252627941374,0.35494724141344614,0.3548592906639519,0.5203542559710809,0.7092272589719937,0.5152470624092854,0.38979700220054125,0.32825626495339183,0.4859783870088814,0.623112209534675,0.7164697480371119,0.4237964251410577,0.3400916025288517,0.48680931012541834,0.5314953783898292,0.7490127575746718,0.1914985024698054,0.5345321511846891,3.8585668985205133,0.5328216398036902,0.0,3.3906394317791455,0.5107546389985969,0.18392235925025682,2.419746141121549,0.532550603458396,0.3404802915811456,1.0179510924849617,0.4718557302230838,0.28532351527366107,4.941307352082849,0.44552252627941374,0.0,2.803558547679602,0.35494724141344614,0.0,0.0,0.3548592906639519,0.0,2.729676258957967,0.4112302783649442,0.24400863190248628,3.0029526354102076,0.6262591606139013,0.18552230789258314,2.258516318996188,0.5152470624092854,0.0,0.728508966183277,0.38979700220054125,0.0,7.883704135814996,0.32825626495339183,0.0,3.8170597043825394,0.4859783870088814,0.0,3.606734125601358,0.46447328531299786,0.3547274184371083,3.580100904047634,-0.030792404793690296,0.5694676884111243,2.050517348945677,0.4237964251410577,0.0,1.3696409296635057,0.3400916025288517,0.0,0.5169077968385803,0.48680931012541834,0.0,1.7942870124346166,0.4615254252996713,0.15645757149206435,4.519296756835959,0.20215966426025922,0.4624060382351485,1.1864560005103064,62
synthetic-fleet-01-unit-0001,89,0,540.0,1.35,48.5,530.0,2400.0,8300.0,8.69497667390257,0.032235965508857975,400.0,2400.0,102.0,660.0,40.0,24.48068951410942,1650.0,1470.0,15.049944966361142,21.960436683037624,560.0,2400.0,9250.0,0.7594153544895171,0.5328216398036902,0.6332531432970843,0.7292640691002898,0.12688568880874276,0.20192854276920374,0.35494724141344614,0.3548592906639519,0.5203542559710809,0.7092272589719937,0.5152470624092854,0.38979700220054125,0.32825626495339183,0.4859783870088814,0.577854792675635,0.9326373075422263,0.4237964251410577,0.3400916025288517,0.48680931012541834,0.5314953783898292,0.7043864535307145,0.1914985024698054,0.5345321511846891,3.8585668985205133,0.5328216398036902,0.0,3.3906394317791455,0.593341937104991,0.08924417010953106,2.6193021720820155,0.532550603458396,0.3404802915811456,1.2152131876983898,0.34827772340029645,0.27101633792046376,4.323417317968913,0.39680372957737153,0.10893854120775848,2.559964564169392,0.35494724141344614,0.0,0.0,0.3548592906639519,0.0,2.729676258957967,0.4112302783649442,0.24400863190248628,3.0029526354102076,0.6262591606139013,0.18552230789258314,2.258516318996188,0.5152470624092854,0.0,0.728508966183277,0.38979700220054125,0.0,7.883704135814996,0.32825626495339183,0.0,3.8170597043825394,0.4859783870088814,0.0,3.606734125601358,0.45542180194118986,0.3502162106262657,3.534843487188594,0.25886428662503586,0.6266543016219371,2.2666849084507916,0.4237964251410577,0.0,1.3696409296635057,0.3400916025288517,0.0,0.5169077968385803,0.48680931012541834,0.0,1.7942870124346166,0.5314953783898292,0.0,4.519296756835959,0.29889523502908777,0.514872850415738,1.1418296964663492,61
synthetic-fleet-01-unit-0001,90,0,536.6225195973057,1.35,48.5,530.0,2400.0,8300.0,8.7,0.03154259273538175,400.0,2400.0,102.0,660.0,40.0,24.5,1650.0,1456.462702403161,15.2,22.0,560.0,2400.0,9250.0,0.37402538604714597,0.5328216398036902,0.6332531432970843,0.22890232713920441,0.7447757229226796,0.44552252627941374,0.35494724141344614,0.3548592906639519,0.5203542559710809,0.7092272589719937,0.5152470624092854,0.38979700220054125,0.32825626495339183,0.4859783870088814,0.623112209534675,0.15259458779602486,0.4237964251410577,0.3400916025288517,0.48680931012541834,0.5314953783898292,0.7490127575746718,0.27232550905520236,0.5230772765574482,3.473176930078142,0.5328216398036902,0.0,3.3906394317791455,0.593341937104991,0.08924417010953106,2.6193021720820155,0.4324782550661789,0.34173858042509364,0.7148514457373043,0.3998748709116531,0.3234629462678676,4.941307352082849,0.39680372957737153,0.10893854120775848,2.803558547679602,0.35494724141344614,0.0,0.0,0.3548592906639519,0.0,2.729676258957967,0.5203542559710809,0.0,3.0029526354102076,0.6262591606139013,0.18552230789258314,2.258516318996188,0.5152470624092854,0.0,0.728508966183277,0.38979700220054125,0.0,7.883704135814996,0.32825626495339183,0.0,3.8170597043825394,0.4859783870088814,0.0,3.606734125601358,0.45542180194118986,0.3502162106262657,3.580100904047634,0.4196548757946427,0.3950640369433475,1.48664218870459,0.4237964251410577,0.0,1.3696409296635057,0.3400916025288517,0.0,0.5169077968385803,0.48680931012541834,0.0,1.7942870124346166,0.5314953783898292,0.0,4.519296756835959,0.5049464997568968,0.42253264532745755,1.1864560005103064,60
synthetic-fleet-01-unit-0001,91,0,528.6810394552645,1.35,48.5,530.0,2400.0,8300.0,8.7,0.030700425845889955,400.0,2400.0,102.0,660.0,40.0,24.5,1650.0,1470.0,15.2,22.0,560.0,2400.0,9250.0,-0.5321432415740369,0.5328216398036902,0.6332531432970843,0.7292640691002898,0.7447757229226796,0.44552252627941374,0.35494724141344614,0.3548592906639519,0.5203542559710809,0.7092272589719937,0.5152470624092854,0.38979700220054125,0.32825626495339183,0.4859783870088814,0.623112209534675,-0.7948411582974915,0.4237964251410577,0.3400916025288517,0.48680931012541834,0.5314953783898292,0.7490127575746718,0.24384914450564885,0.5699113314763703,2.5670083024569594,0.5328216398036902,0.0,3.3906394317791455,0.593341937104991,0.08924417010953106,2.6193021720820155,0.4324782550661789,0.34173858042509364,1.2152131876983898,0.5301375599126945,0.29947420184248036,4.941307352082849,0.39680372957737153,0.10893854120775848,2.803558547679602,0.35494724141344614,0.0,0.0,0.3548592906639519,0.0,2.729676258957967,0.5203542559710809,0.0,3.0029526354102076,0.7092272589719937,0.0,2.258516318996188,0.5152470624092854,0.0,0.728508966183277,0.38979700220054125,0.0,7.883704135814996,0.32825626495339183,0.0,3.8170597043825394,0.4859783870088814,0.0,3.606734125601358,0.6140607261628671,0.02023973211657152,3.580100904047634,0.2640291880864821,0.668541236227987,0.5392064426110736,0.4237964251410577,0.0,1.3696409296635057,0.3400916025288517,0.0,0.5169077968385803,0.48680931012541834,0.0,1.7942870124346166,0.5314953783898292,0.0,4.519296756835959,0.542661575959183,0.43689595769513323,1.1864560005103064,59
synthetic-fleet-01-unit-0001,92,0,540.0,1.35,48.5,530.0,2400.0,8300.0,8.7,0.031193157250507125,400.0,2400.0,102.0,660.0,40.0,24.5,1650.0,1460.984891029221,15.030138548119766,22.0,560.0,2400.0,9250.0,0.7594153544895171,0.5328216398036902,0.6332531432970843,0.3960501764219382,0.0453276887466242,0.44552252627941374,0.35494724141344614,0.3548592906639519,0.5203542559710809,0.7092272589719937,0.5152470624092854,0.38979700220054125,0.32825626495339183,0.4859783870088814,0.623112209534675,-0.24051950093705615,0.4237964251410577,0.3400916025288517,0.48680931012541834,0.5314953783898292,0.7490127575746718,0.424025641588332,0.5599593148707276,3.8585668985205133,0.5328216398036902,0.0,3.3906394317791455,0.593341937104991,0.08924417010953106,2.6193021720820155,0.5230965231297169,0.21666819116020566,0.8819992950200382,0.48130810926468115,0.3619184056997145,4.241859317906794,0.39680372957737153,0.10893854120775848,2.803558547679602,0.35494724141344614,0.0,0.0,0.3548592906639519,0.0,2.729676258957967,0.5203542559710809,0.0,3.0029526354102076,0.7092272589719937,0.0,2.258516318996188,0.5152470624092854,0.0,0.728508966183277,0.38979700220054125,0.0,7.883704135814996,0.32825626495339183,0.0,3.8170597043825394,0.4859783870088814,0.0,3.606734125601358,0.6140607261628672,0.02023973211657152,3.580100904047634,0.15326819682816312,0.7033122976239897,1.093528099971509,0.4237964251410577,0.0,1.3696409296635057,0.3400916025288517,0.0,0.5169077968385803,0.48680931012541834,0.0,1.7942870124346166,0.5314953783898292,0.0,4.519296756835959,0.7400874967658803,0.019957489885372527,1.1864560005103064,58
synthetic-fleet-01-unit-0001,93,0,539.1283334340875,1.35,48.5,530.0,2400.0,8300.0,8.7,0.031775692624870365,400.0,2400.0,102.0,660.0,40.0,24.5,1650.0,1470.0,15.198653568166199,22.0,560.0,2400.0,9250.0,0.6599531784658443,0.5328216398036902,0.6332531432970843,0.7292640691002898,0.7392314449898153,0.44552252627941374,0.35494724141344614,0.3548592906639519,0.5203542559710809,0.7092272589719937,0.5152470624092854,0.38979700220054125,0.32825626495339183,0.4859783870088814,0.623112209534675,0.41483140862999585,0.4237964251410577,0.3400916025288517,0.48680931012541834,0.5314953783898292,0.7490127575746718,0.40413320638359745,0.5466751172971146,3.759104722496841,0.5328216398036902,0.0,3.3906394317791455,0.6332531432970843,0.0,2.6193021720820155,0.5625489421724025,0.23580908769557835,1.2152131876983898,0.4801992536781083,0.3609164880544643,4.9357630741499845,0.39680372957737153,0.10893854120775848,2.803558547679602,0.35494724141344614,0.0,0.0,0.3548592906639519,0.0,2.729676258957967,0.5203542559710809,0.0,3.0029526354102076,0.7092272589719937,0.0,2.258516318996188,0.5152470624092854,0.0,0.728508966183277,0.38979700220054125,0.0,7.883704135814996,0.32825626495339183,0.0,3.8170597043825394,0.4859783870088814,0.0,3.606734125601358,0.6140607261628671,0.02023973211657152,3.580100904047634,0.09294052894673988,0.6541435127096366,1.748879009538561,0.4237964251410577,0.0,1.3696409296635057,0.3400916025288517,0.0,0.5169077968385803,0.48680931012541834,0.0,1.7942870124346166,0.5314953783898292,0.0,4.519296756835959,0.7400874967658803,0.019957489885372527,1.1864560005103064,57
synthetic-fleet-01-unit-0001,94,0,538.5832147993175,1.35,48.5,530.0,2400.0,8300.0,8.7,0.03171975017312823,400.0,2400.0,102.0,660.0,39.99837716764805,24.5,1650.0,1470.0,15.2,22.0,560.0,2400.0,9250.0,0.5977520023217076,0.5328216398036902,0.6332531432970843,0.7292640691002898,0.7447757229226796,0.44552252627941374,0.35494724141344614,0.3548592906639519,0.5203542559710809,0.7092272589719937,0.5152470624092854,0.38979700220054125,0.32825626495339183,0.4859783870088814,0.623112209534675,0.35189628357824704,0.4237964251410577,0.3400916025288517,0.48680931012541834,0.5277644107181747,0.7490127575746718,0.37180053595003554,0.5247500740776976,3.696903546352704,0.5328216398036902,0.0,3.3906394317791455,0.6332531432970843,0.0,2.6193021720820155,0.5625489421724026,0.23580908769557835,1.2152131876983898,0.6037772605008958,0.3121920320508011,4.941307352082849,0.44552252627941374,0.0,2.803558547679602,0.35494724141344614,0.0,0.0,0.3548592906639519,0.0,2.729676258957967,0.5203542559710809,0.0,3.0029526354102076,0.7092272589719937,0.0,2.258516318996188,0.5152470624092854,0.0,0.728508966183277,0.38979700220054125,0.0,7.883704135814996,0.32825626495339183,0.0,3.8170597043825394,0.4859783870088814,0.0,3.606734125601358,0.623112209534675,0.0,3.580100904047634,-0.023207675846055976,0.5015302374659476,1.6859438844868122,0.4237964251410577,0.0,1.3696409296635057,0.3400916025288517,0.0,0.5169077968385803,0.48680931012541834,0.0,1.7942870124346166,0.5307491848554982,0.001668539467134702,4.515565789164304,0.7490127575746718,0.0,1.1864560005103064,56
synthetic-fleet-01-unit-0001,95,0,540.0,1.35,48.5,530.0,2400.0,8300.0,8.408960425825239,0.031732010313322054,400.0,2400.0,102.0,660.0,40.0,24.5,1650.0,1452.3955309834041,15.2,22.0,560.0,2400.0,9250.0,0.7594153544895171,0.5328216398036902,0.6332531432970843,0.07857269436824894,0.7447757229226796,0.44552252627941374,0.35494724141344614,0.3548592906639519,0.5203542559710809,0.7092272589719937,0.5152470624092854,0.38979700220054125,0.32825626495339183,0.4859783870088814,-1.9989949512257559,0.3656889121138503,0.4237964251410577,0.3400916025288517,0.48680931012541834,0.5314953783898292,0.7490127575746718,0.44887852963850977,0.5527173267178339,3.8585668985205133,0.5328216398036902,0.0,3.3906394317791455,0.6332531432970843,0.0,2.6193021720820155,0.5324830156182114,0.29189760549589566,0.5645218129663488,0.6037772605008958,0.3121920320508011,4.941307352082849,0.44552252627941374,0.0,2.803558547679602,0.35494724141344614,0.0,0.0,0.3548592906639519,0.0,2.729676258957967,0.5203542559710809,0.0,3.0029526354102076,0.7092272589719937,0.0,2.258516318996188,0.5152470624092854,0.0,0.728508966183277,0.38979700220054125,0.0,7.883704135814996,0.32825626495339183,0.0,3.8170597043825394,0.4859783870088814,0.0,3.606734125601358,0.09869077738258891,1.1726419711498586,0.9579937432872028,0.01941118901750911,0.5285315975380475,1.6997365130224154,0.4237964251410577,0.0,1.3696409296635057,0.3400916025288517,0.0,0.5169077968385803,0.48680931012541834,0.0,1.7942870124346166,0.5307491848554982,0.001668539467134702,4.519296756835959,0.7490127575746718,0.0,1.1864560005103064,55
synthetic-fleet-01-unit-0001,96,0,540.0,1.35,48.5,530.0,2400.0,8300.0,8.7,0.031897334520165264,400.0,2400.0,102.0,660.0,40.0,24.5,1640.4588800208696,1470.0,15.2,22.0,560.0,2400.0,9250.0,0.7594153544895171,0.5328216398036902,0.20327464847753565,0.7292640691002898,0.7447757229226796,0.44552252627941374,0.35494724141344614,0.3548592906639519,0.5203542559710809,0.7092272589719937,0.5152470624092854,0.38979700220054125,0.32825626495339183,0.4859783870088814,0.623112209534675,0.551678251296179,0.4237964251410577,0.3400916025288517,0.48680931012541834,0.5314953783898292,0.7490127575746718,0.7071902488512205,0.07481720323369424,3.8585668985205133,0.5328216398036902,0.0,3.3906394317791455,0.5472574443331745,0.1922922286559104,2.189323677262467,0.5324830156182114,0.29189760549589566,1.2152131876983898,0.6037772605008956,0.3121920320508011,4.941307352082849,0.44552252627941374,0.0,2.803558547679602,0.35494724141344614,0.0,0.0,0.3548592906639519,0.0,2.729676258957967,0.5203542559710809,0.0,3.0029526354102076,0.7092272589719937,0.0,2.258516318996188,0.5152470624092854,0.0,0.728508966183277,0.38979700220054125,0.0,7.883704135814996,0.32825626495339183,0.0,3.8170597043825394,0.4859783870088814,0.0,3.606734125601358,0.09869077738258894,1.1726419711498586,3.580100904047634,0.2887150709362432,0.3062111341790019,1.885725852204744,0.4237964251410577,0.0,1.3696409296635057,0.3400916025288517,0.0,0.5169077968385803,0.48680931012541834,0.0,1.7942870124346166,0.5307491848554982,0.001668539467134702,4.519296756835959,0.7490127575746718,0.0,1.1864560005103064,54
synthetic-fleet-01-unit-0001,97,0,540.0,1.35,48.5,530.0,2400.0,8300.0,8.7,0.0318551149551853,399.8246720214312,2400.0,102.0,660.0,40.0,24.5,1650.0,1470.0,15.2,22.0,560.0,2400.0,9250.0,0.7594153544895171,0.5328216398036902,0.6332531432970843,0.7292640691002898,0.7447757229226796,0.44552252627941374,0.35494724141344614,0.3548592906639519,0.5203542559710809,0.7092272589719937,0.5152470624092854,0.38979700220054125,0.32825626495339183,0.4859783870088814,0.623112209534675,0.5041813411876945,0.36609234947393343,0.3400916025288517,0.48680931012541834,0.5314953783898292,0.7490127575746718,0.7071902488512206,0.07481720323369424,3.8585668985205133,0.5328216398036902,0.0,3.3906394317791455,0.5472574443331745,0.1922922286559104,2.6193021720820155,0.5991257941538818,0.2909980292547265,1.2152131876983898,0.7436668673361068,0.0024794764700839895,4.941307352082849,0.44552252627941374,0.0,2.803558547679602,0.35494724141344614,0.0,0.0,0.3548592906639519,0.0,2.729676258957967,0.5203542559710809,0.0,3.0029526354102076,0.7092272589719937,0.0,2.258516318996188,0.5152470624092854,0.0,0.728508966183277,0.38979700220054125,0.0,7.883704135814996,0.32825626495339183,0.0,3.8170597043825394,0.4859783870088814,0.0,3.606734125601358,0.09869077738258894,1.1726419711498586,3.580100904047634,0.4376552393611933,0.08729497047175414,1.8382289420962596,0.4122556100076328,0.025806047154096276,1.3119368539963814,0.3400916025288517,0.0,0.5169077968385803,0.48680931012541834,0.0,1.7942870124346166,0.5307491848554982,0.001668539467134702,4.519296756835959,0.7490127575746718,0.0,1.1864560005103064,53
synthetic-fleet-01-unit-0001,98,0,540.0,1.35,48.5,530.0,2400.0,8300.0,8.7,0.03173968654517273,400.0,2400.0,102.0,657.091574738044,40.0,24.40165327470427,1650.0,1470.0,15.2,22.0,560.0,2400.0,9250.0,0.7594153544895171,0.11766075907664109,0.6332531432970843,0.7292640691002898,0.7447757229226796,0.44552252627941374,0.35494724141344614,0.3548592906639519,0.5203542559710809,0.7092272589719937,0.5152470624092854,0.38979700220054125,0.32825626495339183,0.4859783870088814,0.623112209534675,0.3743246546743545,0.4237964251410577,0.3400916025288517,0.48680931012541834,0.5314953783898292,0.5217346409263414,0.7270826840559551,0.07229804898355342,3.8585668985205133,0.4497894636582804,0.18566559018087284,2.9754785510520962,0.5472574443331745,0.1922922286559104,2.6193021720820155,0.5991257941538817,0.2909980292547265,1.2152131876983898,0.7447757229226796,7.957675958042344e-08,4.941307352082849,0.44552252627941374,0.0,2.803558547679602,0.35494724141344614,0.0,0.0,0.3548592906639519,0.0,2.729676258957967,0.5203542559710809,0.0,3.0029526354102076,0.7092272589719937,0.0,2.258516318996188,0.5152470624092854,0.0,0.728508966183277,0.38979700220054125,0.0,7.883704135814996,0.32825626495339183,0.0,3.8170597043825394,0.4859783870088814,0.0,3.606734125601358,0.09869077738258894,1.1726419711498586,3.580100904047634,0.42955388857006505,0.0917105824904951,1.7083722555829195,0.4122556100076328,0.025806047154096276,1.3696409296635057,0.3400916025288517,0.0,0.5169077968385803,0.48680931012541834,0.0,1.7942870124346166,0.5307491848554982,0.001668539467134702,4.519296756835959,0.7035571342450057,0.10164186372475868,0.959177883861976,52
synthetic-fleet-01-unit-0001,99,0,540.0,1.35,48.5,530.0,2400.0,8300.0,8.7,0.030624782398364685,400.0,2400.0,102.0,660.0,40.0,24.5,1650.0,1468.7545016494141,15.2,22.0,560.0,2400.0,9250.0,0.7594153544895171,0.5328216398036902,0.6332531432970843,0.6832283134518117,0.7447757229226796,0.44552252627941374,0.35494724141344614,0.3548592906639519,0.5203542559710809,0.7092272589719937,0.5152470624092854,0.38979700220054125,0.32825626495339183,0.4859783870088814,0.623112209534675,-0.8799398567115767,0.4237964251410577,0.3400916025288517,0.48680931012541834,0.5314953783898292,0.7490127575746718,0.7594153544895171,4.111554483816794e-08,3.8585668985205133,0.4497894636582805,0.18566559018087284,3.3906394317791455,0.5472574443331745,0.1922922286559104,2.6193021720820155,0.5899186430241861,0.2865452918419465,1.1691774320499115,0.7447757229226796,7.957675958042344e-08,4.941307352082849,0.44552252627941374,0.0,2.803558547679602,0.35494724141344614,0.0,0.0,0.3548592906639519,0.0,2.729676258957967,0.5203542559710809,0.0,3.0029526354102076,0.7092272589719937,0.0,2.258516318996188,0.5152470624092854,0.0,0.728508966183277,0.38979700220054125,0.0,7.883704135814996,0.32825626495339183,0.0,3.8170597043825394,0.4859783870088814,0.0,3.606734125601358,0.09869077738258894,1.1726419711498586,3.580100904047634,0.18318666051210034,0.5997712967825388,0.4541077441969884,0.4122556100076328,0.025806047154096276,1.3696409296635057,0.3400916025288517,0.0,0.5169077968385803,0.48680931012541834,0.0,1.7942870124346166,0.5314953783898292,0.0,4.519296756835959,0.7035571342450057,0.10164186372475868,1.1864560005103064,51
synthetic-fleet-01-unit-0001,100,0,528.5636959462189,1.3469118084250116,48.5,530.0,2400.0,8300.0,8.7,0.03240359621154755,400.0,2400.0,102.0,660.0,40.0,24.5,1650.0,1470.0,15.2,22.0,560.0,2400.0,9250.0,-0.5455328118619673,0.5328216398036902,0.6332531432970843,0.7292640691002898,0.7447757229226796,0.44552252627941374,0.35494724141344614,0.3548592906639519,0.5203542559710809,0.5647299085837493,0.5152470624092854,0.38979700220054125,0.32825626495339183,0.4859783870088814,0.623112209534675,1.1212214490616317,0.4237964251410577,0.3400916025288517,0.48680931012541834,0.5314953783898292,0.7490127575746718,0.49842572121922013,0.5835905614151258,2.5536187321690287,0.4497894636582805,0.18566559018087284,3.3906394317791455,0.5472574443331745,0.1922922286559104,2.6193021720820155,0.7200569179705942,0.020587815805114717,1.2152131876983898,0.7447757229226796,7.957675958042344e-08,4.941307352082849,0.44552252627941374,0.0,2.803558547679602,0.35494724141344614,0.0,0.0,0.3548592906639519,0.0,2.729676258957967,0.5203542559710809,0.0,3.0029526354102076,0.6803277888943449,0.06462117960734401,2.1140189686079434,0.5152470624092854,0.0,0.728508966183277,0.38979700220054125,0.0,7.883704135814996,0.32825626495339183,0.0,3.8170597043825394,0.4859783870088814,0.0,3.606734125601358,0.623112209534675,0.0,3.580100904047634,0.3342931679016566,0.7367731576932175,2.455269049970197,0.4122556100076328,0.025806047154096276,1.3696409296635057,0.3400916025288517,0.0,0.5169077968385803,0.48680931012541834,0.0,1.7942870124346166,0.5314953783898292,0.0,4.519296756835959,0.7035571342450057,0.10164186372475868,1.1864560005103064,50
synthetic-fleet-01-unit-0001,101,0,539.616558939196,1.35,48.5,530.0,2400.0,8300.0,8.7,0.03134562667347103,400.0,2400.0,102.0,660.0,40.0,24.258437951761593,1650.0,1470.0,15.2,22.0,560.0,2400.0,9250.0,0.7156625208076774,0.5328216398036902,0.6332531432970843,0.7292640691002898,0.7447757229226796,0.44552252627941374,0.35494724141344614,0.3548592906639519,0.5203542559710809,0.7092272589719937,0.5152470624092854,0.38979700220054125,0.32825626495339183,0.4859783870088814,0.623112209534675,-0.06899176302108641,0.4237964251410577,0.3400916025288517,0.48680931012541834,0.5314953783898292,0.1907657268550652,0.4896751544828522,0.579008883744697,3.8148140648386737,0.4497894636582805,0.18566559018087284,3.3906394317791455,0.6332531432970843,0.0,2.6193021720820155,0.7200569179705942,0.020587815805114717,1.2152131876983898,0.7447757229226796,7.957675958042344e-08,4.941307352082849,0.44552252627941374,0.0,2.803558547679602,0.35494724141344614,0.0,0.0,0.3548592906639519,0.0,2.729676258957967,0.5203542559710809,0.0,3.0029526354102076,0.6803277888943448,0.06462117960734401,2.258516318996188,0.5152470624092854,0.0,0.728508966183277,0.38979700220054125,0.0,7.883704135814996,0.32825626495339183,0.0,3.8170597043825394,0.4859783870088814,0.0,3.606734125601358,0.623112209534675,0.0,3.580100904047634,0.21015916503820353,0.7432487724983705,1.2650558378874788,0.4122556100076328,0.025806047154096276,1.3696409296635057,0.3400916025288517,0.0,0.5169077968385803,0.48680931012541834,0.0,1.7942870124346166,0.5314953783898292,0.0,4.519296756835959,0.5919077281010844,0.24489035208894286,0.6282089697906998,49
synthetic-fleet-01-unit-0001,102,0,540.0,1.35,48.5,530.0,2400.0,8300.0,8.7,0.030512384025284417,400.0,2400.0,102.0,660.0,40.0,24.464819075322822,1650.0,1470.0,15.2,22.0,560.0,2400.0,9250.0,0.7594153544895171,0.5328216398036902,0.6332531432970843,0.7292640691002898,0.7447757229226796,0.44552252627941374,0.35494724141344614,0.3548592906639519,0.5203542559710809,0.7092272589719937,0.5152470624092854,0.38979700220054125,0.32825626495339183,0.4859783870088814,0.623112209534675,-1.0063877588883796,0.4237964251410577,0.3400916025288517,0.48680931012541834,0.5314953783898292,0.6677100575759469,0.4896751544828522,0.579008883744697,3.8585668985205133,0.4497894636582805,0.18566559018087284,3.3906394317791455,0.6332531432970843,0.0,2.6193021720820155,0.7200569179705942,0.020587815805114717,1.2152131876983898,0.7447757229226796,7.957675958042344e-08,4.941307352082849,0.44552252627941374,0.0,2.803558547679602,0.35494724141344614,0.0,0.0,0.3548592906639519,0.0,2.729676258957967,0.5203542559710809,0.0,3.0029526354102076,0.6803277888943448,0.06462117960734401,2.258516318996188,0.5152470624092854,0.0,0.728508966183277,0.38979700220054125,0.0,7.883704135814996,0.32825626495339183,0.0,3.8170597043825394,0.4859783870088814,0.0,3.606734125601358,0.623112209534675,0.0,3.580100904047634,-0.09195465497701132,0.8869679430661457,0.3276598420201855,0.4237964251410577,0.0,1.3696409296635057,0.3400916025288517,0.0,0.5169077968385803,0.48680931012541834,0.0,1.7942870124346166,0.5314953783898292,0.0,4.519296756835959,0.5756471881013394,0.23432195546271795,1.1051533005115817,48
synthetic-fleet-01-unit-0001,103,0,540.0,1.35,48.5,530.0,2400.0,8300.0,8.7,0.03242738172318935,400.0,2400.0,102.0,660.0,40.0,24.5,1650.0,1470.0,15.2,22.0,560.0,2400.0,9250.0,0.7594153544895171,0.5328216398036902,0.6332531432970843,0.7292640691002898,0.7447757229226796,0.44552252627941374,0.35494724141344614,0.3548592906639519,0.5203542559710809,0.7092272589719937,0.5152470624092854,0.38979700220054125,0.32825626495339183,0.4859783870088814,0.623112209534675,1.1479800930427084,0.4237964251410577,0.3400916025288517,0.48680931012541834,0.5314953783898292,0.7490127575746718,0.4896751544828522,0.579008883744697,3.8585668985205133,0.5328216398036902,0.0,3.3906394317791455,0.6332531432970843,0.0,2.6193021720820155,0.7200569179705942,0.020587815805114717,1.2152131876983898,0.7447757229226796,7.957675958042344e-08,4.941307352082849,0.44552252627941374,0.0,2.803558547679602,0.35494724141344614,0.0,0.0,0.3548592906639519,0.0,2.729676258957967,0.5203542559710809,0.0,3.0029526354102076,0.6803277888943448,0.06462117960734401,2.258516318996188,0.5152470624092854,0.0,0.728508966183277,0.38979700220054125,0.0,7.883704135814996,0.32825626495339183,0.0,3.8170597043825394,0.4859783870088814,0.0,3.606734125601358,0.623112209534675,0.0,3.580100904047634,0.06277643269665947,1.0424924178839796,2.4820276939512738,0.4237964251410577,0.0,1.3696409296635057,0.3400916025288517,0.0,0.5169077968385803,0.48680931012541834,0.0,1.7942870124346166,0.5314953783898292,0.0,4.519296756835959,0.6211028114310055,0.24312810652100772,1.1864560005103064,47
synthetic-fleet-01-unit-0001,104,0,540.0,1.35,48.5,530.0,2400.0,8300.0,8.7,0.03239867831236494,400.0,2400.0,102.0,660.0,40.0,24.49719648446362,1650.0,1470.0,15.2,21.825877918645446,560.0,2400.0,9250.0,0.7594153544895171,0.5328216398036902,0.6332531432970843,0.7292640691002898,0.7447757229226796,-0.6265587518040431,0.35494724141344614,0.3548592906639519,0.5203542559710809,0.7092272589719937,0.5152470624092854,0.38979700220054125,0.32825626495339183,0.4859783870088814,0.623112209534675,1.115688824187124,0.4237964251410577,0.3400916025288517,0.48680931012541834,0.5314953783898292,0.7425338663946436,0.4896751544828522,0.579008883744697,3.8585668985205133,0.5328216398036902,0.0,3.3906394317791455,0.6332531432970843,0.0,2.6193021720820155,0.7292640691002898,0.0,1.2152131876983898,0.7447757229226796,7.957675958042344e-08,4.941307352082849,0.23110627066272219,0.47944932303989296,1.731477269596145,0.35494724141344614,0.0,0.0,0.3548592906639519,0.0,2.729676258957967,0.5203542559710809,0.0,3.0029526354102076,0.6803277888943448,0.06462117960734401,2.258516318996188,0.5152470624092854,0.0,0.728508966183277,0.38979700220054125,0.0,7.883704135814996,0.32825626495339183,0.0,3.8170597043825394,0.4859783870088814,0.0,3.606734125601358,0.623112209534675,0.0,3.580100904047634,0.4619021688763996,0.9708972011515666,2.449736425095689,0.4237964251410577,0.0,1.3696409296635057,0.3400916025288517,0.0,0.5169077968385803,0.48680931012541834,0.0,1.7942870124346166,0.5314953783898292,0.0,4.519296756835959,0.6198070331949999,0.242291795312431,1.1799771093302782,46
synthetic-fleet-01-unit-0001,105,0,540.0,1.35,48.5,530.0,2400.0,8300.0,8.7,0.031105981151326286,400.0,2400.0,102.0,660.0,40.0,24.5,1650.0,1470.0,15.2,22.0,560.0,2400.0,9250.0,0.7594153544895171,0.5328216398036902,0.6332531432970843,0.7292640691002898,0.7447757229226796,0.44552252627941374,0.35494724141344614,0.3548592906639519,0.5203542559710809,0.7092272589719937,0.5152470624092854,0.38979700220054125,0.32825626495339183,0.4859783870088814,0.623112209534675,-0.33859240501282817,0.4237964251410577,0.3400916025288517,0.48680931012541834,0.5314953783898292,0.7490127575746718,0.7506647877531492,0.019566862064210825,3.8585668985205133,0.5328216398036902,0.0,3.3906394317791455,0.6332531432970843,0.0,2.6193021720820155,0.7292640691002898,0.0,1.2152131876983898,0.7447757229226796,7.957675958042344e-08,4.941307352082849,0.23110627066272219,0.47944932303989296,2.803558547679602,0.35494724141344614,0.0,0.0,0.3548592906639519,0.0,2.729676258957967,0.5203542559710809,0.0,3.0029526354102076,0.7092272589719937,0.0,2.258516318996188,0.5152470624092854,0.0,0.728508966183277,0.38979700220054125,0.0,7.883704135814996,0.32825626495339183,0.0,3.8170597043825394,0.4859783870088814,0.0,3.606734125601358,0.623112209534675,0.0,3.580100904047634,0.16993939806150765,0.9421310753696059,0.9954551958957369,0.4237964251410577,0.0,1.3696409296635057,0.3400916025288517,0.0,0.5169077968385803,0.48680931012541834,0.0,1.7942870124346166,0.5314953783898292,0.0,4.519296756835959,0.6198070331949999,0.242291795312431,1.1864560005103064,45
synthetic-fleet-01-unit-0001,106,0,540.0,1.35,48.5,530.0,2400.0,8300.0,8.7,0.03171442553791642,400.0,2400.0,102.0,660.0,40.0,24.5,1650.0,1470.0,15.2,22.0,560.0,2400.0,9250.0,0.7594153544895171,0.5328216398036902,0.6332531432970843,0.7292640691002898,0.7447757229226796,0.44552252627941374,0.35494724141344614,0.3548592906639519,0.5203542559710809,0.7092272589719937,0.5152470624092854,0.38979700220054125,0.32825626495339183,0.4859783870088814,0.623112209534675,0.3459060816390261,0.4237964251410577,0.3400916025288517,0.48680931012541834,0.5314953783898292,0.7490127575746718,0.7594153544895171,4.148503728448205e-08,3.8585668985205133,0.5328216398036902,0.0,3.3906394317791455,0.6332531432970843,0.0,2.6193021720820155,0.7292640691002898,0.0,1.2152131876983898,0.7447757229226796,7.957675958042344e-08,4.941307352082849,0.23110627066272219,0.47944932303989296,2.803558547679602,0.35494724141344614,0.0,0.0,0.3548592906639519,0.0,2.729676258957967,0.5203542559710809,0.0,3.0029526354102076,0.7092272589719937,0.0,2.258516318996188,0.5152470624092854,0.0,0.728508966183277,0.38979700220054125,0.0,7.883704135814996,0.32825626495339183,0.0,3.8170597043825394,0.4859783870088814,0.0,3.606734125601358,0.623112209534675,0.0,3.580100904047634,0.25291896699353017,0.934062629377794,1.6799536825475911,0.4237964251410577,0.0,1.3696409296635057,0.3400916025288517,0.0,0.5169077968385803,0.48680931012541834,0.0,1.7942870124346166,0.5314953783898292,0.0,4.519296756835959,0.7314564393389211,0.03574557143210371,1.1864560005103064,44
synthetic-fleet-01-unit-0001,107,0,540.0,1.35,48.5,530.0,2400.0,8300.0,8.659377581543499,0.031545913934379895,400.0,2400.0,102.0,660.0,40.0,24.5,1650.0,1470.0,15.2,22.0,560.0,2400.0,9250.0,0.7594153544895171,0.5328216398036902,0.6332531432970843,0.7292640691002898,0.7447757229226796,0.44552252627941374,0.35494724141344614,0.3548592906639519,0.5203542559710809,0.7092272589719937,0.5152470624092854,0.38979700220054125,0.32825626495339183,0.4859783870088814,0.2571264681652325,0.1563309287635869,0.4237964251410577,0.3400916025288517,0.48680931012541834,0.5314953783898292,0.7490127575746718,0.7594153544895171,4.148503728448205e-08,3.8585668985205133,0.5328216398036902,0.0,3.3906394317791455,0.6332531432970843,0.0,2.6193021720820155,0.7292640691002898,0.0,1.2152131876983898,0.7447757229226796,7.957675958042344e-08,4.941307352082849,0.23110627066272219,0.47944932303989296,2.803558547679602,0.35494724141344614,0.0,0.0,0.3548592906639519,0.0,2.729676258957967,0.5203542559710809,0.0,3.0029526354102076,0.7092272589719937,0.0,2.258516318996188,0.5152470624092854,0.0,0.728508966183277,0.38979700220054125,0.0,7.883704135814996,0.32825626495339183,0.0,3.8170597043825394,0.4859783870088814,0.0,3.606734125601358,0.5499150612607866,0.16367379929954612,3.214115162678191,0.4854627045239234,0.6408948533798866,1.4903785296721521,0.4237964251410577,0.0,1.3696409296635057,0.3400916025288517,0.0,0.5169077968385803,0.48680931012541834,0.0,1.7942870124346166,0.5314953783898292,0.0,4.519296756835959,0.7477169793386661,0.0028974482194720186,1.1864560005103064,43
synthetic-fleet-01-unit-0001,108,0,540.0,1.35,48.5,530.0,2400.0,8300.0,8.7,0.03173328102753511,400.0,2400.0,102.0,660.0,40.0,24.5,1650.0,1470.0,15.2,22.0,560.0,2400.0,9250.0,0.7594153544895171,0.5328216398036902,0.6332531432970843,0.7292640691002898,0.7447757229226796,0.44552252627941374,0.35494724141344614,0.3548592906639519,0.5203542559710809,0.7092272589719937,0.5152470624092854,0.38979700220054125,0.32825626495339183,0.4859783870088814,0.623112209534675,0.36711846257889336,0.4237964251410577,0.3400916025288517,0.48680931012541834,0.5314953783898292,0.7490127575746718,0.7594153544895171,4.148503728448205e-08,3.8585668985205133,0.5328216398036902,0.0,3.3906394317791455,0.6332531432970843,0.0,2.6193021720820155,0.7292640691002898,0.0,1.2152131876983898,0.7447757229226796,7.957675958042344e-08,4.941307352082849,0.23110627066272219,0.47944932303989296,2.803558547679602,0.35494724141344614,0.0,0.0,0.3548592906639519,0.0,2.729676258957967,0.5203542559710809,0.0,3.0029526354102076,0.7092272589719937,0.0,2.258516318996188,0.5152470624092854,0.0,0.728508966183277,0.38979700220054125,0.0,7.883704135814996,0.32825626495339183,0.0,3.8170597043825394,0.4859783870088814,0.0,3.606734125601358,0.5499150612607865,0.16367379929954612,3.580100904047634,0.32929037843116044,0.5234768248645246,1.7011660634874586,0.4237964251410577,0.0,1.3696409296635057,0.3400916025288517,0.0,0.5169077968385803,0.48680931012541834,0.0,1.7942870124346166,0.5314953783898292,0.0,4.519296756835959,0.7477169793386661,0.0028974482194720186,1.1864560005103064,42
synthetic-fleet-01-unit-0001,109,0,540.0,1.35,48.5,530.0,2400.0,8300.0,8.7,0.03215105669677724,400.0,2400.0,102.0,660.0,39.851125923448784,24.5,1650.0,1470.0,15.2,22.0,560.0,2400.0,9250.0,0.7594153544895171,0.5328216398036902,0.6332531432970843,0.7292640691002898,0.7447757229226796,0.44552252627941374,0.35494724141344614,0.3548592906639519,0.5203542559710809,0.7092272589719937,0.5152470624092854,0.38979700220054125,0.32825626495339183,0.4859783870088814,0.623112209534675,0.8371150960573118,0.4237964251410577,0.3400916025288517,0.48680931012541834,0.18922689570084747,0.7490127575746718,0.7594153544895171,4.148503728448205e-08,3.8585668985205133,0.5328216398036902,0.0,3.3906394317791455,0.6332531432970843,0.0,2.6193021720820155,0.7292640691002898,0.0,1.2152131876983898,0.7447757229226796,7.957675958042344e-08,4.941307352082849,0.44552252627941374,0.0,2.803558547679602,0.35494724141344614,0.0,0.0,0.3548592906639519,0.0,2.729676258957967,0.5203542559710809,0.0,3.0029526354102076,0.7092272589719937,0.0,2.258516318996188,0.5152470624092854,0.0,0.728508966183277,0.38979700220054125,0.0,7.883704135814996,0.32825626495339183,0.0,3.8170597043825394,0.4859783870088814,0.0,3.606734125601358,0.5499150612607866,0.16367379929954612,3.580100904047634,0.27357563280519803,0.42428018708891924,2.171162696965877,0.4237964251410577,0.0,1.3696409296635057,0.3400916025288517,0.0,0.5169077968385803,0.48680931012541834,0.0,1.7942870124346166,0.46304168185203276,0.15306711876965462,4.177028274146977,0.7490127575746718,0.0,1.1864560005103064,41
synthetic-fleet-01-unit-0001,110,0,540.0,1.35,48.5,530.0,2400.0,8300.0,8.7,0.032521042943697925,400.0,2400.0,102.0,660.0,40.0,24.5,1641.7831071164553,1463.580476914147,15.2,22.0,560.0,2400.0,9250.0,0.7594153544895171,0.5328216398036902,0.26295204218022883,0.49198748336970677,0.7447757229226796,0.44552252627941374,0.35494724141344614,0.3548592906639519,0.5203542559710809,0.7092272589719937,0.5152470624092854,0.38979700220054125,0.32825626495339183,0.4859783870088814,0.623112209534675,1.253348743175847,0.4237964251410577,0.3400916025288517,0.48680931012541834,0.5314953783898292,0.7490127575746718,0.7594153544895171,4.148503728448205e-08,3.8585668985205133,0.5328216398036902,0.0,3.3906394317791455,0.5591929230737132,0.1656036868480624,2.24900107096516,0.6818087519541732,0.10611331503252808,0.9779366019678066,0.7447757229226796,7.957675958042344e-08,4.941307352082849,0.44552252627941374,0.0,2.803558547679602,0.35494724141344614,0.0,0.0,0.3548592906639519,0.0,2.729676258957967,0.5203542559710809,0.0,3.0029526354102076,0.7092272589719937,0.0,2.258516318996188,0.5152470624092854,0.0,0.728508966183277,0.38979700220054125,0.0,7.883704135814996,0.32825626495339183,0.0,3.8170597043825394,0.4859783870088814,0.0,3.606734125601358,0.5499150612607865,0.16367379929954612,3.580100904047634,0.5919638624429331,0.44676756430077325,2.587396344084412,0.4237964251410577,0.0,1.3696409296635057,0.3400916025288517,0.0,0.5169077968385803,0.48680931012541834,0.0,1.7942870124346166,0.46304168185203276,0.15306711876965462,4.519296756835959,0.7490127575746718,0.0,1.1864560005103064,40
synthetic-fleet-01-unit-0001,111,0,540.0,1.35,48.5,530.0,2400.0,8300.0,8.7,0.03179472461833447,400.0,2400.0,102.0,660.0,40.0,24.5,1650.0,1470.0,15.2,22.0,560.0,2400.0,9250.0,0.7594153544895171,0.5328216398036902,0.6332531432970843,0.7292640691002898,0.7447757229226796,0.44552252627941374,0.35494724141344614,0.3548592906639519,0.5203542559710809,0.7092272589719937,0.5152470624092854,0.38979700220054125,0.32825626495339183,0.4859783870088814,0.623112209534675,0.4362423559758274,0.4237964251410577,0.3400916025288517,0.48680931012541834,0.5314953783898292,0.7490127575746718,0.7594153544895171,4.148503728448205e-08,3.8585668985205133,0.5328216398036902,0.0,3.3906394317791455,0.5591929230737132,0.1656036868480624,2.6193021720820155,0.6818087519541732,0.10611331503252808,1.2152131876983898,0.7447757229226796,7.957675958042344e-08,4.941307352082849,0.44552252627941374,0.0,2.803558547679602,0.35494724141344614,0.0,0.0,0.3548592906639519,0.0,2.729676258957967,0.5203542559710809,0.0,3.0029526354102076,0.7092272589719937,0.0,2.258516318996188,0.5152470624092854,0.0,0.728508966183277,0.38979700220054125,0.0,7.883704135814996,0.32825626495339183,0.0,3.8170597043825394,0.4859783870088814,0.0,3.606734125601358,0.5499150612607866,0.16367379929954612,3.580100904047634,0.6100311173102934,0.43602684941268605,1.7702899568843926,0.4237964251410577,0.0,1.3696409296635057,0.3400916025288517,0.0,0.5169077968385803,0.48680931012541834,0.0,1.7942870124346166,0.46304168185203276,0.15306711876965462,4.519296756835959,0.7490127575746718,0.0,1.1864560005103064,39
synthetic-fleet-01-unit-0001,112,0,540.0,1.35,48.5,530.0,2400.0,8300.0,8.7,0.03176814393765399,400.0,2400.0,102.0,660.0,40.0,24.5,1650.0,1470.0,15.2,22.0,560.0,2400.0,9250.0,0.7594153544895171,0.5328216398036902,0.6332531432970843,0.7292640691002898,0.7447757229226796,0.44552252627941374,0.35494724141344614,0.3548592906639519,0.5203542559710809,0.7092272589719937,0.5152470624092854,0.38979700220054125,0.32825626495339183,0.4859783870088814,0.623112209534675,0.4063391534794868,0.4237964251410577,0.3400916025288517,0.48680931012541834,0.5314953783898292,0.7490127575746718,0.7594153544895171,4.148503728448205e-08,3.8585668985205133,0.5328216398036902,0.0,3.3906394317791455,0.5591929230737132,0.1656036868480624,2.6193021720820155,0.6818087519541733,0.10611331503252808,1.2152131876983898,0.7447757229226796,7.957675958042344e-08,4.941307352082849,0.44552252627941374,0.0,2.803558547679602,0.35494724141344614,0.0,0.0,0.3548592906639519,0.0,2.729676258957967,0.5203542559710809,0.0,3.0029526354102076,0.7092272589719937,0.0,2.258516318996188,0.5152470624092854,0.0,0.728508966183277,0.38979700220054125,0.0,7.883704135814996,0.32825626495339183,0.0,3.8170597043825394,0.4859783870088814,0.0,3.606734125601358,0.623112209534675,0.0,3.580100904047634,0.6600327622534733,0.38197623819808063,1.740386754388052,0.4237964251410577,0.0,1.3696409296635057,0.3400916025288517,0.0,0.5169077968385803,0.48680931012541834,0.0,1.7942870124346166,0.46304168185203276,0.15306711876965462,4.519296756835959,0.7490127575746718,0.0,1.1864560005103064,38
synthetic-fleet-01-unit-0001,113,0,540.0,1.35,48.5,530.0,2400.0,8300.0,8.7,0.03208161976473815,400.0,2400.0,102.0,660.0,40.0,24.5,1650.0,1470.0,15.169210182583582,22.0,560.0,2400.0,9250.0,0.7594153544895171,0.5328216398036902,0.6332531432970843,0.7292640691002898,0.617990763615152,0.44552252627941374,0.35494724141344614,0.3548592906639519,0.5203542559710809,0.7092272589719937,0.5152470624092854,0.38979700220054125,0.32825626495339183,0.4859783870088814,0.623112209534675,0.7589987127920027,0.4237964251410577,0.3400916025288517,0.48680931012541834,0.5314953783898292,0.7490127575746718,0.7594153544895171,4.148503728448205e-08,3.8585668985205133,0.5328216398036902,0.0,3.3906394317791455,0.5591929230737132,0.1656036868480624,2.6193021720820155,0.6818087519541732,0.10611331503252808,1.2152131876983898,0.7194187310611742,0.05669995750729078,4.814522392775322,0.44552252627941374,0.0,2.803558547679602,0.35494724141344614,0.0,0.0,0.3548592906639519,0.0,2.729676258957967,0.5203542559710809,0.0,3.0029526354102076,0.7092272589719937,0.0,2.258516318996188,0.5152470624092854,0.0,0.728508966183277,0.38979700220054125,0.0,7.883704135814996,0.32825626495339183,0.0,3.8170597043825394,0.4859783870088814,0.0,3.606734125601358,0.623112209534675,0.0,3.580100904047634,0.7384088122960951,0.345291482845492,2.093046313700568,0.4237964251410577,0.0,1.3696409296635057,0.3400916025288517,0.0,0.5169077968385803,0.48680931012541834,0.0,1.7942870124346166,0.46304168185203276,0.15306711876965462,4.519296756835959,0.7490127575746718,0.0,1.1864560005103064,37
synthetic-fleet-01-unit-0001,114,0,540.0,1.35,48.5,530.0,2400.0,8300.0,8.7,0.03145793822133532,400.0,2400.0,102.0,660.0,40.0,24.5,1650.0,1470.0,15.2,22.0,560.0,2400.0,9250.0,0.7594153544895171,0.5328216398036902,0.6332531432970843,0.7292640691002898,0.7447757229226796,0.44552252627941374,0.35494724141344614,0.3548592906639519,0.5203542559710809,0.7092272589719937,0.5152470624092854,0.38979700220054125,0.32825626495339183,0.4859783870088814,0.623112209534675,0.05735846099441186,0.4237964251410577,0.3400916025288517,0.48680931012541834,0.5314953783898292,0.7490127575746718,0.7594153544895171,4.148503728448205e-08,3.8585668985205133,0.5328216398036902,0.0,3.3906394317791455,0.5591929230737132,0.1656036868480624,2.6193021720820155,0.6818087519541733,0.10611331503252808,1.2152131876983898,0.719418731061174,0.05669995750729078,4.941307352082849,0.44552252627941374,0.0,2.803558547679602,0.35494724141344614,0.0,0.0,0.3548592906639519,0.0,2.729676258957967,0.5203542559710809,0.0,3.0029526354102076,0.7092272589719937,0.0,2.258516318996188,0.5152470624092854,0.0,0.728508966183277,0.38979700220054125,0.0,7.883704135814996,0.32825626495339183,0.0,3.8170597043825394,0.4859783870088814,0.0,3.606734125601358,0.623112209534675,0.0,3.580100904047634,0.5824574852835152,0.4498298014448986,1.3914060619029769,0.4237964251410577,0.0,1.3696409296635057,0.3400916025288517,0.0,0.5169077968385803,0.48680931012541834,0.0,1.7942870124346166,0.5314953783898292,0.0,4.519296756835959,0.7490127575746718,0.0,1.1864560005103064,36
synthetic-fleet-01-unit-0001,115,0,540.0,1.35,48.5,530.0,2400.0,8300.0,8.7,0.03199737744979632,400.0,2400.0,102.0,660.0,40.0,24.5,1650.0,1470.0,15.2,22.0,560.0,2400.0,9250.0,0.7594153544895171,0.5328216398036902,0.6332531432970843,0.7292640691002898,0.7447757229226796,0.44552252627941374,0.35494724141344614,0.3548592906639519,0.5203542559710809,0.7092272589719937,0.5152470624092854,0.38979700220054125,0.32825626495339183,0.4859783870088814,0.623112209534675,0.6642263090019107,0.4237964251410577,0.3400916025288517,0.48680931012541834,0.5314953783898292,0.7490127575746718,0.7594153544895171,4.148503728448205e-08,3.8585668985205133,0.5328216398036902,0.0,3.3906394317791455,0.6332531432970843,0.0,2.6193021720820155,0.7292640691002898,0.0,1.2152131876983898,0.719418731061174,0.05669995750729078,4.941307352082849,0.44552252627941374,0.0,2.803558547679602,0.35494724141344614,0.0,0.0,0.3548592906639519,0.0,2.729676258957967,0.5203542559710809,0.0,3.0029526354102076,0.7092272589719937,0.0,2.258516318996188,0.5152470624092854,0.0,0.728508966183277,0.38979700220054125,0.0,7.883704135814996,0.32825626495339183,0.0,3.8170597043825394,0.4859783870088814,0.0,3.606734125601358,0.623112209534675,0.0,3.580100904047634,0.4646329984487279,0.2722890987527582,1.9982739099104758,0.4237964251410577,0.0,1.3696409296635057,0.3400916025288517,0.0,0.5169077968385803,0.48680931012541834,0.0,1.7942870124346166,0.5314953783898292,0.0,4.519296756835959,0.7490127575746718,0.0,1.1864560005103064,35
synthetic-fleet-01-unit-0001,116,0,540.0,1.35,48.5,530.0,2400.0,8300.0,8.7,0.03208163864276818,400.0,2400.0,102.0,660.0,40.0,24.5,1647.7978356003289,1470.0,15.2,22.0,560.0,2400.0,9250.0,0.7594153544895171,0.5328216398036902,0.5340107759453547,0.7292640691002898,0.7447757229226796,0.44552252627941374,0.35494724141344614,0.3548592906639519,0.5203542559710809,0.7092272589719937,0.5152470624092854,0.38979700220054125,0.32825626495339183,0.4859783870088814,0.623112209534675,0.7590199505308495,0.4237964251410577,0.3400916025288517,0.48680931012541834,0.5314953783898292,0.7490127575746718,0.7594153544895171,4.148503728448205e-08,3.8585668985205133,0.5328216398036902,0.0,3.3906394317791455,0.6134046698267384,0.0443825359292946,2.520059804730286,0.7292640691002898,0.0,1.2152131876983898,0.7194187310611742,0.05669995750729078,4.941307352082849,0.44552252627941374,0.0,2.803558547679602,0.35494724141344614,0.0,0.0,0.3548592906639519,0.0,2.729676258957967,0.5203542559710809,0.0,3.0029526354102076,0.7092272589719937,0.0,2.258516318996188,0.5152470624092854,0.0,0.728508966183277,0.38979700220054125,0.0,7.883704135814996,0.32825626495339183,0.0,3.8170597043825394,0.4859783870088814,0.0,3.606734125601358,0.623112209534675,0.0,3.580100904047634,0.5291885173597323,0.3006601017200276,2.0930675514394146,0.4237964251410577,0.0,1.3696409296635057,0.3400916025288517,0.0,0.5169077968385803,0.48680931012541834,0.0,1.7942870124346166,0.5314953783898292,0.0,4.519296756835959,0.7490127575746718,0.0,1.1864560005103064,34
synthetic-fleet-01-unit-0001,117,0,540.0,1.35,48.5,530.0,2400.0,8300.0,8.7,0.03179493995291058,400.0,2400.0,102.0,660.0,40.0,24.5,1650.0,1470.0,15.159700723726113,22.0,560.0,2400.0,9250.0,0.7594153544895171,0.5328216398036902,0.6332531432970843,0.7292640691002898,0.5788331311428683,0.44552252627941374,0.35494724141344614,0.3548592906639519,0.5203542559710809,0.7092272589719937,0.5152470624092854,0.38979700220054125,0.32825626495339183,0.4859783870088814,0.623112209534675,0.4364846068613941,0.4237964251410577,0.3400916025288517,0.48680931012541834,0.5314953783898292,0.7490127575746718,0.7594153544895171,4.148503728448205e-08,3.8585668985205133,0.5328216398036902,0.0,3.3906394317791455,0.6134046698267384,0.0443825359292946,2.6193021720820155,0.7292640691002898,0.0,1.2152131876983898,0.6862302127052118,0.0813533739929073,4.775364760303038,0.44552252627941374,0.0,2.803558547679602,0.35494724141344614,0.0,0.0,0.3548592906639519,0.0,2.729676258957967,0.5203542559710809,0.0,3.0029526354102076,0.7092272589719937,0.0,2.258516318996188,0.5152470624092854,0.0,0.728508966183277,0.38979700220054125,0.0,7.883704135814996,0.32825626495339183,0.0,3.8170597043825394,0.4859783870088814,0.0,3.606734125601358,0.623112209534675,0.0,3.580100904047634,0.5352176080361138,0.29787005816680034,1.7705322077699592,0.4237964251410577,0.0,1.3696409296635057,0.3400916025288517,0.0,0.5169077968385803,0.48680931012541834,0.0,1.7942870124346166,0.5314953783898292,0.0,4.519296756835959,0.7490127575746718,0.0,1.1864560005103064,33
synthetic-fleet-01-unit-0001,118,0,540.0,1.35,48.5,530.0,2400.0,8300.0,8.7,0.03174944277475363,400.0,2400.0,102.0,660.0,40.0,24.5,1650.0,1470.0,15.2,22.0,560.0,2400.0,9250.0,0.7594153544895171,0.5328216398036902,0.6332531432970843,0.7292640691002898,0.7447757229226796,0.44552252627941374,0.35494724141344614,0.3548592906639519,0.5203542559710809,0.7092272589719937,0.5152470624092854,0.38979700220054125,0.32825626495339183,0.4859783870088814,0.623112209534675,0.3853003897304073,0.4237964251410577,0.3400916025288517,0.48680931012541834,0.5314953783898292,0.7490127575746718,0.7594153544895171,4.148503728448205e-08,3.8585668985205133,0.5328216398036902,0.0,3.3906394317791455,0.6134046698267384,0.0443825359292946,2.6193021720820155,0.7292640691002898,0.0,1.2152131876983898,0.7115872045667173,0.07421178311647353,4.941307352082849,0.44552252627941374,0.0,2.803558547679602,0.35494724141344614,0.0,0.0,0.3548592906639519,0.0,2.729676258957967,0.5203542559710809,0.0,3.0029526354102076,0.7092272589719937,0.0,2.258516318996188,0.5152470624092854,0.0,0.728508966183277,0.38979700220054125,0.0,7.883704135814996,0.32825626495339183,0.0,3.8170597043825394,0.4859783870088814,0.0,3.606734125601358,0.623112209534675,0.0,3.580100904047634,0.4604779434237948,0.2735751214822526,1.7193479906389724,0.4237964251410577,0.0,1.3696409296635057,0.3400916025288517,0.0,0.5169077968385803,0.48680931012541834,0.0,1.7942870124346166,0.5314953783898292,0.0,4.519296756835959,0.7490127575746718,0.0,1.1864560005103064,32
synthetic-fleet-01-unit-0001,119,0,540.0,1.35,48.5,530.0,2400.0,8300.0,8.7,0.032413033435354295,400.0,2400.0,102.0,660.0,40.0,24.5,1650.0,1470.0,15.2,22.0,560.0,2400.0,9250.0,0.7594153544895171,0.5328216398036902,0.6332531432970843,0.7292640691002898,0.7447757229226796,0.44552252627941374,0.35494724141344614,0.3548592906639519,0.5203542559710809,0.7092272589719937,0.5152470624092854,0.38979700220054125,0.32825626495339183,0.4859783870088814,0.623112209534675,1.1318383033810773,0.4237964251410577,0.3400916025288517,0.48680931012541834,0.5314953783898292,0.7490127575746718,0.7594153544895171,4.148503728448205e-08,3.8585668985205133,0.5328216398036902,0.0,3.3906394317791455,0.6134046698267384,0.0443825359292946,2.6193021720820155,0.7292640691002898,0.0,1.2152131876983898,0.7115872045667173,0.07421178311647353,4.941307352082849,0.44552252627941374,0.0,2.803558547679602,0.35494724141344614,0.0,0.0,0.3548592906639519,0.0,2.729676258957967,0.5203542559710809,0.0,3.0029526354102076,0.7092272589719937,0.0,2.258516318996188,0.5152470624092854,0.0,0.728508966183277,0.38979700220054125,0.0,7.883704135814996,0.32825626495339183,0.0,3.8170597043825394,0.4859783870088814,0.0,3.606734125601358,0.623112209534675,0.0,3.580100904047634,0.6753739119011278,0.298618242010138,2.4658859042896424,0.4237964251410577,0.0,1.3696409296635057,0.3400916025288517,0.0,0.5169077968385803,0.48680931012541834,0.0,1.7942870124346166,0.5314953783898292,0.0,4.519296756835959,0.7490127575746718,0.0,1.1864560005103064,31
synthetic-fleet-01-unit-0001,120,0,540.0,1.35,48.5,530.0,2400.0,8300.0,8.7,0.032050290028554716,400.0,2400.0,102.0,660.0,40.0,24.5,1650.0,1470.0,15.147326999116636,22.0,560.0,2400.0,9250.0,0.7594153544895171,0.5328216398036902,0.6332531432970843,0.7292640691002898,0.5278811508216555,0.44552252627941374,0.35494724141344614,0.3548592906639519,0.5203542559710809,0.7092272589719937,0.5152470624092854,0.38979700220054125,0.32825626495339183,0.4859783870088814,0.623112209534675,0.7237528341588734,0.4237964251410577,0.3400916025288517,0.48680931012541834,0.5314953783898292,0.7490127575746718,0.7594153544895171,4.148503728448205e-08,3.8585668985205133,0.5328216398036902,0.0,3.3906394317791455,0.6134046698267384,0.0443825359292946,2.6193021720820155,0.7292640691002898,0.0,1.2152131876983898,0.6682082901465125,0.10638061426294734,4.724412779981825,0.44552252627941374,0.0,2.803558547679602,0.35494724141344614,0.0,0.0,0.3548592906639519,0.0,2.729676258957967,0.5203542559710809,0.0,3.0029526354102076,0.7092272589719937,0.0,2.258516318996188,0.5152470624092854,0.0,0.728508966183277,0.38979700220054125,0.0,7.883704135814996,0.32825626495339183,0.0,3.8170597043825394,0.4859783870088814,0.0,3.606734125601358,0.623112209534675,0.0,3.580100904047634,0.6872792169325204,0.2992486372040277,2.0578004350674384,0.4237964251410577,0.0,1.3696409296635057,0.3400916025288517,0.0,0.5169077968385803,0.48680931012541834,0.0,1.7942870124346166,0.5314953783898292,0.0,4.519296756835959,0.7490127575746718,0.0,1.1864560005103064,30
synthetic-fleet-01-unit-0001,121,0,540.0,1.35,48.5,530.0,2400.0,8300.0,8.7,0.03307839305991341,400.0,2400.0,102.0,660.0,40.0,24.5,1650.0,1470.0,15.131684330635675,22.0,560.0,2400.0,9250.0,0.7594153544895171,0.5328216398036902,0.6332531432970843,0.7292640691002898,0.463468456845683,0.44552252627941374,0.35494724141344614,0.3548592906639519,0.5203542559710809,0.7092272589719937,0.5152470624092854,0.38979700220054125,0.32825626495339183,0.4859783870088814,0.623112209534675,1.8803662972743957,0.4237964251410577,0.3400916025288517,0.48680931012541834,0.5314953783898292,0.7490127575746718,0.7594153544895171,4.148503728448205e-08,3.8585668985205133,0.5328216398036902,0.0,3.3906394317791455,0.6332531432970843,0.0,2.6193021720820155,0.7292640691002898,0.0,1.2152131876983898,0.6119468369311132,0.1279613343479422,4.660000086005852,0.44552252627941374,0.0,2.803558547679602,0.35494724141344614,0.0,0.0,0.3548592906639519,0.0,2.729676258957967,0.5203542559710809,0.0,3.0029526354102076,0.7092272589719937,0.0,2.258516318996188,0.5152470624092854,0.0,0.728508966183277,0.38979700220054125,0.0,7.883704135814996,0.32825626495339183,0.0,3.8170597043825394,0.4859783870088814,0.0,3.606734125601358,0.623112209534675,0.0,3.580100904047634,0.9115484862812295,0.6174596160932969,3.214413898182961,0.4237964251410577,0.0,1.3696409296635057,0.3400916025288517,0.0,0.5169077968385803,0.48680931012541834,0.0,1.7942870124346166,0.5314953783898292,0.0,4.519296756835959,0.7490127575746718,0.0,1.1864560005103064,29
synthetic-fleet-01-unit-0001,122,0,540.0,1.35,48.5,530.0,2400.0,8300.0,8.7,0.03324120941337943,400.0,2400.0,102.0,660.0,40.0,24.5,1650.0,1470.0,15.199387780435615,22.0,560.0,2400.0,9250.0,0.7594153544895171,0.5328216398036902,0.6332531432970843,0.7292640691002898,0.7422547520605268,0.44552252627941374,0.35494724141344614,0.3548592906639519,0.5203542559710809,0.7092272589719937,0.5152470624092854,0.38979700220054125,0.32825626495339183,0.4859783870088814,0.623112209534675,2.0635343073767496,0.4237964251410577,0.3400916025288517,0.48680931012541834,0.5314953783898292,0.7490127575746718,0.7594153544895171,4.148503728448205e-08,3.8585668985205133,0.5328216398036902,0.0,3.3906394317791455,0.6332531432970843,0.0,2.6193021720820155,0.7292640691002898,0.0,1.2152131876983898,0.6446311611146449,0.13787559823088408,4.938786381220696,0.44552252627941374,0.0,2.803558547679602,0.35494724141344614,0.0,0.0,0.3548592906639519,0.0,2.729676258957967,0.5203542559710809,0.0,3.0029526354102076,0.7092272589719937,0.0,2.258516318996188,0.5152470624092854,0.0,0.728508966183277,0.38979700220054125,0.0,7.883704135814996,0.32825626495339183,0.0,3.8170597043825394,0.4859783870088814,0.0,3.606734125601358,0.623112209534675,0.0,3.580100904047634,1.2369584263843005,0.7240429902482658,3.3975819082853147,0.4237964251410577,0.0,1.3696409296635057,0.3400916025288517,0.0,0.5169077968385803,0.48680931012541834,0.0,1.7942870124346166,0.5314953783898292,0.0,4.519296756835959,0.7490127575746718,0.0,1.1864560005103064,28
synthetic-fleet-01-unit-0001,123,0,540.0,1.35,48.5,530.0,2400.0,8300.0,8.7,0.032150530531879544,400.0,2400.0,102.0,660.0,40.0,24.5,1650.0,1470.0,15.2,22.0,560.0,2400.0,9250.0,0.7594153544895171,0.5328216398036902,0.6332531432970843,0.7292640691002898,0.7447757229226796,0.44552252627941374,0.35494724141344614,0.3548592906639519,0.5203542559710809,0.7092272589719937,0.5152470624092854,0.38979700220054125,0.32825626495339183,0.4859783870088814,0.623112209534675,0.8365231617998213,0.4237964251410577,0.3400916025288517,0.48680931012541834,0.5314953783898292,0.7490127575746718,0.7594153544895171,4.148503728448205e-08,3.8585668985205133,0.5328216398036902,0.0,3.3906394317791455,0.6332531432970843,0.0,2.6193021720820155,0.7292640691002898,0.0,1.2152131876983898,0.6446311611146449,0.13787559823088408,4.941307352082849,0.44552252627941374,0.0,2.803558547679602,0.35494724141344614,0.0,0.0,0.3548592906639519,0.0,2.729676258957967,0.5203542559710809,0.0,3.0029526354102076,0.7092272589719937,0.0,2.258516318996188,0.5152470624092854,0.0,0.728508966183277,0.38979700220054125,0.0,7.883704135814996,0.32825626495339183,0.0,3.8170597043825394,0.4859783870088814,0.0,3.606734125601358,0.623112209534675,0.0,3.580100904047634,1.3272029807981836,0.61058570213965,2.1705707627083863,0.4237964251410577,0.0,1.3696409296635057,0.3400916025288517,0.0,0.5169077968385803,0.48680931012541834,0.0,1.7942870124346166,0.5314953783898292,0.0,4.519296756835959,0.7490127575746718,0.0,1.1864560005103064,27
synthetic-fleet-01-unit-0001,124,0,540.0,1.35,48.5,530.0,2400.0,8300.0,8.7,0.032475938168944424,400.0,2400.0,102.0,660.0,40.0,24.5,1650.0,1470.0,15.2,22.0,560.0,2400.0,9250.0,0.7594153544895171,0.5328216398036902,0.6332531432970843,0.7292640691002898,0.7447757229226796,0.44552252627941374,0.35494724141344614,0.3548592906639519,0.5203542559710809,0.7092272589719937,0.5152470624092854,0.38979700220054125,0.32825626495339183,0.4859783870088814,0.623112209534675,1.202605978939709,0.4237964251410577,0.3400916025288517,0.48680931012541834,0.5314953783898292,0.7490127575746718,0.7594153544895171,4.148503728448205e-08,3.8585668985205133,0.5328216398036902,0.0,3.3906394317791455,0.6332531432970843,0.0,2.6193021720820155,0.7292640691002898,0.0,1.2152131876983898,0.6446311611146449,0.13787559823088408,4.941307352082849,0.44552252627941374,0.0,2.803558547679602,0.35494724141344614,0.0,0.0,0.3548592906639519,0.0,2.729676258957967,0.5203542559710809,0.0,3.0029526354102076,0.7092272589719937,0.0,2.258516318996188,0.5152470624092854,0.0,0.728508966183277,0.38979700220054125,0.0,7.883704135814996,0.32825626495339183,0.0,3.8170597043825394,0.4859783870088814,0.0,3.606734125601358,0.623112209534675,0.0,3.580100904047634,1.3413565159099097,0.6057258128762786,2.536653579848274,0.4237964251410577,0.0,1.3696409296635057,0.3400916025288517,0.0,0.5169077968385803,0.48680931012541834,0.0,1.7942870124346166,0.5314953783898292,0.0,4.519296756835959,0.7490127575746718,0.0,1.1864560005103064,26
synthetic-fleet-01-unit-0001,125,0,540.0,1.35,48.5,530.0,2400.0,8300.0,8.7,0.032204817877684457,400.0,2400.0,102.0,660.0,40.0,24.5,1650.0,1470.0,15.2,22.0,560.0,2400.0,9250.0,0.7594153544895171,0.5328216398036902,0.6332531432970843,0.7292640691002898,0.7447757229226796,0.44552252627941374,0.35494724141344614,0.3548592906639519,0.5203542559710809,0.7092272589719937,0.5152470624092854,0.38979700220054125,0.32825626495339183,0.4859783870088814,0.623112209534675,0.8975962966117964,0.4237964251410577,0.3400916025288517,0.48680931012541834,0.5314953783898292,0.7490127575746718,0.7594153544895171,4.148503728448205e-08,3.8585668985205133,0.5328216398036902,0.0,3.3906394317791455,0.6332531432970843,0.0,2.6193021720820155,0.7292640691002898,0.0,1.2152131876983898,0.6880100755348497,0.1255273273285839,4.941307352082849,0.44552252627941374,0.0,2.803558547679602,0.35494724141344614,0.0,0.0,0.3548592906639519,0.0,2.729676258957967,0.5203542559710809,0.0,3.0029526354102076,0.7092272589719937,0.0,2.258516318996188,0.5152470624092854,0.0,0.728508966183277,0.38979700220054125,0.0,7.883704135814996,0.32825626495339183,0.0,3.8170597043825394,0.4859783870088814,0.0,3.606734125601358,0.623112209534675,0.0,3.580100904047634,1.3761252084004945,0.5650352989349569,2.2316438975203616,0.4237964251410577,0.0,1.3696409296635057,0.3400916025288517,0.0,0.5169077968385803,0.48680931012541834,0.0,1.7942870124346166,0.5314953783898292,0.0,4.519296756835959,0.7490127575746718,0.0,1.1864560005103064,25
synthetic-fleet-01-unit-0001,126,0,540.0,1.35,48.5,530.0,2400.0,8300.0,8.7,0.032337715272088376,400.0,2400.0,102.0,660.0,40.0,24.5,1650.0,1470.0,15.2,22.0,560.0,2400.0,9250.0,0.7594153544895171,0.5328216398036902,0.6332531432970843,0.7292640691002898,0.7447757229226796,0.44552252627941374,0.35494724141344614,0.3548592906639519,0.5203542559710809,0.7092272589719937,0.5152470624092854,0.38979700220054125,0.32825626495339183,0.4859783870088814,0.623112209534675,1.0471055489844976,0.4237964251410577,0.3400916025288517,0.48680931012541834,0.5314953783898292,0.7490127575746718,0.7594153544895171,4.148503728448205e-08,3.8585668985205133,0.5328216398036902,0.0,3.3906394317791455,0.6332531432970843,0.0,2.6193021720820155,0.7292640691002898,0.0,1.2152131876983898,0.744271528750249,0.0011274124462190384,4.941307352082849,0.44552252627941374,0.0,2.803558547679602,0.35494724141344614,0.0,0.0,0.3548592906639519,0.0,2.729676258957967,0.5203542559710809,0.0,3.0029526354102076,0.7092272589719937,0.0,2.258516318996188,0.5152470624092854,0.0,0.728508966183277,0.38979700220054125,0.0,7.883704135814996,0.32825626495339183,0.0,3.8170597043825394,0.4859783870088814,0.0,3.606734125601358,0.623112209534675,0.0,3.580100904047634,1.2094730587425149,0.4980436029644935,2.3811531498930627,0.4237964251410577,0.0,1.3696409296635057,0.3400916025288517,0.0,0.5169077968385803,0.48680931012541834,0.0,1.7942870124346166,0.5314953783898292,0.0,4.519296756835959,0.7490127575746718,0.0,1.1864560005103064,24
synthetic-fleet-01-unit-0001,127,0,540.0,1.35,48.5,530.0,2400.0,8300.0,8.7,0.032265117014888815,400.0,2400.0,102.0,660.0,40.0,24.5,1650.0,1470.0,15.2,22.0,560.0,2400.0,9250.0,0.7594153544895171,0.5328216398036902,0.6332531432970843,0.7292640691002898,0.7447757229226796,0.44552252627941374,0.35494724141344614,0.3548592906639519,0.5203542559710809,0.7092272589719937,0.5152470624092854,0.38979700220054125,0.32825626495339183,0.4859783870088814,0.623112209534675,0.9654326824384605,0.4237964251410577,0.3400916025288517,0.48680931012541834,0.5314953783898292,0.7490127575746718,0.7594153544895171,4.148503728448205e-08,3.8585668985205133,0.5328216398036902,0.0,3.3906394317791455,0.6332531432970843,0.0,2.6193021720820155,0.7292640691002898,0.0,1.2152131876983898,0.7447757229226796,7.953384646006187e-08,4.941307352082849,0.44552252627941374,0.0,2.803558547679602,0.35494724141344614,0.0,0.0,0.3548592906639519,0.0,2.729676258957967,0.5203542559710809,0.0,3.0029526354102076,0.7092272589719937,0.0,2.258516318996188,0.5152470624092854,0.0,0.728508966183277,0.38979700220054125,0.0,7.883704135814996,0.32825626495339183,0.0,3.8170597043825394,0.4859783870088814,0.0,3.606734125601358,0.623112209534675,0.0,3.580100904047634,0.989852733754857,0.14244242251252756,2.299480283347026,0.4237964251410577,0.0,1.3696409296635057,0.3400916025288517,0.0,0.5169077968385803,0.48680931012541834,0.0,1.7942870124346166,0.5314953783898292,0.0,4.519296756835959,0.7490127575746718,0.0,1.1864560005103064,23
synthetic-fleet-01-unit-0001,128,0,540.0,1.35,48.5,530.0,2400.0,8300.0,8.7,0.0323794566912819,400.0,2400.0,102.0,660.0,40.0,24.5,1650.0,1470.0,15.2,22.0,560.0,2400.0,9250.0,0.7594153544895171,0.5328216398036902,0.6332531432970843,0.7292640691002898,0.7447757229226796,0.44552252627941374,0.35494724141344614,0.3548592906639519,0.5203542559710809,0.7092272589719937,0.5152470624092854,0.38979700220054125,0.32825626495339183,0.4859783870088814,0.623112209534675,1.094064546221357,0.4237964251410577,0.3400916025288517,0.48680931012541834,0.5314953783898292,0.7490127575746718,0.7594153544895171,4.148503728448205e-08,3.8585668985205133,0.5328216398036902,0.0,3.3906394317791455,0.6332531432970843,0.0,2.6193021720820155,0.7292640691002898,0.0,1.2152131876983898,0.7447757229226796,7.953384646006187e-08,4.941307352082849,0.44552252627941374,0.0,2.803558547679602,0.35494724141344614,0.0,0.0,0.3548592906639519,0.0,2.729676258957967,0.5203542559710809,0.0,3.0029526354102076,0.7092272589719937,0.0,2.258516318996188,0.5152470624092854,0.0,0.728508966183277,0.38979700220054125,0.0,7.883704135814996,0.32825626495339183,0.0,3.8170597043825394,0.4859783870088814,0.0,3.606734125601358,0.623112209534675,0.0,3.580100904047634,1.041361010639164,0.11752021763151663,2.428112147129922,0.4237964251410577,0.0,1.3696409296635057,0.3400916025288517,0.0,0.5169077968385803,0.48680931012541834,0.0,1.7942870124346166,0.5314953783898292,0.0,4.519296756835959,0.7490127575746718,0.0,1.1864560005103064,22
synthetic-fleet-01-unit-0001,129,0,538.1927179365862,1.35,48.5,530.0,2400.0,8300.0,8.7,0.03173889803509857,400.0,2400.0,102.0,660.0,40.0,24.5,1650.0,1470.0,15.2,22.0,560.0,2400.0,9250.0,0.5531940609981071,0.5328216398036902,0.6332531432970843,0.7292640691002898,0.7447757229226796,0.44552252627941374,0.35494724141344614,0.3548592906639519,0.5203542559710809,0.7092272589719937,0.5152470624092854,0.38979700220054125,0.32825626495339183,0.4859783870088814,0.623112209534675,0.37343758271779365,0.4237964251410577,0.3400916025288517,0.48680931012541834,0.5314953783898292,0.7490127575746718,0.7181710957912351,0.09222496613095454,3.652345605029103,0.5328216398036902,0.0,3.3906394317791455,0.6332531432970843,0.0,2.6193021720820155,0.7292640691002898,0.0,1.2152131876983898,0.7447757229226796,7.953384646006187e-08,4.941307352082849,0.44552252627941374,0.0,2.803558547679602,0.35494724141344614,0.0,0.0,0.3548592906639519,0.0,2.729676258957967,0.5203542559710809,0.0,3.0029526354102076,0.7092272589719937,0.0,2.258516318996188,0.5152470624092854,0.0,0.728508966183277,0.38979700220054125,0.0,7.883704135814996,0.32825626495339183,0.0,3.8170597043825394,0.4859783870088814,0.0,3.606734125601358,0.623112209534675,0.0,3.580100904047634,0.8755273313947811,0.29062937141399753,1.7074851836263587,0.4237964251410577,0.0,1.3696409296635057,0.3400916025288517,0.0,0.5169077968385803,0.48680931012541834,0.0,1.7942870124346166,0.5314953783898292,0.0,4.519296756835959,0.7490127575746718,0.0,1.1864560005103064,21
synthetic-fleet-01-unit-0001,130,0,540.0,1.35,48.5,530.0,2400.0,8300.0,8.7,0.03283539042504627,400.0,2400.0,102.0,660.0,40.0,24.5,1650.0,1470.0,15.2,22.0,560.0,2400.0,9250.0,0.7594153544895171,0.5328216398036902,0.6332531432970843,0.7292640691002898,0.7447757229226796,0.44552252627941374,0.35494724141344614,0.3548592906639519,0.5203542559710809,0.7092272589719937,0.5152470624092854,0.38979700220054125,0.32825626495339183,0.4859783870088814,0.623112209534675,1.6069889114607894,0.4237964251410577,0.3400916025288517,0.48680931012541834,0.5314953783898292,0.7490127575746718,0.7181710957912351,0.09222496613095454,3.8585668985205133,0.5328216398036902,0.0,3.3906394317791455,0.6332531432970843,0.0,2.6193021720820155,0.7292640691002898,0.0,1.2152131876983898,0.7447757229226796,7.953384646006187e-08,4.941307352082849,0.44552252627941374,0.0,2.803558547679602,0.35494724141344614,0.0,0.0,0.3548592906639519,0.0,2.729676258957967,0.5203542559710809,0.0,3.0029526354102076,0.7092272589719937,0.0,2.258516318996188,0.5152470624092854,0.0,0.728508966183277,0.38979700220054125,0.0,7.883704135814996,0.32825626495339183,0.0,3.8170597043825394,0.4859783870088814,0.0,3.606734125601358,0.623112209534675,0.0,3.580100904047634,1.0174058543645796,0.4392502571429057,2.9410365123693545,0.4237964251410577,0.0,1.3696409296635057,0.3400916025288517,0.0,0.5169077968385803,0.48680931012541834,0.0,1.7942870124346166,0.5314953783898292,0.0,4.519296756835959,0.7490127575746718,0.0,1.1864560005103064,20
synthetic-fleet-01-unit-0001,131,0,540.0,1.35,48.5,530.0,2400.0,8300.0,8.7,0.031835132244628674,400.0,2400.0,102.0,660.0,40.0,24.5,1650.0,1470.0,15.2,22.0,560.0,2400.0,9250.0,0.7594153544895171,0.5328216398036902,0.6332531432970843,0.7292640691002898,0.7447757229226796,0.44552252627941374,0.35494724141344614,0.3548592906639519,0.5203542559710809,0.7092272589719937,0.5152470624092854,0.38979700220054125,0.32825626495339183,0.4859783870088814,0.623112209534675,0.48170083937573727,0.4237964251410577,0.3400916025288517,0.48680931012541834,0.5314953783898292,0.7490127575746718,0.7181710957912351,0.09222496613095454,3.8585668985205133,0.5328216398036902,0.0,3.3906394317791455,0.6332531432970843,0.0,2.6193021720820155,0.7292640691002898,0.0,1.2152131876983898,0.7447757229226796,7.953384646006187e-08,4.941307352082849,0.44552252627941374,0.0,2.803558547679602,0.35494724141344614,0.0,0.0,0.3548592906639519,0.0,2.729676258957967,0.5203542559710809,0.0,3.0029526354102076,0.7092272589719937,0.0,2.258516318996188,0.5152470624092854,0.0,0.728508966183277,0.38979700220054125,0.0,7.883704135814996,0.32825626495339183,0.0,3.8170597043825394,0.4859783870088814,0.0,3.606734125601358,0.623112209534675,0.0,3.580100904047634,0.9043249124428276,0.498478797867713,1.8157484402843025,0.4237964251410577,0.0,1.3696409296635057,0.3400916025288517,0.0,0.5169077968385803,0.48680931012541834,0.0,1.7942870124346166,0.5314953783898292,0.0,4.519296756835959,0.7490127575746718,0.0,1.1864560005103064,19
synthetic-fleet-01-unit-0001,132,0,540.0,1.35,48.5,530.0,2400.0,8300.0,8.7,0.03214987407331902,400.0,2400.0,102.0,660.0,40.0,24.5,1650.0,1470.0,15.2,22.0,560.0,2400.0,9250.0,0.7594153544895171,0.5328216398036902,0.6332531432970843,0.7292640691002898,0.7447757229226796,0.44552252627941374,0.35494724141344614,0.3548592906639519,0.5203542559710809,0.7092272589719937,0.5152470624092854,0.38979700220054125,0.32825626495339183,0.4859783870088814,0.623112209534675,0.83578464748178,0.4237964251410577,0.3400916025288517,0.48680931012541834,0.5314953783898292,0.7490127575746718,0.7181710957912351,0.09222496613095454,3.8585668985205133,0.5328216398036902,0.0,3.3906394317791455,0.6332531432970843,0.0,2.6193021720820155,0.7292640691002898,0.0,1.2152131876983898,0.7447757229226796,7.953384646006187e-08,4.941307352082849,0.44552252627941374,0.0,2.803558547679602,0.35494724141344614,0.0,0.0,0.3548592906639519,0.0,2.729676258957967,0.5203542559710809,0.0,3.0029526354102076,0.7092272589719937,0.0,2.258516318996188,0.5152470624092854,0.0,0.728508966183277,0.38979700220054125,0.0,7.883704135814996,0.32825626495339183,0.0,3.8170597043825394,0.4859783870088814,0.0,3.606734125601358,0.623112209534675,0.0,3.580100904047634,0.8783953054514914,0.49787707656308766,2.169832248390345,0.4237964251410577,0.0,1.3696409296635057,0.3400916025288517,0.0,0.5169077968385803,0.48680931012541834,0.0,1.7942870124346166,0.5314953783898292,0.0,4.519296756835959,0.7490127575746718,0.0,1.1864560005103064,18
synthetic-fleet-01-unit-0001,133,0,540.0,1.35,48.5,530.0,2400.0,8300.0,8.7,0.03263247863785695,400.0,2400.0,102.0,660.0,40.0,24.5,1650.0,1470.0,15.2,22.0,560.0,2400.0,9250.0,0.7594153544895171,0.5328216398036902,0.6332531432970843,0.7292640691002898,0.7447757229226796,0.44552252627941374,0.35494724141344614,0.3548592906639519,0.5203542559710809,0.7092272589719937,0.5152470624092854,0.38979700220054125,0.32825626495339183,0.4859783870088814,0.623112209534675,1.3787136338576844,0.4237964251410577,0.3400916025288517,0.48680931012541834,0.5314953783898292,0.7490127575746718,0.7181710957912351,0.09222496613095454,3.8585668985205133,0.5328216398036902,0.0,3.3906394317791455,0.6332531432970843,0.0,2.6193021720820155,0.7292640691002898,0.0,1.2152131876983898,0.7447757229226796,7.953384646006187e-08,4.941307352082849,0.44552252627941374,0.0,2.803558547679602,0.35494724141344614,0.0,0.0,0.3548592906639519,0.0,2.729676258957967,0.5203542559710809,0.0,3.0029526354102076,0.7092272589719937,0.0,2.258516318996188,0.5152470624092854,0.0,0.728508966183277,0.38979700220054125,0.0,7.883704135814996,0.32825626495339183,0.0,3.8170597043825394,0.4859783870088814,0.0,3.606734125601358,0.623112209534675,0.0,3.580100904047634,0.935325122978757,0.5429379617356169,2.7127612347662495,0.4237964251410577,0.0,1.3696409296635057,0.3400916025288517,0.0,0.5169077968385803,0.48680931012541834,0.0,1.7942870124346166,0.5314953783898292,0.0,4.519296756835959,0.7490127575746718,0.0,1.1864560005103064,17
synthetic-fleet-01-unit-0001,134,0,540.0,1.35,48.5,530.0,2400.0,8300.0,8.7,0.03193689196275261,400.0,2400.0,102.0,660.0,40.0,24.5,1650.0,1470.0,15.2,22.0,560.0,2400.0,9250.0,0.7594153544895171,0.5328216398036902,0.6332531432970843,0.7292640691002898,0.7447757229226796,0.44552252627941374,0.35494724141344614,0.3548592906639519,0.5203542559710809,0.7092272589719937,0.5152470624092854,0.38979700220054125,0.32825626495339183,0.4859783870088814,0.623112209534675,0.5961802800495395,0.4237964251410577,0.3400916025288517,0.48680931012541834,0.5314953783898292,0.7490127575746718,0.7594153544895171,0.0,3.8585668985205133,0.5328216398036902,0.0,3.3906394317791455,0.6332531432970843,0.0,2.6193021720820155,0.7292640691002898,0.0,1.2152131876983898,0.7447757229226796,7.953384646006187e-08,4.941307352082849,0.44552252627941374,0.0,2.803558547679602,0.35494724141344614,0.0,0.0,0.3548592906639519,0.0,2.729676258957967,0.5203542559710809,0.0,3.0029526354102076,0.7092272589719937,0.0,2.258516318996188,0.5152470624092854,0.0,0.728508966183277,0.38979700220054125,0.0,7.883704135814996,0.32825626495339183,0.0,3.8170597043825394,0.4859783870088814,0.0,3.606734125601358,0.623112209534675,0.0,3.580100904047634,0.979873662445106,0.4920633282201969,1.9302278809581046,0.4237964251410577,0.0,1.3696409296635057,0.3400916025288517,0.0,0.5169077968385803,0.48680931012541834,0.0,1.7942870124346166,0.5314953783898292,0.0,4.519296756835959,0.7490127575746718,0.0,1.1864560005103064,16
synthetic-fleet-01-unit-0001,135,0,540.0,1.35,48.5,530.0,2400.0,8300.0,8.7,0.03195327645417125,400.0,2400.0,102.0,660.0,40.0,24.5,1650.0,1470.0,15.2,22.0,560.0,2400.0,9250.0,0.7594153544895171,0.5328216398036902,0.6332531432970843,0.7292640691002898,0.7447757229226796,0.44552252627941374,0.35494724141344614,0.3548592906639519,0.5203542559710809,0.7092272589719937,0.5152470624092854,0.38979700220054125,0.32825626495339183,0.4859783870088814,0.623112209534675,0.6146127938959963,0.4237964251410577,0.3400916025288517,0.48680931012541834,0.5314953783898292,0.7490127575746718,0.7594153544895171,0.0,3.8585668985205133,0.5328216398036902,0.0,3.3906394317791455,0.6332531432970843,0.0,2.6193021720820155,0.7292640691002898,0.0,1.2152131876983898,0.7447757229226796,7.953384646006187e-08,4.941307352082849,0.44552252627941374,0.0,2.803558547679602,0.35494724141344614,0.0,0.0,0.3548592906639519,0.0,2.729676258957967,0.5203542559710809,0.0,3.0029526354102076,0.7092272589719937,0.0,2.258516318996188,0.5152470624092854,0.0,0.728508966183277,0.38979700220054125,0.0,7.883704135814996,0.32825626495339183,0.0,3.8170597043825394,0.4859783870088814,0.0,3.606734125601358,0.623112209534675,0.0,3.580100904047634,0.7813984389321476,0.3576608626615447,1.9486603948045613,0.4237964251410577,0.0,1.3696409296635057,0.3400916025288517,0.0,0.5169077968385803,0.48680931012541834,0.0,1.7942870124346166,0.5314953783898292,0.0,4.519296756835959,0.7490127575746718,0.0,1.1864560005103064,15
synthetic-fleet-01-unit-0001,136,0,540.0,1.35,48.5,530.0,2400.0,8300.0,8.7,0.03241730069626429,400.0,2400.0,102.0,660.0,40.0,24.5,1650.0,1470.0,15.2,22.0,560.0,2400.0,9250.0,0.7594153544895171,0.5328216398036902,0.6332531432970843,0.7292640691002898,0.7447757229226796,0.44552252627941374,0.35494724141344614,0.3548592906639519,0.5203542559710809,0.7092272589719937,0.5152470624092854,0.38979700220054125,0.32825626495339183,0.4859783870088814,0.623112209534675,1.13663896174759,0.4237964251410577,0.3400916025288517,0.48680931012541834,0.5314953783898292,0.7490127575746718,0.7594153544895171,0.0,3.8585668985205133,0.5328216398036902,0.0,3.3906394317791455,0.6332531432970843,0.0,2.6193021720820155,0.7292640691002898,0.0,1.2152131876983898,0.7447757229226796,7.953384646006187e-08,4.941307352082849,0.44552252627941374,0.0,2.803558547679602,0.35494724141344614,0.0,0.0,0.3548592906639519,0.0,2.729676258957967,0.5203542559710809,0.0,3.0029526354102076,0.7092272589719937,0.0,2.258516318996188,0.5152470624092854,0.0,0.728508966183277,0.38979700220054125,0.0,7.883704135814996,0.32825626495339183,0.0,3.8170597043825394,0.4859783870088814,0.0,3.606734125601358,0.623112209534675,0.0,3.580100904047634,0.9123860634065182,0.33995351144028596,2.470686562656155,0.4237964251410577,0.0,1.3696409296635057,0.3400916025288517,0.0,0.5169077968385803,0.48680931012541834,0.0,1.7942870124346166,0.5314953783898292,0.0,4.519296756835959,0.7490127575746718,0.0,1.1864560005103064,14
synthetic-fleet-01-unit-0001,137,0,540.0,1.35,48.5,530.0,2400.0,8300.0,8.7,0.03270535287413643,400.0,2400.0,102.0,660.0,40.0,24.5,1650.0,1470.0,15.2,22.0,560.0,2400.0,9250.0,0.7594153544895171,0.5328216398036902,0.6332531432970843,0.7292640691002898,0.7447757229226796,0.44552252627941374,0.35494724141344614,0.3548592906639519,0.5203542559710809,0.7092272589719937,0.5152470624092854,0.38979700220054125,0.32825626495339183,0.4859783870088814,0.623112209534675,1.4606969762117292,0.4237964251410577,0.3400916025288517,0.48680931012541834,0.5314953783898292,0.7490127575746718,0.7594153544895171,0.0,3.8585668985205133,0.5328216398036902,0.0,3.3906394317791455,0.6332531432970843,0.0,2.6193021720820155,0.7292640691002898,0.0,1.2152131876983898,0.7447757229226796,7.953384646006187e-08,4.941307352082849,0.44552252627941374,0.0,2.803558547679602,0.35494724141344614,0.0,0.0,0.3548592906639519,0.0,2.729676258957967,0.5203542559710809,0.0,3.0029526354102076,0.7092272589719937,0.0,2.258516318996188,0.5152470624092854,0.0,0.728508966183277,0.38979700220054125,0.0,7.883704135814996,0.32825626495339183,0.0,3.8170597043825394,0.4859783870088814,0.0,3.606734125601358,0.623112209534675,0.0,3.580100904047634,1.0373685291525079,0.4119913701226625,2.7947445771202943,0.4237964251410577,0.0,1.3696409296635057,0.3400916025288517,0.0,0.5169077968385803,0.48680931012541834,0.0,1.7942870124346166,0.5314953783898292,0.0,4.519296756835959,0.7490127575746718,0.0,1.1864560005103064,13
synthetic-fleet-01-unit-0001,138,0,540.0,1.35,48.5,530.0,2400.0,8300.0,8.7,0.0322774705615334,400.0,2400.0,102.0,660.0,40.0,24.5,1650.0,1470.0,15.2,22.0,560.0,2400.0,9250.0,0.7594153544895171,0.5328216398036902,0.6332531432970843,0.7292640691002898,0.7447757229226796,0.44552252627941374,0.35494724141344614,0.3548592906639519,0.5203542559710809,0.7092272589719937,0.5152470624092854,0.38979700220054125,0.32825626495339183,0.4859783870088814,0.623112209534675,0.979330393008838,0.4237964251410577,0.3400916025288517,0.48680931012541834,0.5314953783898292,0.7490127575746718,0.7594153544895171,0.0,3.8585668985205133,0.5328216398036902,0.0,3.3906394317791455,0.6332531432970843,0.0,2.6193021720820155,0.7292640691002898,0.0,1.2152131876983898,0.7447757229226796,7.953384646006187e-08,4.941307352082849,0.44552252627941374,0.0,2.803558547679602,0.35494724141344614,0.0,0.0,0.3548592906639519,0.0,2.729676258957967,0.5203542559710809,0.0,3.0029526354102076,0.7092272589719937,0.0,2.258516318996188,0.5152470624092854,0.0,0.728508966183277,0.38979700220054125,0.0,7.883704135814996,0.32825626495339183,0.0,3.8170597043825394,0.4859783870088814,0.0,3.606734125601358,0.623112209534675,0.0,3.580100904047634,0.9574918809827386,0.3653416573390078,2.313377993917403,0.4237964251410577,0.0,1.3696409296635057,0.3400916025288517,0.0,0.5169077968385803,0.48680931012541834,0.0,1.7942870124346166,0.5314953783898292,0.0,4.519296756835959,0.7490127575746718,0.0,1.1864560005103064,12
synthetic-fleet-01-unit-0001,139,0,540.0,1.35,48.5,530.0,2400.0,8300.0,8.7,0.0319574765744305,400.0,2400.0,102.0,660.0,40.0,24.5,1650.0,1470.0,15.2,22.0,560.0,2400.0,9250.0,0.7594153544895171,0.5328216398036902,0.6332531432970843,0.7292640691002898,0.7447757229226796,0.44552252627941374,0.35494724141344614,0.3548592906639519,0.5203542559710809,0.7092272589719937,0.5152470624092854,0.38979700220054125,0.32825626495339183,0.4859783870088814,0.623112209534675,0.6193379191902313,0.4237964251410577,0.3400916025288517,0.48680931012541834,0.5314953783898292,0.7490127575746718,0.7594153544895171,0.0,3.8585668985205133,0.5328216398036902,0.0,3.3906394317791455,0.6332531432970843,0.0,2.6193021720820155,0.7292640691002898,0.0,1.2152131876983898,0.7447757229226796,7.953384646006187e-08,4.941307352082849,0.44552252627941374,0.0,2.803558547679602,0.35494724141344614,0.0,0.0,0.3548592906639519,0.0,2.729676258957967,0.5203542559710809,0.0,3.0029526354102076,0.7092272589719937,0.0,2.258516318996188,0.5152470624092854,0.0,0.728508966183277,0.38979700220054125,0.0,7.883704135814996,0.32825626495339183,0.0,3.8170597043825394,0.4859783870088814,0.0,3.606734125601358,0.623112209534675,0.0,3.580100904047634,0.962123408810877,0.3597196408335925,1.9533855200987964,0.4237964251410577,0.0,1.3696409296635057,0.3400916025288517,0.0,0.5169077968385803,0.48680931012541834,0.0,1.7942870124346166,0.5314953783898292,0.0,4.519296756835959,0.7490127575746718,0.0,1.1864560005103064,11
synthetic-fleet-01-unit-0001,140,0,540.0,1.35,48.5,530.0,2400.0,8300.0,8.7,0.03271718003863557,400.0,2400.0,102.0,660.0,40.0,24.5,1650.0,1470.0,15.2,22.0,560.0,2400.0,9250.0,0.7594153544895171,0.5328216398036902,0.6332531432970843,0.7292640691002898,0.7447757229226796,0.44552252627941374,0.35494724141344614,0.3548592906639519,0.5203542559710809,0.7092272589719937,0.5152470624092854,0.38979700220054125,0.32825626495339183,0.4859783870088814,0.623112209534675,1.4740025081214172,0.4237964251410577,0.3400916025288517,0.48680931012541834,0.5314953783898292,0.7490127575746718,0.7594153544895171,0.0,3.8585668985205133,0.5328216398036902,0.0,3.3906394317791455,0.6332531432970843,0.0,2.6193021720820155,0.7292640691002898,0.0,1.2152131876983898,0.7447757229226796,7.953384646006187e-08,4.941307352082849,0.44552252627941374,0.0,2.803558547679602,0.35494724141344614,0.0,0.0,0.3548592906639519,0.0,2.729676258957967,0.5203542559710809,0.0,3.0029526354102076,0.7092272589719937,0.0,2.258516318996188,0.5152470624092854,0.0,0.728508966183277,0.38979700220054125,0.0,7.883704135814996,0.32825626495339183,0.0,3.8170597043825394,0.4859783870088814,0.0,3.606734125601358,0.623112209534675,0.0,3.580100904047634,1.1340013516559613,0.3574700437291764,2.808050109029982,0.4237964251410577,0.0,1.3696409296635057,0.3400916025288517,0.0,0.5169077968385803,0.48680931012541834,0.0,1.7942870124346166,0.5314953783898292,0.0,4.519296756835959,0.7490127575746718,0.0,1.1864560005103064,10
synthetic-fleet-01-unit-0001,141,0,540.0,1.35,48.5,530.0,2400.0,8300.0,8.7,0.032985099724626266,400.0,2400.0,102.0,660.0,40.0,24.5,1650.0,1470.0,15.2,22.0,560.0,2400.0,9250.0,0.7594153544895171,0.5328216398036902,0.6332531432970843,0.7292640691002898,0.7447757229226796,0.44552252627941374,0.35494724141344614,0.3548592906639519,0.5203542559710809,0.7092272589719937,0.5152470624092854,0.38979700220054125,0.32825626495339183,0.4859783870088814,0.623112209534675,1.7754115171397018,0.4237964251410577,0.3400916025288517,0.48680931012541834,0.5314953783898292,0.7490127575746718,0.7594153544895171,0.0,3.8585668985205133,0.5328216398036902,0.0,3.3906394317791455,0.6332531432970843,0.0,2.6193021720820155,0.7292640691002898,0.0,1.2152131876983898,0.7447757229226796,7.953384646006187e-08,4.941307352082849,0.44552252627941374,0.0,2.803558547679602,0.35494724141344614,0.0,0.0,0.3548592906639519,0.0,2.729676258957967,0.5203542559710809,0.0,3.0029526354102076,0.7092272589719937,0.0,2.258516318996188,0.5152470624092854,0.0,0.728508966183277,0.38979700220054125,0.0,7.883704135814996,0.32825626495339183,0.0,3.8170597043825394,0.4859783870088814,0.0,3.606734125601358,0.623112209534675,0.0,3.580100904047634,1.2617558627343837,0.4585120763266241,3.109459118048267,0.4237964251410577,0.0,1.3696409296635057,0.3400916025288517,0.0,0.5169077968385803,0.48680931012541834,0.0,1.7942870124346166,0.5314953783898292,0.0,4.519296756835959,0.7490127575746718,0.0,1.1864560005103064,9
synthetic-fleet-01-unit-0001,142,0,540.0,1.35,48.5,530.0,2400.0,8300.0,8.7,0.03145931845966341,400.0,2400.0,102.0,660.0,40.0,24.5,1650.0,1470.0,15.2,22.0,560.0,2400.0,9250.0,0.7594153544895171,0.5328216398036902,0.6332531432970843,0.7292640691002898,0.7447757229226796,0.44552252627941374,0.35494724141344614,0.3548592906639519,0.5203542559710809,0.7092272589719937,0.5152470624092854,0.38979700220054125,0.32825626495339183,0.4859783870088814,0.623112209534675,0.058911225828171425,0.4237964251410577,0.3400916025288517,0.48680931012541834,0.5314953783898292,0.7490127575746718,0.7594153544895171,0.0,3.8585668985205133,0.5328216398036902,0.0,3.3906394317791455,0.6332531432970843,0.0,2.6193021720820155,0.7292640691002898,0.0,1.2152131876983898,0.7447757229226796,7.953384646006187e-08,4.941307352082849,0.44552252627941374,0.0,2.803558547679602,0.35494724141344614,0.0,0.0,0.3548592906639519,0.0,2.729676258957967,0.5203542559710809,0.0,3.0029526354102076,0.7092272589719937,0.0,2.258516318996188,0.5152470624092854,0.0,0.728508966183277,0.38979700220054125,0.0,7.883704135814996,0.32825626495339183,0.0,3.8170597043825394,0.4859783870088814,0.0,3.606734125601358,0.623112209534675,0.0,3.580100904047634,0.981398712657672,0.6810268519772475,1.3929588267367365,0.4237964251410577,0.0,1.3696409296635057,0.3400916025288517,0.0,0.5169077968385803,0.48680931012541834,0.0,1.7942870124346166,0.5314953783898292,0.0,4.519296756835959,0.7490127575746718,0.0,1.1864560005103064,8
synthetic-fleet-01-unit-0001,143,0,540.0,1.35,48.5,530.0,2400.0,8300.0,8.7,0.033140961248988896,400.0,2400.0,102.0,660.0,40.0,24.5,1650.0,1470.0,15.2,22.0,560.0,2400.0,9250.0,0.7594153544895171,0.5328216398036902,0.6332531432970843,0.7292640691002898,0.7447757229226796,0.44552252627941374,0.35494724141344614,0.3548592906639519,0.5203542559710809,0.7092272589719937,0.5152470624092854,0.38979700220054125,0.32825626495339183,0.4859783870088814,0.623112209534675,1.9507553610551185,0.4237964251410577,0.3400916025288517,0.48680931012541834,0.5314953783898292,0.7490127575746718,0.7594153544895171,0.0,3.8585668985205133,0.5328216398036902,0.0,3.3906394317791455,0.6332531432970843,0.0,2.6193021720820155,0.7292640691002898,0.0,1.2152131876983898,0.7447757229226796,7.953384646006187e-08,4.941307352082849,0.44552252627941374,0.0,2.803558547679602,0.35494724141344614,0.0,0.0,0.3548592906639519,0.0,2.729676258957967,0.5203542559710809,0.0,3.0029526354102076,0.7092272589719937,0.0,2.258516318996188,0.5152470624092854,0.0,0.728508966183277,0.38979700220054125,0.0,7.883704135814996,0.32825626495339183,0.0,3.8170597043825394,0.4859783870088814,0.0,3.606734125601358,0.623112209534675,0.0,3.580100904047634,1.175683706266928,0.8071717649598469,3.284802961963684,0.4237964251410577,0.0,1.3696409296635057,0.3400916025288517,0.0,0.5169077968385803,0.48680931012541834,0.0,1.7942870124346166,0.5314953783898292,0.0,4.519296756835959,0.7490127575746718,0.0,1.1864560005103064,7
synthetic-fleet-01-unit-0001,144,0,540.0,1.35,48.5,530.0,2400.0,8300.0,8.7,0.032765535361306025,400.0,2400.0,102.0,660.0,40.0,24.5,1650.0,1470.0,15.2,22.0,560.0,2400.0,9250.0,0.7594153544895171,0.5328216398036902,0.6332531432970843,0.7292640691002898,0.7447757229226796,0.44552252627941374,0.35494724141344614,0.3548592906639519,0.5203542559710809,0.7092272589719937,0.5152470624092854,0.38979700220054125,0.32825626495339183,0.4859783870088814,0.623112209534675,1.528402131026943,0.4237964251410577,0.3400916025288517,0.48680931012541834,0.5314953783898292,0.7490127575746718,0.7594153544895171,0.0,3.8585668985205133,0.5328216398036902,0.0,3.3906394317791455,0.6332531432970843,0.0,2.6193021720820155,0.7292640691002898,0.0,1.2152131876983898,0.7447757229226796,7.953384646006187e-08,4.941307352082849,0.44552252627941374,0.0,2.803558547679602,0.35494724141344614,0.0,0.0,0.3548592906639519,0.0,2.729676258957967,0.5203542559710809,0.0,3.0029526354102076,0.7092272589719937,0.0,2.258516318996188,0.5152470624092854,0.0,0.728508966183277,0.38979700220054125,0.0,7.883704135814996,0.32825626495339183,0.0,3.8170597043825394,0.4859783870088814,0.0,3.606734125601358,0.623112209534675,0.0,3.580100904047634,1.3574965486342703,0.7509519186859295,2.862449731935508,0.4237964251410577,0.0,1.3696409296635057,0.3400916025288517,0.0,0.5169077968385803,0.48680931012541834,0.0,1.7942870124346166,0.5314953783898292,0.0,4.519296756835959,0.7490127575746718,0.0,1.1864560005103064,6
synthetic-fleet-01-unit-0001,145,0,540.0,1.35,48.5,530.0,2400.0,8300.0,8.7,0.03242893002700726,400.0,2400.0,102.0,660.0,40.0,24.5,1650.0,1470.0,15.2,22.0,560.0,2400.0,9250.0,0.7594153544895171,0.5328216398036902,0.6332531432970843,0.7292640691002898,0.7447757229226796,0.44552252627941374,0.35494724141344614,0.3548592906639519,0.5203542559710809,0.7092272589719937,0.5152470624092854,0.38979700220054125,0.32825626495339183,0.4859783870088814,0.623112209534675,1.1497219311524784,0.4237964251410577,0.3400916025288517,0.48680931012541834,0.5314953783898292,0.7490127575746718,0.7594153544895171,0.0,3.8585668985205133,0.5328216398036902,0.0,3.3906394317791455,0.6332531432970843,0.0,2.6193021720820155,0.7292640691002898,0.0,1.2152131876983898,0.7447757229226796,7.953384646006187e-08,4.941307352082849,0.44552252627941374,0.0,2.803558547679602,0.35494724141344614,0.0,0.0,0.3548592906639519,0.0,2.729676258957967,0.5203542559710809,0.0,3.0029526354102076,0.7092272589719937,0.0,2.258516318996188,0.5152470624092854,0.0,0.728508966183277,0.38979700220054125,0.0,7.883704135814996,0.32825626495339183,0.0,3.8170597043825394,0.4859783870088814,0.0,3.606734125601358,0.623112209534675,0.0,3.580100904047634,1.2926404332404826,0.7523762707691773,2.483769532061044,0.4237964251410577,0.0,1.3696409296635057,0.3400916025288517,0.0,0.5169077968385803,0.48680931012541834,0.0,1.7942870124346166,0.5314953783898292,0.0,4.519296756835959,0.7490127575746718,0.0,1.1864560005103064,5
synthetic-fleet-01-unit-0001,146,0,540.0,1.35,48.5,530.0,2400.0,8300.0,8.7,0.032800897007748596,400.0,2400.0,102.0,660.0,40.0,24.5,1650.0,1470.0,15.2,22.0,560.0,2400.0,9250.0,0.7594153544895171,0.5328216398036902,0.6332531432970843,0.7292640691002898,0.7447757229226796,0.44552252627941374,0.35494724141344614,0.3548592906639519,0.5203542559710809,0.7092272589719937,0.5152470624092854,0.38979700220054125,0.32825626495339183,0.4859783870088814,0.623112209534675,1.5681838991045616,0.4237964251410577,0.3400916025288517,0.48680931012541834,0.5314953783898292,0.7490127575746718,0.7594153544895171,0.0,3.8585668985205133,0.5328216398036902,0.0,3.3906394317791455,0.6332531432970843,0.0,2.6193021720820155,0.7292640691002898,0.0,1.2152131876983898,0.7447757229226796,7.953384646006187e-08,4.941307352082849,0.44552252627941374,0.0,2.803558547679602,0.35494724141344614,0.0,0.0,0.3548592906639519,0.0,2.729676258957967,0.5203542559710809,0.0,3.0029526354102076,0.7092272589719937,0.0,2.258516318996188,0.5152470624092854,0.0,0.728508966183277,0.38979700220054125,0.0,7.883704135814996,0.32825626495339183,0.0,3.8170597043825394,0.4859783870088814,0.0,3.606734125601358,0.623112209534675,0.0,3.580100904047634,1.2511949096334545,0.7243182719395521,2.9022315000131265,0.4237964251410577,0.0,1.3696409296635057,0.3400916025288517,0.0,0.5169077968385803,0.48680931012541834,0.0,1.7942870124346166,0.5314953783898292,0.0,4.519296756835959,0.7490127575746718,0.0,1.1864560005103064,4
synthetic-fleet-01-unit-0001,147,0,540.0,1.35,48.5,530.0,2400.0,8300.0,8.7,0.03241522031205413,400.0,2400.0,102.0,660.0,40.0,24.5,1650.0,1470.0,15.2,22.0,560.0,2400.0,9250.0,0.7594153544895171,0.5328216398036902,0.6332531432970843,0.7292640691002898,0.7447757229226796,0.44552252627941374,0.35494724141344614,0.3548592906639519,0.5203542559710809,0.7092272589719937,0.5152470624092854,0.38979700220054125,0.32825626495339183,0.4859783870088814,0.623112209534675,1.1342985344630307,0.4237964251410577,0.3400916025288517,0.48680931012541834,0.5314953783898292,0.7490127575746718,0.7594153544895171,0.0,3.8585668985205133,0.5328216398036902,0.0,3.3906394317791455,0.6332531432970843,0.0,2.6193021720820155,0.7292640691002898,0.0,1.2152131876983898,0.7447757229226796,7.953384646006187e-08,4.941307352082849,0.44552252627941374,0.0,2.803558547679602,0.35494724141344614,0.0,0.0,0.3548592906639519,0.0,2.729676258957967,0.5203542559710809,0.0,3.0029526354102076,0.7092272589719937,0.0,2.258516318996188,0.5152470624092854,0.0,0.728508966183277,0.38979700220054125,0.0,7.883704135814996,0.32825626495339183,0.0,3.8170597043825394,0.4859783870088814,0.0,3.606734125601358,0.623112209534675,0.0,3.580100904047634,1.4662723713604264,0.33888812438882376,2.468346135371596,0.4237964251410577,0.0,1.3696409296635057,0.3400916025288517,0.0,0.5169077968385803,0.48680931012541834,0.0,1.7942870124346166,0.5314953783898292,0.0,4.519296756835959,0.7490127575746718,0.0,1.1864560005103064,3
synthetic-fleet-01-unit-0001,148,0,540.0,1.35,48.5,530.0,2400.0,8300.0,8.7,0.03197785826013293,400.0,2400.0,102.0,660.0,40.0,24.5,1650.0,1470.0,15.2,22.0,560.0,2400.0,9250.0,0.7594153544895171,0.5328216398036902,0.6332531432970843,0.7292640691002898,0.7447757229226796,0.44552252627941374,0.35494724141344614,0.3548592906639519,0.5203542559710809,0.7092272589719937,0.5152470624092854,0.38979700220054125,0.32825626495339183,0.4859783870088814,0.623112209534675,0.6422672670915405,0.4237964251410577,0.3400916025288517,0.48680931012541834,0.5314953783898292,0.7490127575746718,0.7594153544895171,0.0,3.8585668985205133,0.5328216398036902,0.0,3.3906394317791455,0.6332531432970843,0.0,2.6193021720820155,0.7292640691002898,0.0,1.2152131876983898,0.7447757229226796,7.953384646006187e-08,4.941307352082849,0.44552252627941374,0.0,2.803558547679602,0.35494724141344614,0.0,0.0,0.3548592906639519,0.0,2.729676258957967,0.5203542559710809,0.0,3.0029526354102076,0.7092272589719937,0.0,2.258516318996188,0.5152470624092854,0.0,0.728508966183277,0.38979700220054125,0.0,7.883704135814996,0.32825626495339183,0.0,3.8170597043825394,0.4859783870088814,0.0,3.606734125601358,0.623112209534675,0.0,3.580100904047634,1.2045747525677108,0.37457077754273677,1.9763148680001055,0.4237964251410577,0.0,1.3696409296635057,0.3400916025288517,0.0,0.5169077968385803,0.48680931012541834,0.0,1.7942870124346166,0.5314953783898292,0.0,4.519296756835959,0.7490127575746718,0.0,1.1864560005103064,2
synthetic-fleet-01-unit-0001,149,0,540.0,1.35,48.5,530.0,2400.0,8300.0,8.7,0.03259260818766744,400.0,2400.0,102.0,660.0,40.0,24.5,1650.0,1470.0,15.2,22.0,560.0,2400.0,9250.0,0.7594153544895171,0.5328216398036902,0.6332531432970843,0.7292640691002898,0.7447757229226796,0.44552252627941374,0.35494724141344614,0.3548592906639519,0.5203542559710809,0.7092272589719937,0.5152470624092854,0.38979700220054125,0.32825626495339183,0.4859783870088814,0.623112209534675,1.3338594722969324,0.4237964251410577,0.3400916025288517,0.48680931012541834,0.5314953783898292,0.7490127575746718,0.7594153544895171,0.0,3.8585668985205133,0.5328216398036902,0.0,3.3906394317791455,0.6332531432970843,0.0,2.6193021720820155,0.7292640691002898,0.0,1.2152131876983898,0.7447757229226796,7.953384646006187e-08,4.941307352082849,0.44552252627941374,0.0,2.803558547679602,0.35494724141344614,0.0,0.0,0.3548592906639519,0.0,2.729676258957967,0.5203542559710809,0.0,3.0029526354102076,0.7092272589719937,0.0,2.258516318996188,0.5152470624092854,0.0,0.728508966183277,0.38979700220054125,0.0,7.883704135814996,0.32825626495339183,0.0,3.8170597043825394,0.4859783870088814,0.0,3.606734125601358,0.623112209534675,0.0,3.580100904047634,1.1656662208217088,0.3411356284743715,2.6679070732054972,0.4237964251410577,0.0,1.3696409296635057,0.3400916025288517,0.0,0.5169077968385803,0.48680931012541834,0.0,1.7942870124346166,0.5314953783898292,0.0,4.519296756835959,0.7490127575746718,0.0,1.1864560005103064,1
synthetic-fleet-01-unit-0001,150,0,540.0,1.35,48.5,530.0,2400.0,8300.0,8.7,0.03330010617662159,400.0,2400.0,102.0,660.0,40.0,24.5,1650.0,1470.0,15.2,22.0,560.0,2400.0,9250.0,0.7594153544895171,0.5328216398036902,0.6332531432970843,0.7292640691002898,0.7447757229226796,0.44552252627941374,0.35494724141344614,0.3548592906639519,0.5203542559710809,0.7092272589719937,0.5152470624092854,0.38979700220054125,0.32825626495339183,0.4859783870088814,0.623112209534675,2.1297930258339686,0.4237964251410577,0.3400916025288517,0.48680931012541834,0.5314953783898292,0.7490127575746718,0.7594153544895171,0.0,3.8585668985205133,0.5328216398036902,0.0,3.3906394317791455,0.6332531432970843,0.0,2.6193021720820155,0.7292640691002898,0.0,1.2152131876983898,0.7447757229226796,7.953384646006187e-08,4.941307352082849,0.44552252627941374,0.0,2.803558547679602,0.35494724141344614,0.0,0.0,0.3548592906639519,0.0,2.729676258957967,0.5203542559710809,0.0,3.0029526354102076,0.7092272589719937,0.0,2.258516318996188,0.5152470624092854,0.0,0.728508966183277,0.38979700220054125,0.0,7.883704135814996,0.32825626495339183,0.0,3.8170597043825394,0.4859783870088814,0.0,3.606734125601358,0.623112209534675,0.0,3.580100904047634,1.361680439758007,0.548332124196293,3.4638406267425337,0.4237964251410577,0.0,1.3696409296635057,0.3400916025288517,0.0,0.5169077968385803,0.48680931012541834,0.0,1.7942870124346166,0.5314953783898292,0.0,4.519296756835959,0.7490127575746718,0.0,1.1864560005103064,0
synthetic-fleet-01-unit-0002,1,0,523.4547525604889,1.2902632519252513,48.5,518.8854792439174,2400.0,8050.0,8.57015229163752,0.02972760266878619,394.85848234665673,2380.838016606494,100.50663407167637,635.9384281338911,39.58061843066523,23.293966816037404,1594.2117642040735,1401.6499939438058,14.474078167660613,22.0,560.0,2380.0,9131.460240025895,-1.1284926800020265,-2.9018285464254907,-1.8808900294792554,-1.797069406889333,-2.2443933497240414,0.44552252627941374,0.35494724141344614,-3.2945811924529185,-1.0312815938946531,-2.0858719465050344,0.5152470624092854,-2.6685027155332657,0.32825626495339183,-3.1207557385924765,-0.5467445251413623,-1.8892649169572084,-1.2683837170940595,-3.2487703557993166,-1.2790089768568076,-0.432682514290857,-2.038115637826087,-1.1284926800020265,0.0,0.0,-2.9018285464254907,0.0,0.0,-1.8808900294792554,0.0,0.0,-1.797069406889333,0.0,0.0,-2.2443933497240414,0.0,0.0,0.44552252627941374,0.0,0.0,0.35494724141344614,0.0,0.0,-3.2945811924529185,0.0,0.0,-1.0312815938946531,0.0,0.0,-2.0858719465050344,0.0,0.0,0.5152470624092854,0.0,0.0,-2.6685027155332657,0.0,0.0,0.32825626495339183,0.0,0.0,-3.1207557385924765,0.0,0.0,-0.5467445251413623,0.0,0.0,-1.8892649169572084,0.0,0.0,-1.2683837170940595,0.0,0.0,-3.2487703557993166,0.0,0.0,-1.2790089768568076,0.0,0.0,-0.432682514290857,0.0,0.0,-2.038115637826087,0.0,0.0,125
synthetic-fleet-01-unit-0002,2,0,526.1209318831906,1.31223671205299,46.928301102888874,522.3854143403648,2400.0,8050.0,8.476635809118482,0.029401743116655065,400.0,2384.4833961515933,100.81318400061582,656.1547682672626,39.05866366689737,23.05805315412447,1572.7022341722748,1381.9072006902754,14.79931281540876,21.972486700406225,543.7763577741346,2400.0,9250.0,-0.8242662619248142,-0.016062945144937772,-2.8502348619075817,-2.526796913642288,-0.9051563863323798,0.2761213040833326,-3.8203945462779245,0.3548592906639519,0.5203542559710809,-1.0577275810338616,-2.613090525433716,-1.7054516985387689,0.32825626495339183,-3.1207557385924765,-1.3892768136027724,-2.25585613747094,0.4237964251410577,-2.5660245405874966,-0.9165315290138504,-1.632680990625009,-2.58330931468673,-0.9763794709634204,0.21512056323849046,0.3042264180772123,-1.4589457457852142,2.0405444255803538,2.885765601280553,-2.365562445693419,0.685430304318207,-0.9693448324283263,-2.1619331602658107,0.5159952684433666,-0.7297275067529552,-1.5747748680282105,0.946983538429924,1.3392369633916617,0.3608219151813732,0.11978475295613811,-0.16940122219608117,-1.7327236524322391,2.95241249184813,-4.17534178769137,-1.4698609508944833,2.5805441131486493,3.6494404831168703,-0.25546366896178613,1.0971722313722123,1.5516358498657339,-1.571799763769448,0.7270078528634064,1.0281443654711728,-1.0489217315122152,2.212068722204553,-3.128337587843001,-2.1869772070360174,0.6809799047454098,0.9630510169944968,0.32825626495339183,0.0,0.0,-3.1207557385924765,0.0,0.0,-0.9680106693720674,0.5957602945396835,-0.8425322884614102,-2.0725605272140744,0.25921913794871254,-0.3665912205137316,-0.4222936459765009,1.1965520535636678,1.6921801422351173,-2.9073974481934064,0.4827741957630153,0.68274581521182,-1.097770252935329,0.2563102613969482,0.3624774478429572,-1.032681752457933,0.8485270600294037,-1.199998476334152,-2.310712476256408,0.38551014596818806,-0.5451936768606429,125
synthetic-fleet-01-unit-0002,3,0,520.0213027321332,1.309762015487339,47.76493750310431,520.54783445895,2380.0,8265.075809711028,8.442778455368172,0.029906641915554092,399.5493688679207,2400.0,99.43767486268932,653.3594839825367,39.50279472763821,23.592544439575814,1576.6725055318618,1425.2140937923914,14.86633736126968,21.17467293421477,554.8525552525897,2400.0,9250.0,-1.520269082299696,-0.41507360589982184,-2.671311286168625,-0.9260998530592969,-0.6291656519718943,-4.636071310875572,-0.9698071420029578,0.3548592906639519,0.5203542559710809,-1.1735193277789742,-0.9478344748235542,-2.2110848388222863,-3.4888034394291476,-0.017870688688037154,-1.6943130271995495,-1.687846190505101,0.27548436932584736,0.3400916025288517,-2.542991021355639,-0.611602856699383,-1.348106288281531,-1.1576760080755122,0.3489179437497175,-0.3917764022976695,-1.1109883658234168,1.5636923582320033,2.486754940525669,-2.4674787258518207,0.5158179286558897,-0.7904212566893696,-1.749988724530306,0.8013864317096345,0.870969553830036,-1.2595717960094384,0.8639721296771345,1.6152276977521471,-1.3048091601709417,2.886200760698796,-5.081593837154985,-1.478418148955812,2.13363155870587,-1.324754383416404,-0.8616208703750049,2.107005445319043,3.6494404831168703,0.003142306015836205,0.8958373756042552,1.5516358498657339,-1.4390396184392902,0.5631571518029264,0.9123526187260602,-1.0152259792826615,1.5652572398915099,-1.4630815372328396,-2.195013084298107,0.48172662507240327,0.45741787671097933,-0.9440969698407881,2.2037804478381324,-3.8170597043825394,-2.0864607219576636,1.7914515188267934,3.1028850499044394,-1.2101114553145613,0.5943934184838567,-1.1475685020581872,-1.9443224149777498,0.2879797232953134,0.20141872645210745,-0.1897009742090515,0.937105362978719,1.5438680864199068,-1.8249010979526539,1.905762447657358,3.5888619583281685,-1.5795105090754322,0.8538550803306629,-1.2639820444988312,-0.8923221205384163,0.6473805408095136,-0.17892034240852595,-1.9898437469314494,0.6190147499842378,0.6900093495445561,125
synthetic-fleet-01-unit-0002,4,0,526.5529376522469,1.2609647148153038,48.5,516.8271289439068,2400.0,8119.43216386408,8.39516399460344,0.03146825253572395,389.97339363572104,2380.0,102.0,643.2727640137272,39.61289981046535,23.478787658714616,1610.2342284125746,1443.774571774444,14.856335128611713,21.568314267940423,560.0,2384.108020076954,9131.113009668665,-0.7749719152956743,-1.854894529158393,-1.158824374845351,-0.24007274696252404,-0.6703524067802765,-2.212395342359253,0.35494724141344614,-2.5449824537383083,-1.0358266939569325,-3.4567587195041467,0.5152470624092854,-3.2348836040726714,0.32825626495339183,-2.11906231930078,-2.12329324022028,0.06896204013076605,-2.87616777368036,-3.4057231021686043,0.48680931012541834,-0.35846610845816,-1.6109968607166096,-1.0619999848805528,0.34318813106608215,0.3535207647063522,-1.296964906657161,1.3298264131422253,1.0469340172670978,-2.1403151381002035,0.7781534614825512,0.7220656546339044,-1.3725097301383604,0.9990537390188201,1.5569966599268088,-1.112266948702148,0.7644781004494454,1.574040942943765,-1.5317057057180197,2.3998676470929934,-2.6579178686386666,-1.0200768013634975,1.9685602816579895,0.0,-1.2824612662158308,1.9152217938109897,0.7495987387146101,-0.25659994397735597,0.8971513518237135,-0.0045451000622793725,-1.943469393705504,1.1087056617748836,-1.3708867729991123,-0.6326077188596748,1.489610827540192,0.0,-2.454980714241748,0.6519506898606833,-0.5663808885394057,-0.6260086611422431,1.9085298521912697,0.0,-2.0946111212934424,1.4628048669964657,1.0016934192916964,-1.438406901540991,0.6663414542826488,-1.5765487150789177,-1.4410013012006209,1.033739226456506,1.9582269570879745,-0.8613176740768786,1.545872010780449,-1.6077840565863004,-2.2201065990066415,1.7452898203032001,-0.1569527463692877,-1.0629305542752197,1.246380786227286,1.7658182869822259,-0.7588581175183523,0.5921584276929366,0.07421640583269701,-1.8951320253777393,0.5397537227884913,0.4271187771094773,125
synthetic-fleet-01-unit-0002,5,0,526.4980780241832,1.3160742677191324,46.557271087279716,524.0080491630285,2388.2484517150115,8126.682687924098,8.46783768781711,0.03017723523509052,398.31218907864894,2400.0,99.99427286381723,629.7397749975031,38.75846071467566,23.33354925104202,1575.9008929481165,1404.6477121335574,14.9695609553858,21.641065427040527,557.0632515135011,2381.598368707033,9081.507182321924,-0.7812317148525754,-3.7866504220591697,-2.70608464800333,-1.686268600110675,-0.20411606487656225,-1.7644615994167034,-0.4008589151146514,-3.0029236191332607,-1.6851462141775504,-0.8781672745373263,-3.351595302768325,-1.258963385723151,-1.9145618061833811,-2.0144594690777433,-1.4685430677916838,-1.3834293501118349,-0.13169716984847854,0.3400916025288517,-1.8848462825154324,-2.3228616542835954,-1.9466410996230914,-1.0058463308749572,0.3226449042978572,0.34726096514945115,-1.7949020097375628,1.6018849864889024,-0.884821875633679,-2.253469040080829,0.7198341023320317,-0.8251946185240744,-1.4352615041328234,0.876510242828271,0.11080080677865789,-0.9306367719370309,0.7767030836225209,2.040277284847479,-1.5782568844577562,2.0809513698986435,-2.209984125696117,-0.8962332241137283,1.7271677234771192,-0.7558061565280976,-1.6265537367993168,1.8284020430905437,0.2916575733196578,-0.5423091980173949,1.005887319872318,-0.6538646202828973,-1.7304089698718688,1.0718651521341684,1.207704671967708,-1.1764052356414048,1.772789894328601,-3.8668423651776105,-2.2157772485380285,0.7777347018943659,1.4095393298101146,-0.8837192901504707,1.7504109486197816,-2.242818071136773,-2.0785807908503027,1.2673331908586596,1.1062962695147331,-1.4444341347911296,0.5772259851868194,-0.9217985426503215,-1.4294869109828636,0.8956145918566788,0.5058355668453736,-0.7153935732311985,1.3779547965459142,1.136686547245581,-1.7080669586995427,1.8961672879441827,3.5888619583281685,-1.2273136999232623,1.1402665877211076,-0.6058373056586248,-1.071658824871401,0.8673004757399052,-1.8901791399927383,-1.9054338402268098,0.46800768999445863,0.09147453820299556,125
synthetic-fleet-01-unit-0002,6,0,525.7540939601158,1.2881757065874504,46.91166277967747,530.0,2380.0,8058.404098784828,8.457453485051714,0.029686293179794446,387.26285397309863,2380.0,98.0,638.1641488902121,38.79351047645816,23.51434040917329,1596.1301197205764,1392.9040610647953,14.46375243212721,21.773024370829333,553.2467150558973,2395.744297126682,9187.74842093641,-0.8661245819566517,-2.5841197843907167,-1.7944377451228117,-2.120334089453326,-2.2869122104797643,-0.9519815738444241,-1.3830886717764963,-0.4216874268362437,-0.29449286205006214,-2.183548778658389,-2.646207741458098,0.38979700220054125,-3.4888034394291476,-2.9995103390638143,-1.5620990472736445,-1.9357379937451733,-3.768262618253693,-3.4057231021686043,-4.242957864794501,-2.2422806084641076,-1.5288348757433665,-0.9533727112658823,0.319026477533486,0.26236809804537486,-1.7313602573306077,1.5525408695477243,0.31770876203477405,-2.23617858320954,0.7319570258281125,0.0864522843564437,-1.4999144406456222,0.9206791380271293,-0.3232646825639929,-0.9391405440881755,0.7947068436295527,-0.042518860755722976,-1.857757704482524,1.8184724726346364,-1.3975041001238377,-1.2438404067517168,1.5811273891261148,-1.7380359131899423,-1.0519749836759817,1.6117459197308885,2.872893765616675,-0.39495145164847667,0.9696629061802038,0.7367887318445909,-1.7499443363025395,1.0808160369924995,-0.09767683215335454,-1.8086961964148816,1.570892155031661,-3.1614548038673833,-1.6041173049912676,1.3353747096855009,3.058299717733807,-1.6471312310269788,1.9143761175302991,-3.8170597043825394,-2.0543317109445702,1.2433398759287355,0.1212453995286622,-1.6475050392175858,0.2892096070037477,-1.0153545221322822,-1.4387815263404566,0.9017988111593211,-0.04647307678796486,-1.2153693534631251,1.9595516124900894,-2.499878901159634,-1.7394575079734005,1.9290635115376114,-0.1569527463692877,-1.820103477510801,1.770259182273591,-2.963948887937694,-1.433578443706051,0.9104910822086918,-1.8095980941732506,-1.8035776878102658,0.4869480807247606,0.5092807620827204,125
synthetic-fleet-01-unit-0002,7,0,526.0049082997375,1.2749320794504166,48.04104369292723,530.0,2396.4800235354064,8050.0,8.374976519293693,0.030421396717820987,391.96119442790746,2380.0,98.70884635637935,629.7435016449454,39.486233362815724,23.05967291782343,1621.2682596374082,1393.3398607430943,14.306920996781907,21.78949541407231,554.9559688600981,2380.0,9158.90637385218,-0.837505221099788,-3.7861184646956705,-0.6615665950224964,-2.1042261857436024,-2.932705814237642,-0.8505682611047171,-0.9431924551876051,-3.2945811924529185,-0.6720231881548508,-2.803221808767715,-0.3982677776357023,0.38979700220054125,-0.34354175121536207,-3.1207557385924765,-2.305171336068431,-1.108748263210362,-2.221941287640808,-3.4057231021686043,-3.404788307678338,-0.6496782109878173,-2.5795660599742996,-0.956020503100877,0.31773940559742514,0.29098745890223854,-2.4853713612407544,1.4211487698256406,-0.8842899182701798,-1.7984449298325227,0.906549556571021,1.2193234344567592,-1.415400295065885,0.816332066118587,-0.3071567788542695,-1.3446504296692279,1.1913429497939014,-0.6883124645136007,-2.083095617520134,1.5357794121644457,-1.2960907873841307,-0.6683999885336529,0.6700662028587578,-1.2981396966010512,-1.781863080299356,1.6414411658129502,0.0,-0.6334269404736631,0.8239563127686164,0.3592584057398023,-2.0990431818493103,1.0832281155414796,-0.7173498622626808,-1.365731646855279,1.5993732192697887,-0.9135148400449877,-1.1850675648434053,1.5984613416180216,3.058299717733807,-1.7814908342607296,1.7582854528755985,-0.6717980161687539,-2.0543317109445702,1.2433398759287355,0.0,-1.8306839437107179,0.3649107333944353,-1.7584268109270687,-1.209359951488341,0.7795999170750345,0.7805166537468464,-1.7445168960194983,1.7525486503953278,-0.9535575705467483,-1.9073972202896219,2.051667209997349,-0.1569527463692877,-2.3177548332436984,1.8022048770349637,-2.1257793308215303,-1.2369778877786126,0.9614539641653954,-0.21699569669696028,-1.8028290368677797,0.4854501711497569,-0.5414504221482126,125
synthetic-fleet-01-unit-0002,8,0,520.3944338901769,1.2805973897707017,47.97951096671198,530.0,2380.0,8300.0,8.463504129393046,0.02997317353049019,393.06909078608896,2380.0,100.63355082350351,647.5869560318685,39.424415942722554,23.18544108981339,1600.4784710161518,1370.6731149765528,15.026450517958132,21.673552238177,554.3493170367975,2388.8505592941556,9250.0,-1.4776926679084872,-1.2390685764321534,-1.5984756831104059,-2.94202799332033,0.03014127995297156,-1.564438134655069,-1.0993213116516447,-1.6796017231370373,0.5203542559710809,-2.53814034910749,-0.5207436161410617,0.38979700220054125,-3.4888034394291476,0.4859783870088814,-1.5075860556998746,-1.6129982820652127,-1.8573096081696137,-3.4057231021686043,-1.128937305171943,-0.7917993583976414,-2.2889173049880207,-0.9475052202226355,0.2988461801965646,-0.3491999879064607,-2.6501703553472202,1.1412711769412192,1.6627599699933373,-1.5838778092208792,0.7640721777832492,0.28241434636884954,-1.8185859231180914,0.9929723211001811,-1.144958586430997,-1.2127890432842547,1.319885293096244,2.274534629677013,-1.4687689822760333,0.5698263400215093,-2.0099606609344827,-0.6943028224633903,0.686921937956117,-1.454268553065091,-2.188755283059554,1.1612907661907823,1.6149794693158812,-0.6334269404736631,0.8239563127686164,1.5516358498657339,-2.3719673861150135,0.9562042685363824,-0.4522684026024555,-1.2803134751187804,1.6382051293575677,-1.035990678550347,-0.6648911966388397,1.6042821081736331,3.058299717733807,-1.7814908342607292,1.7582854528755985,-3.8170597043825394,-1.9535618958051866,1.452481093566794,3.606734125601358,-1.7933385494107827,0.39097992255860836,-0.9608415305585123,-1.1943903698003635,0.7687584961996383,0.27626663489199577,-2.1710756915185905,1.351689881392838,-0.5889258910755542,-2.6565601612291134,1.6751792621643626,-0.1569527463692877,-2.0349440900069595,1.8677804921483208,0.15007167168486468,-1.2730171881182644,0.9351698693976689,-0.35911684410678435,-1.9909912402090775,0.44585071132845466,-0.25080166716193375,125
synthetic-fleet-01-unit-0002,9,0,516.9082093152648,1.3253821679272246,46.3034828472401,522.4888842559153,2380.0,8050.0,8.632017073748031,0.02959218526601522,400.0,2400.0,101.03972072800124,643.8489264129885,38.98144185923907,23.50196476240272,1614.1472496482827,1385.2952970575675,14.36902100874435,21.976878658884864,548.6062211051235,2400.0,9136.091044105118,-1.8754909727740228,-1.772650679798392,-0.9824808234795852,-2.4015670597410086,-2.6769931095089334,0.3031628856130225,-2.5773734099658188,0.3548592906639519,-0.9706663064620125,-0.4426480118592919,-3.8567399536475486,-1.6769806541755843,-3.4888034394291476,-3.1207557385924765,0.010623278295051983,-2.041609172744539,0.4237964251410577,0.3400916025288517,-0.648665034738512,-1.8102175473579944,-1.5574348487659746,-1.167609031718305,0.4864148265953272,-0.7469982927719963,-2.6337215854752207,1.156095144048563,1.1291778666270986,-1.548609098947726,0.7921511336563833,0.8984092059996702,-2.2508847856737884,0.4630679613758082,-0.6044976528516757,-1.6141171838299861,1.4153377166496952,-0.43259975978489207,-0.9656573366815782,0.8093151383261672,-0.14235964066639123,-1.2807669527392431,0.8082040670294357,-2.932320651379265,-1.6087869341791012,1.5855319177308551,3.6494404831168703,-0.6203948629746789,0.8164820381603851,0.06061528743264066,-1.7691452445860427,1.047119232939023,1.6432239346457425,-2.154710878330147,1.6067004889707934,-4.371987016056834,-0.3533106066594223,1.028218861181074,0.9915220613576814,-2.5449027751372375,1.4067840529854063,-3.8170597043825394,-2.1539005796635258,1.5470195897183106,0.0,-1.3665552457077164,0.8435267387003517,0.5573678034364142,-1.6165046123754245,0.3856088437057364,-0.15234425578733046,-1.5110828517543071,1.6857131915474997,1.6921801422351173,-1.9073972202896219,2.051667209997349,3.5888619583281685,-2.2620389589797454,1.5214372216614156,0.6303439421182956,-1.5633674758982312,0.7951155323453468,-1.3775350330671374,-1.9802788378189504,0.4577480380784869,0.48068078906011236,125
synthetic-fleet-01-unit-0002,10,0,520.7553889395125,1.2970590023248902,47.36098153824226,530.0,2400.0,8050.0,8.322790574795023,0.030150510958172283,400.0,2380.0,100.9637344936819,648.3345638788362,38.76268013642937,23.73985673716672,1597.7800690786412,1369.7509217050467,14.600322331497912,21.52874639964834,555.2358160001502,2380.0,9000.0,-1.4365056176559954,-1.132351881234408,-1.720081407181254,-2.976113838626954,-1.7245506706183764,-2.4560173487102777,-0.8711705601187835,-3.2945811924529185,-2.7520411204931006,-1.7678968783127913,-1.7518756502892443,0.38979700220054125,0.32825626495339183,-3.1207557385924765,-2.775338113727473,-1.4134940980338517,0.4237964251410577,-3.4057231021686043,-0.7385143339458645,-2.313161005823348,-1.007669314351575,-1.2986638122789889,0.4425886068146663,-0.30801293765396887,-2.1028618773102683,1.1025005517222095,1.7694766651910827,-1.3514084507833108,0.5013048727719014,0.1608086222980014,-2.508853833377044,0.42782979728914067,-1.179044431737621,-1.918204104978349,1.1805159391312314,0.519842679105665,-1.103968486540293,1.013335928617676,-2.9015398749896915,-1.3748292817400696,0.7003691343387637,-1.2261178015322296,-1.6671184488430335,1.6535505892965738,0.0,-0.8337738442377891,1.209249669592025,-1.7207595265984474,-1.9470911653411356,0.9265083396417116,0.3179750681922431,-1.834766947834331,1.4614948808684247,-2.2671227126985296,-0.023558529074683855,0.9242910668069448,3.058299717733807,-2.0963391609098823,1.9214468532466276,0.0,-2.3751598335664723,1.600286320610044,0.0,-1.6279142548948742,1.0581675706812559,-2.2285935885861106,-1.6225175619598278,0.3812758629315413,0.4757708189233567,-1.3999841327564,1.8128605976830148,1.6921801422351173,-2.656560161229113,1.6751792621643626,-0.1569527463692877,-2.032772569265832,1.6714606231131566,0.5404946429109431,-1.5614273462061816,0.7928075032924915,-1.880478491532491,-1.7924844807646472,0.6337659762207424,1.030446323474512,125
synthetic-fleet-01-unit-0002,11,0,528.7031077666502,1.3120302189543853,47.2527911037008,519.3894663539479,2380.1155325922564,8258.293379079276,8.49419698734293,0.030459271920686728,384.9427045666856,2400.0,101.42205540681354,643.687999690079,38.858419560678065,23.756608657662873,1607.0554125947456,1423.4861681928678,14.878184182754204,21.31279970881805,560.0,2380.0,9118.839817190134,-0.5296251201300928,-1.7956220385228345,-1.3020803493691366,-0.9899669474163467,-0.5803833302216542,-3.7856155392569195,0.35494724141344614,-3.2945811924529185,-1.1964776472417342,-1.06738945106275,-1.9672198257182696,-2.5298243442229946,-3.466753699306912,-0.11572038474430009,-1.2310602160686395,-1.06613875013962,-4.531871929212246,0.3400916025288517,-0.19657653131852137,-2.093051580258948,-0.9689558246124919,-1.2313639199136772,0.5397273955945078,0.5988675598719337,-1.9451623281366917,1.0724354610597826,1.1062065079026562,-1.2529369716325758,0.43672114866780604,0.5788096801101188,-2.2827804049696487,0.811276332016307,0.8071024594729862,-1.576898328926727,1.2889765440698226,1.664010019502387,-1.670695279622792,1.5548017092731528,-4.231138065536333,-1.027222099102081,1.0428293883420494,0.0,-2.2416972019663683,1.6111914100293678,0.0,-1.0141708012761235,1.1754949823430125,-0.1651960533470811,-1.7238592998220077,0.9877336923477215,1.0184824954422844,-1.6989693646863653,1.3973879053950329,-2.482466888127555,-0.607482798359391,1.3984744978335577,0.13867837131027105,-2.0919292128854354,1.917473209806029,-3.795009964260304,-1.7984018427025696,1.8231613615351465,3.0050353538481764,-1.5617064886538732,1.0735593341300744,-0.6843156909272772,-1.448597713238717,0.4005293088762555,0.8231261668175884,-1.5527059949481103,2.0754043302022893,-3.263488212118186,-1.9073972202896219,2.051667209997349,3.5888619583281685,-1.2234963025706356,1.2636434355162227,1.082432445538286,-1.5315815405651498,0.7630177340731693,-1.660369065968091,-1.6805086705384724,0.7335926446872574,1.069159813213595,125
synthetic-fleet-01-unit-0002,12,0,531.8392160295805,1.28364539890325,48.176882003606906,520.6842453561394,2380.0,8191.715108596748,8.451291801700252,0.03054655617400079,392.54308022408895,2387.2428167698736,99.17404267350808,649.5375797618652,38.88092302521178,23.485372579892346,1574.6970509045016,1400.7373297804518,14.583258129910607,21.66327160128012,559.1071447776847,2400.0,9113.988657328193,-0.17177710315317746,-0.9606283234521253,-2.7603367893710375,-1.830803040011791,-1.794816891252353,-1.6277367022932325,0.12516063319126725,0.3548592906639519,-1.2599772996525476,-2.395523146476845,-0.12789277517855374,-2.173549670412806,-3.4888034394291476,-1.0762408654357032,-1.617612439512541,-0.967944172921409,-2.0304305984366726,-2.0492106241675168,-2.8547207400160626,-2.0413150601096555,-1.5957791859129817,-1.0982182963243552,0.7148747107775693,0.9567155768488491,-1.3800642998879826,0.3820929450235928,1.9412002229733654,-1.6726910105022839,0.6716527133168876,-0.8794467598917821,-2.2280957758232858,0.8351836674447397,-0.03373363312245803,-1.3493205443296692,1.0719326526208597,0.44957645847168837,-1.8261289678604953,1.4898047167583597,-2.0732592285726463,-0.8135514814263066,1.166471372248497,-0.2297866082221789,-1.511809105342994,1.8271294968505258,3.6494404831168703,-1.1317616235756627,1.1620425607619203,-0.22869570575789444,-1.642319567363834,0.8881633641023341,-0.3096511999718108,-1.6448943641949356,1.4639508475124698,-0.6431398375878392,-1.1201521328820605,1.411273617933639,0.49495304512045957,-2.720981550528193,1.7046024985669845,-3.8170597043825394,-1.389498868071215,1.6757504168714032,2.044514873156773,-1.4241947093426952,0.9957354849990113,-1.0708679143711788,-1.4204368951809265,0.43395274162117303,0.9213207440357994,-1.514403857107283,2.0616875482397052,-0.7620468813426131,-1.6360947246894042,1.8870915938905628,1.1995597316317999,-1.1134827890381807,1.028290136156445,-1.575711763159255,-1.8099089103895174,0.5965585479023638,-1.6086325458187984,-1.483751295726209,0.5380381600564331,0.4423364519131052,125
synthetic-fleet-01-unit-0002,13,0,506.7245161514273,1.3054029570982035,47.83386518542116,527.6231157667438,2400.0,8050.0,8.562805505642473,0.030840960619133856,400.0,2387.190715066024,100.57176857562229,644.6481448308201,40.0,23.54736822910523,1638.4878631597965,1432.9298077427418,14.798261560696922,22.0,553.2554190157642,2380.0,9000.0,-3.0375090214671414,-1.658566874180121,0.1144491368979782,-0.6409138294047483,-0.9094851968628096,0.44552252627941374,-1.3808486071322696,-3.2945811924529185,-2.7520411204931006,-1.3774808930261282,-0.8106395834667985,-0.2642324912146524,0.32825626495339183,-3.1207557385924765,-0.612935043117517,-0.6367398729088364,0.4237964251410577,-2.058968790588485,-1.2019912171772897,0.5314953783898292,-1.4525079752943715,-1.410181567036086,1.137368202804957,-1.909016341465115,-1.4639639594375762,0.3893803410673926,1.2432616722453698,-1.3301060465006072,1.049524794020316,1.9953391663772337,-1.7678729430401698,0.9670249575693343,1.1561555774845846,-1.5372458396928255,0.8231219642405103,1.3349081528612317,-1.4241368356735986,1.8139737059316294,0.0,-0.8698569405224317,1.1902659323075944,-1.735795848545716,-1.8348049992061704,1.9988808748756615,0.0,-1.786240698868499,0.8881829936432258,-1.7207595265984474,-1.4101876761475614,0.733749824728637,0.7083910534789062,-1.702873557660083,1.4131583895810509,-1.3258866458760838,-1.2509580315650992,1.2583594503862945,2.4042702243186134,-1.9575696096516846,2.0866834065932545,0.0,-2.1108456931914867,1.4239633988824596,0.0,-1.2452645068262238,1.0555880667758684,-0.06619051797615472,-1.2251852133496512,0.5337941940841441,1.252525044048372,-1.058182650445149,2.213626505263549,1.6921801422351173,-1.3667438623733805,1.6529479106287743,1.1898015652108316,-1.12809357143925,1.0290833228458023,0.07701775967951785,-1.5452499630320233,1.1746205340318252,0.9641778926806862,-1.3164694297874788,0.30442896377847584,0.5856076625317155,125
synthetic-fleet-01-unit-0002,14,0,519.5564025304052,1.3008772801728143,47.108944735642055,521.0218175864229,2400.0,8300.0,8.445057400856774,0.030822505408182363,400.0,2394.562699633988,100.99426857463286,642.7556218025346,38.20141848574818,23.408610170532825,1601.0709166616273,1434.2605696801052,14.582146426601641,22.0,547.5421353572622,2386.2771784270794,9163.382587619235,-1.5733168731706328,-1.9287135881069593,-1.5717766281293217,-0.5917265853221382,-1.799394614363962,0.44552252627941374,-2.851228172470927,-2.14917173887634,-0.6134314232133463,-1.5892385863403409,-2.253534208772174,-2.08066243944283,0.32825626495339183,0.4859783870088814,-1.6737809765270977,-0.6575019413008772,0.4237964251410577,-0.6782643807143968,-0.7024095604963181,-3.603527858269121,-1.7731762042291321,-1.3497467471154079,1.114255823717371,-0.44482419316860633,-1.4951765410992897,0.42494170182223323,0.9731149583185315,-1.4479652074305545,1.0336968412356613,0.3091134013499337,-1.4059048481563958,1.00836459017945,1.2053428215671946,-1.361726140663831,0.5757129035666967,0.4449987353600793,-1.3956649075403202,1.8486488966518826,0.0,-0.9246278930234535,1.2905572573148016,-3.2061754138843734,-2.335611205114229,1.5836872697184454,1.1454094535765784,-1.7147937222187657,0.9798306965925014,0.4178501706813068,-1.6395057910437711,0.4966254772283817,0.4966333601646935,-1.3822324086850082,0.8857340889076296,-2.7687812711814592,-1.3316943886185482,1.3046260343706255,0.5878402760904358,-1.1941576687751767,2.0846657098682173,0.0,-1.389498868071215,1.6757504168714032,3.606734125601358,-1.5821453577906535,0.7899356562616267,-1.1270364513857354,-0.948363767060919,0.32105708869872834,1.231762975656331,-1.058182650445149,2.213626505263549,1.6921801422351173,-1.57041505902203,1.4389452814217836,2.5705059750849197,-1.1388424765908112,1.0230869222599193,0.5765994163604895,-1.9039120252142485,1.5034993594038315,-3.1708453439782636,-1.3596177008801105,0.35774147583658344,0.2649394335969548,125
synthetic-fleet-01-unit-0002,15,0,527.061314027172,1.3257602328478924,48.17452129853032,530.0,2400.0,8122.067408458609,8.542180228888968,0.031208776758925368,388.78926555263183,2385.246694973446,100.9722285689471,645.4451626214341,38.567459154475785,23.492250216745486,1605.3168344034527,1399.877762767957,14.6025976947947,21.71188789957566,560.0,2388.2886869470444,9000.0,-0.7169632426375198,-1.5447971953664126,-1.3804308192776313,-1.8625741113521028,-1.7151812794624808,-1.3284029084004216,0.35494724141344614,-1.7821277076316033,-2.7520411204931006,-0.42495824813035926,-0.13259156477397904,0.38979700220054125,0.32825626495339183,-2.0810438128672093,-0.7987574901898015,-0.22294759114518328,-3.2658888955680863,-2.423065743038752,-0.7284705843531986,-2.7619831972363627,-1.5798850486524632,-1.205838272111713,1.1462551830618588,0.41152943736450676,-1.5776656039256907,0.37386496488847537,1.3570313510590781,-1.3800350898498297,1.0224428836573352,0.5004592102016241,-1.1831969027014253,0.6249385938354964,-0.0655047044627699,-1.359852262432652,0.5742501040141604,0.5292120702615606,-1.1701420194783492,1.7532744354637582,-1.7739254346798354,-0.6794043327170074,1.4138541299593725,0.0,-2.0331205081499655,1.496786466876009,1.5124534848213151,-1.7147937222187657,0.9798306965925014,-1.7207595265984474,-1.3709180650072847,0.7218885108430704,1.660913698374675,-1.0583755915819548,1.0048195643744322,-0.6478386271832645,-1.3316943886185484,1.3046260343706255,3.058299717733807,-1.194157668775177,2.0846657098682173,0.0,-1.1815564829261613,1.4575100102422525,1.0397119257252672,-1.1868292330831192,0.4755540900226648,-0.2520129650484392,-0.7102544656831852,0.33117700074547357,1.6663173258120252,-1.7961197145869778,2.2110811015388725,-1.9975051784740268,-1.3738835871960595,1.1670249108662298,0.8257046127605645,-1.136833726672278,1.0240788171279893,0.550538392503609,-1.9936764634968516,1.5468156347102093,-2.3293006829455054,-1.474060847740288,0.3045815664699989,0.4582305891736238,125
synthetic-fleet-01-unit-0002,16,0,519.5243754699133,1.2732612309559683,48.20066257120967,517.3936482433992,2380.0,8050.0,8.429782680469502,0.029544167827031793,400.0,2400.0,100.83501092188622,656.7594728851484,38.91282255691921,23.585082865028287,1598.6463782314847,1423.253928199462,14.870773502721601,21.613392111131738,548.4382896123096,2382.524201355832,9022.456951311986,-1.5769713452506025,0.07025514080523358,-1.6810404658239675,-0.9985509359725759,-0.6108987033291824,-1.9348480527459084,-2.62059252005549,-2.8339850616773665,-2.458089025921805,-2.881401278688996,-0.08055950820947587,-3.0789987169280697,-3.4888034394291476,-3.1207557385924765,-1.811397841242642,-2.095628677306415,0.4237964251410577,0.3400916025288517,-0.890722465075272,-1.9679765409468826,-1.3653498986335135,-1.415307517135815,1.0858973808323769,-0.44847866524857594,-1.204490168060077,0.7954461471006404,2.9720836872307244,-1.455827113140796,1.0292427971809344,0.19984956365528794,-1.1849137004126713,0.624286505680325,0.798518470916757,-1.3659553370541577,0.5639650050432028,1.633494646394859,-0.7999885221761469,1.1570318179538843,-2.380370579025322,-1.2745122850107946,1.4936109791837102,-2.9755397614689363,-1.9410012819948554,1.4114841591043585,0.46059613077555195,-1.9671159979547799,0.9754199706670171,-1.4268074320271518,-1.733720430532534,0.9507620924193471,-0.7955293321839618,-0.6810435280801962,0.9296341280370856,-0.5958065706187613,-1.4415292631595633,1.4461530767103954,-0.410496001394804,-1.198567616799624,2.0906897034343177,-3.8170597043825394,-1.7825635536957969,1.5260882501709436,0.0,-1.3028967581179198,0.5534839619973367,-1.2646533161012796,-0.9161524511165442,0.7105193529333153,-0.20636376034920656,-0.8049860437163172,1.7383524002816306,1.6921801422351173,-1.3738835871960597,1.1670249108662298,3.5888619583281685,-1.2756629134236284,0.9048576046761718,0.3882865117815356,-1.9686614556344384,1.5458178054214216,-1.5352940266560255,-1.5533396625444926,0.1551942784192131,0.6727657391925734,125
synthetic-fleet-01-unit-0002,17,0,512.6704811896393,1.312135259155488,47.58807531476499,530.0,2400.0,8050.0,8.358809229238085,0.031571140221717704,397.0985297529621,2385.2341703046186,99.59676924844305,638.3083925966821,38.939850256915406,23.56086255719692,1623.4160349080146,1423.572485549691,14.63560503159517,21.887098024103604,560.0,2380.0,9250.0,-2.359040161482656,-2.5635298297507494,-0.5647753189368802,-0.9867765098336183,-1.5792651161251174,-0.24962247586818345,0.35494724141344614,-3.2945811924529185,0.5203542559710809,-1.0624745905772428,-1.2998641369089796,0.38979700220054125,0.32825626495339183,-3.1207557385924765,-2.4508297646347246,0.18471044197324255,-0.5311376364255525,-2.4254114974720484,-2.354871170492626,-1.9058385913281743,-1.4213227429961812,-1.8527601288017101,0.8809273470374773,-1.2305474814806294,-1.5250704693198016,0.9752691739672232,0.3382987166747413,-1.0167148190539645,0.7690079181451948,1.3161147105423754,-1.0161083943770366,0.509544825126321,0.8102928970557146,-1.3228449820287105,0.5302151505001127,0.6651282335989239,-0.5243656768911371,1.071539369558717,-0.6951450021475972,-1.228554963366359,1.5499184431604194,0.0,-2.6708893786182295,0.6831306175531363,0.0,-1.6110496868300543,1.48823078793611,1.5516358498657339,-1.4671107193526134,0.9045687754222,1.0233973559277916,-0.9154378004262813,0.9026541785170841,-1.815111199318265,-0.9288599286368939,1.57076316371046,3.058299717733807,-0.4351556759231161,1.7070409946349216,0.0,-2.1914665283271515,1.5629811067072261,0.0,-1.4695402231423564,0.7591495224775147,-1.9040852394933623,-0.6856215281376139,0.8606458618761295,2.073975358930451,-0.5051274513140931,1.597746771750324,0.737246080668507,-1.4491237618569661,1.2317799610867042,0.8233588583272682,-1.175692999518941,0.6885430384031427,-1.0758621936358184,-1.9415661618781421,1.5454132248001908,-1.4731560770373173,-1.5184483739611323,0.1626971112408615,0.6167928948299057,125
synthetic-fleet-01-unit-0002,18,0,513.1221617684721,1.305248147619671,47.0912095223281,523.0443996939039,2381.3910023368344,8111.960587503254,8.519208239622635,0.0310006229679574,400.0,2380.0,101.98401600636262,647.2594341397968,37.916476617581814,23.5259455599352,1594.3651622465152,1411.6296927100313,14.729826513638962,22.0,560.0,2381.401118704435,9035.114729043335,-2.307500805729907,-1.285820431791303,-1.8739770193146597,-1.4282026206496992,-1.191284031169172,0.44552252627941374,0.35494724141344614,-3.0389162263720886,-2.292404012624298,-1.384724471968615,-2.2888346944698084,-1.524123617468228,-3.2233264909975228,-2.226854277031297,-1.0057225317067808,-0.45712011052188034,0.4237964251410577,-3.4057231021686043,0.4679091680178695,-4.258622574093025,-1.5020155098655976,-1.7067584856542637,0.670952440305259,-1.1790081257278804,-1.450521180842038,0.976758818113112,1.6160081146341878,-1.414400050296492,0.5074671372830143,0.006913010164595779,-1.173566152626027,0.4857030154401415,0.36886678623963376,-1.379204748889983,0.4886389972348732,1.0531093185548694,-0.5243656768911371,1.071539369558717,0.0,-0.8813957936572157,1.6948950671679186,0.0,-2.6197563854020633,0.6324652420491448,0.2556649660808299,-1.5191222652562935,1.4123962372546004,-1.2611224187296448,-1.4685594351411109,0.9043951254815006,0.7011474745364195,-1.2110768226268833,1.0836699761723223,-2.8040817568790937,-1.1808381538876092,1.5382077041595281,1.1443790980650377,-1.145472227113299,2.0201674755786336,-3.5515827559509145,-2.0126862360149156,1.478977827043186,0.8939014615611796,-1.5480977208602094,0.662519811801153,-0.45897800656541854,-0.6496975756602227,0.866922145882277,1.4321448064353282,-0.5051274513140931,1.597746771750324,1.6921801422351173,-1.71847462417299,1.513501575356507,-0.1569527463692877,-0.841712922479909,1.0049115747813877,1.7469181448746771,-2.8995897523747134,1.0267520607774685,-3.825940059802168,-1.5283498808753777,0.1591485969736081,0.5361001279604893,125
synthetic-fleet-01-unit-0002,19,0,506.178512986674,1.3208452685167837,47.80964686509503,520.7589752733747,2400.0,8172.618461834697,8.429713736564262,0.03066972959573019,400.0,2392.180090977125,99.5326282998835,656.0683265192899,39.17920985324668,23.76418905183953,1619.3342209008745,1425.49774249282,14.621942457399058,22.0,546.7541126697384,2400.0,9216.215448868832,-3.0998111275773192,-0.028402004597264892,-0.7487256567129935,-0.915615710501585,-1.6355242647281354,0.44552252627941374,-3.054034916546001,0.3548592906639519,0.07812862030087364,-0.6549308083982771,-0.8588441612837737,-2.152986796870818,0.32825626495339183,-1.3517469756806795,-1.8120189880682422,-0.8293743666618572,0.4237964251410577,-1.1245049078352192,-2.430714108758928,-1.3555396558035007,-0.9514376235057258,-2.0120573365356007,0.9024218478745927,-1.9713184475752927,-1.0704588641400992,1.1054127402513463,2.8734265418282257,-1.2497898560132263,0.5729232087290114,1.1321643727662618,-1.2383439776619163,0.4033143910959857,0.881453696387748,-1.3464306789628178,0.4579415222845927,0.608869084995906,-0.5243656768911371,1.071539369558717,0.0,-0.9219571424722306,1.7551760736060193,-3.4089821579594473,-2.118950179494005,1.4977402445828978,3.6494404831168703,-1.3808102565534495,1.5503818848383315,1.1094102141955267,-1.281697879552698,0.9675438041654046,1.4309411381067574,-0.9321388131292032,0.9145601195526495,-1.3740912236930591,-1.1953030253732067,1.5490864115008693,0.5155159186624476,-1.145472227113299,2.0201674755786336,0.0,-2.3802313085528275,0.7529227313123762,1.769008762911797,-1.5757453231684384,0.6718940037459101,-1.26527446292688,-0.6840720607324187,0.8707081662454745,1.0598905502953513,-0.5051274513140931,1.597746771750324,1.6921801422351173,-1.8077227295971543,1.4485928194413094,2.124265447964097,-1.187373832132431,1.219374953976994,-1.1517051319021205,-2.4499921118815893,1.128577736506169,-0.9228571415126436,-1.3640021647306964,0.2445148608782492,1.0866780143203612,125
synthetic-fleet-01-unit-0002,20,0,530.9138404021191,1.35,47.895668557595435,523.8036487040254,2397.3854518774065,8300.0,8.384584171561484,0.030479684109769364,398.1803792033751,2400.0,101.00289794767828,643.3635047015434,39.94578362748699,23.445498537414377,1622.1803179761132,1411.9290183886378,14.908793497584584,21.935680744504428,558.4001486988066,2400.0,9000.0,-0.2773677924670712,-1.8419418209130236,-0.6204639286141703,-1.4171390300851994,-0.4543416365436725,0.049504576685415594,-0.056792976902977334,0.3548592906639519,-2.7520411204931006,0.7092272589719937,-0.6876250464052739,-1.3152067343832348,-0.17073804924264785,0.4859783870088814,-2.2186116512527048,-1.04317508600818,-0.1750785347542037,0.3400916025288517,-0.692205829153723,0.4068493957795191,-1.6879276255310494,-1.924138246501511,1.0666174380224684,0.8511248875349553,-1.1298877892494215,1.1445828300807073,1.059886725512467,-1.0977964778805342,0.6277814386859648,1.260426100865085,-1.1492569614085355,0.2516306424603471,0.37993037680413355,-1.0942627503790558,0.5433102899204194,1.7900517131803688,-0.24878417987396967,0.9869032213004674,-0.39601794959399816,-1.004305186135515,1.6886896120778827,-0.4117402183164235,-1.691552779834894,1.8752229595362655,3.6494404831168703,-1.3808102565534495,1.5503818848383315,-1.7207595265984474,-1.0548607781322272,1.2958654260928413,2.795099205477028,-1.0431455094554622,0.822280304355423,-1.2028721088145593,-1.536303772689962,1.2766266187548436,1.353295981150031,-1.245271089952507,1.9398929417369286,-0.4989943141960397,-1.8668268685776095,1.5062614998509996,3.606734125601358,-1.8597161553810189,0.5504852551451808,-1.6718671261113425,-0.848117559705018,0.8387930943788339,0.8460898309490283,0.11303462084868339,0.4437583194979013,1.0933051823398559,-1.2550912604836337,1.665918388154814,3.5888619583281685,-1.1801208810925359,1.2228897382228747,0.5868031477030846,-1.8162255932784128,1.6696298834915584,0.8395319100703762,-1.3856106801064136,0.27163289273478425,0.3501880122950376,125
synthetic-fleet-01-unit-0002,21,0,510.4707107472338,1.288618247541058,46.552332200457194,514.2311245821618,2393.9230609079646,8160.899777292421,8.355636008588755,0.029634513319925854,400.0,2400.0,101.1466572614325,642.1224027037007,39.59916843941494,23.231134919745735,1612.0026815262179,1401.8411486251005,14.892196823086074,21.79065395254014,539.4596484663105,2395.0234676292503,9170.762018253701,-2.610046639774231,-2.0191019512544726,-1.079127566752953,-1.790004001949212,-0.5226826946433513,-0.8434350624222852,-4.931349565338871,-0.5532186443038314,-0.5168377644566851,-2.1628421632552266,-3.3614257514104904,-3.949206747732791,-0.8315457017563839,-1.5208116934638112,-2.4794187447102845,-1.993990212847281,0.4237964251410577,0.3400916025288517,-0.5222188083327961,-0.3900351743663335,-2.1833194055333762,-2.1307533054062366,1.082495680150878,-1.4815539597722045,-1.5477592076613627,0.9640481810293999,0.8827265951710181,-0.9774138980663313,0.5394796776041233,0.8017624627263025,-1.3075475746038627,0.3591088949156638,0.007065404940120867,-1.0766195486418897,0.5639704845624344,1.72171065508069,-0.030501581809245025,0.5404798096310109,-1.2889575887016989,-1.4664565951921913,2.4056217288746877,-5.286296806752317,-1.2353994963601869,1.8038929144549767,2.741362548149087,-0.9925600042604256,1.4531830221516784,0.5144438294379681,-0.9111489550454734,1.0612699844174243,-0.07697021675019222,-1.699318758095665,1.117990877088508,-3.8766728138197757,-1.710345378850906,1.5660334261655313,-1.2807040321995253,-0.7138195424179542,1.48140693754354,-1.1598019667097756,-1.5468380595518763,1.3332966215903783,1.5999440451286653,-1.9933203360745473,0.6133070843336346,-1.9326742195689222,-0.8277898668131913,0.8014002579702538,-0.10472529589007262,0.11303462084868339,0.4437583194979013,1.6921801422351173,-1.2550912604836335,1.665918388154814,3.5888619583281685,-1.1064201497440407,1.2553646833236338,0.7567901685240115,-1.5006373199623027,1.77930230434553,0.04264733992452352,-1.549204581486386,0.4464447340306196,-0.14520376770728927,125
synthetic-fleet-01-unit-0002,22,0,525.2225888663777,1.317124059660673,48.41883448263722,522.5505114552719,2400.0,8244.405546787402,8.559999950402439,0.02981017303704902,400.0,2400.0,102.0,660.0,39.17914753116967,23.772175223572003,1617.4124323862336,1426.3403690705793,14.63949121416184,21.650789097255146,552.3813055889748,2389.9306961209295,9236.839395604995,-0.9267723746542177,0.5328216398036902,-0.8353326519812881,-0.8844707866898467,-1.5632627640515955,-1.7045923128204563,-1.605811797718248,-1.4825069699903297,0.3480874520763258,-0.829047215004712,0.3536937653563918,-1.6600231577136755,0.32825626495339183,-0.3160792593752157,-0.6382115592258882,-1.7963734492013113,0.4237964251410577,0.3400916025288517,0.48680931012541834,-1.355682937180834,-0.9329816752763516,-1.8442997480405492,1.191046239709148,0.20172030534780883,-0.9284889137504747,1.128838319127293,3.434650186229181,-1.0315253646752127,0.4998573595541233,1.0455573774979672,-1.2870864299751086,0.38400631306998323,0.9125986201994862,-1.0734190782271853,0.5604392624026561,0.6811305856724459,-0.3214955491996996,0.9353678504512777,-2.15011483909987,-1.8586084030185301,2.1840934243009262,-1.9607590391316942,-0.8729846518676692,1.4300549671027805,1.8120742224625888,-1.0270133650393767,1.4097388460726579,1.3793690459709789,-0.8644634799309674,1.0580783878235027,1.2568247315003225,-1.368607177642591,1.4584289565185595,-0.16155329705289362,-2.1203094108337495,1.06787458710335,1.0084795578195902,-0.7138195424179542,1.48140693754354,0.0,-0.9859027637084242,1.0694657378544328,2.8046764792172607,-1.6307966949927803,0.7865224546906138,-0.09146703408452594,-1.224006645048102,0.6513501550441352,0.09289146775589718,0.3040214331620054,0.2678250240696589,1.6921801422351173,-0.7019906404834537,1.6390922590027157,3.5888619583281685,-0.5380840536204319,1.1904287591397074,1.7658182869822259,-1.3906061891328347,1.7649331584376102,-0.9230004228899771,-1.45153636794242,0.5274782241980801,1.1051339625497354,125
synthetic-fleet-01-unit-0002,23,0,532.0400129106526,1.3305828645871374,48.5,520.7131796652961,2380.0,8230.746154072318,8.448565908420134,0.029883891559102503,397.2553633515964,2400.0,101.00454762322964,660.0,39.335895317930586,23.61908447758827,1581.6107828679635,1363.1482870920509,15.157191676204254,22.0,560.0,2400.0,9250.0,-0.14886502242045282,0.5328216398036902,-2.4487637172644523,-3.2201585405224504,0.5685014853374651,0.44552252627941374,0.35494724141344614,0.3548592906639519,0.5203542559710809,-0.19930595574569832,0.5152470624092854,-2.1655880325276593,-3.4888034394291476,-0.5131424507371566,-1.6421712449929764,-1.713440287361143,-0.47952044493899193,0.3400916025288517,-0.690255183835697,-0.9953124255218864,-1.2867725749615613,-1.4125725913786584,1.3603645265606523,0.9796276575815737,-0.5647604994314761,1.2691881978403439,3.434650186229181,-1.1464827042651715,0.747026326112205,-0.5678736877851969,-1.6454776139496587,0.9571410809622659,-1.4230891336331175,-0.721461974925858,0.9109076029533497,2.8128948350615066,-0.3214955491996996,0.9353678504512777,0.0,-1.8586084030185301,2.1840934243009262,0.0,-0.19422954846046112,0.8205223253378151,3.6494404831168703,-0.4644617113203008,1.337933640408869,1.5516358498657339,-0.6273797766863841,1.045088407688577,1.886565990759336,-0.8077908262667723,1.552222060469303,0.0,-2.248602293845636,1.0155961142770678,0.5029146830056064,-0.7669149321042792,1.594293022007019,-3.8170597043825394,-0.6431603984495962,0.8171915118508618,2.6076132878553198,-1.7580864376500192,0.7076136948896409,-1.095426719851614,-1.4752706804159545,0.5081314677196149,0.17582462959606548,0.12335805914599549,0.4252400870543209,0.7888632721550676,0.04717230045603751,0.6549874713566033,3.5888619583281685,-0.7697169239911451,1.0501603782346196,0.5887537930211106,-0.7379441594186071,0.7518072833190607,-0.5626299112310293,-1.408487780961613,0.5310993710021598,0.7513430628645257,125
synthetic-fleet-01-unit-0002,24,0,528.2936018226577,1.3144485791083718,47.57754760940655,525.4749338192418,2400.0,8300.0,8.7,0.02990003521151624,400.0,2389.832239791552,101.98562239245666,629.305062106957,38.844938644671295,23.597287362109164,1591.0080280225327,1393.7050499385116,14.519827238582478,21.767713908939335,543.0139726830269,2380.0,9085.542121651188,-0.5763521071190709,-3.8487031723440857,-2.0252690608876187,-2.09072816661111,-2.056009832643067,-0.9846784421907752,-4.016603158678161,-3.2945811924529185,-1.632330546955968,-0.9542337008282954,-1.320818669896872,-0.8553316836913931,0.32825626495339183,0.4859783870088814,0.623112209534675,-1.6952787168219434,0.4237964251410577,-1.5642356826032235,0.46980862607232815,-2.124044838277966,-1.3371454505154827,-0.9078807872870087,0.9976582976116457,0.5521405728829556,-1.3288207329808404,1.8722321949805618,-0.946874625918595,-1.4017913851000965,0.7937782289120137,-0.14437903140836328,-1.8805001051715635,0.8737631250948669,-0.29365875972177724,-0.8055590885088442,1.0282457314288898,0.18838351708097445,-0.6075357428937374,0.8576205340990111,-1.4302009684701888,-2.0511220514449624,2.351788980561177,-4.371550400091607,-0.9241176450838353,1.5280728173670561,0.0,-0.8065535447716691,1.382447552464519,-0.6010489530613148,-0.6872403551723878,1.0555800660816026,1.131638245676739,-0.9001857279893919,1.56967196700712,-1.8360657323061575,-1.9890712712097511,1.1959327720073156,1.8131710318418726,-0.7669149321042792,1.594293022007019,0.0,-0.27561532591168403,0.8319585965996863,3.606734125601358,-1.2710601981294356,1.2731942165507664,1.1698567346760373,-1.6484515504479718,0.35848771707842925,0.19398620013526502,0.12335805914599551,0.4252400870543209,1.6921801422351173,-0.040773854497563364,0.851641052192589,1.684534673196093,-0.18961237702489392,0.6136474546624016,1.7488176029291358,-0.8916451959135003,0.9595034675142916,-1.6913623239871092,-1.4856293463635641,0.47294474931943015,0.7009701873106042,125
synthetic-fleet-01-unit-0002,25,0,539.0307654279974,1.3303929238192658,47.873066466922054,525.2280689035997,2380.0,8209.357397568627,8.542237709255474,0.030643386690397525,391.8529529263256,2400.0,102.0,660.0,40.0,23.212827273995572,1620.8105501411485,1430.7594104067534,14.425358865218303,21.35383146010882,549.3418111259356,2395.000831583842,9016.650942806984,0.6488201069732435,0.5328216398036902,-0.6821936535540759,-0.7211354381870224,-2.4450075558461517,-3.532980307564285,-2.3880608185177157,-0.5573490893284021,-2.5340872474717253,-0.20819333757474068,-0.7326126518221489,-0.9232596599303401,-3.4888034394291476,-0.8217166826813205,-0.7982396235696176,-0.8590100724578728,-2.257565811738946,0.3400916025288517,0.48680931012541834,0.5314953783898292,-2.225628157897523,-0.7226432073989457,1.207838415073949,1.77731278697527,-0.8538680408374976,2.0059618853608607,3.434650186229181,-1.4141373300880775,0.7789290237207035,1.1986963759251794,-1.7412993867919284,1.0107406616266783,1.0759339687023104,-1.2036922723693402,1.2248514761841731,-0.20061420612211034,-1.3240327197436774,1.4578868485127157,-3.9785028338436987,-2.51737561976791,2.0720076593535754,-2.743008059931162,-1.106559321082306,1.3849493209423622,2.7372321031245166,-0.7629627701673941,1.3071529128018713,-1.5028056535770722,-0.8707244744817346,0.8012535867559081,1.8776786089302937,-0.9091832490727668,1.5682772595753296,-1.2478597142314343,-1.9106818563191719,1.2621566122668346,1.7452430556029257,-1.4305280101415792,1.9376802847747476,-3.8170597043825394,-0.5371543398497244,0.7322582971656195,2.299039055911156,-0.9869857925928184,1.1625734656613558,-0.25149509842825535,-1.6116185477379101,0.43707226848304975,1.0302548444993356,-0.2931393962509529,1.1657293803840345,-0.9891820946448864,-0.04077385449756336,0.851641052192589,3.5888619583281685,0.04619065083093434,0.59857822701991,1.7658182869822259,-0.8667159993914382,1.0023374160012195,0.9641778926806862,-1.5931694528368587,0.5795593624581054,-0.18751252007143604,125
synthetic-fleet-01-unit-0002,26,0,524.8983309786746,1.2937647312478626,47.622366729314784,530.0,2384.168088441691,8300.0,8.548747986139674,0.03041041849483665,386.8728097657355,2388.784777755277,102.0,646.058320302205,39.211221806402584,24.055085408776765,1631.225028849067,1415.4004770623403,14.684823811023678,21.287939278738822,542.4202561620091,2400.0,9036.187977023133,-0.9637720673865253,-1.457272483590875,-0.21285652238331815,-1.2888279623337373,-1.3765941855829207,-3.938682866764762,-4.169402965634949,0.3548592906639519,-2.278355645716724,-1.922036746430555,-1.2316098922355267,0.38979700220054125,-2.693311317675082,0.4859783870088814,-0.7395855945256417,-1.1210987379366049,-3.896634260012921,-1.7604156175078212,0.48680931012541834,-1.2819426744592581,-0.279179590045555,-0.39338829292140465,0.6688239612843265,0.1647206126155012,-0.741502147304778,1.9389899901420224,1.4445560628346157,-1.2408831212141507,0.9496947705638437,1.6680335070959373,-1.6410641788688334,1.0293820362405322,0.5082414445555956,-1.3744745705572539,1.1641877656341406,0.8677991641411207,-1.9430822806121728,1.815973963284065,-4.384205393044176,-2.364986299827126,1.868065481930205,-4.5243502070483945,-0.9249437340887494,1.5278232745723956,3.6494404831168703,-1.115266346419402,1.4534307645546334,-1.2470740518220709,-0.8225633911168003,0.7057126119942962,0.16383520007447938,-0.48322007723777416,0.8690823871698545,-1.7468569546448123,-1.0428811063325054,0.9673915692148296,3.058299717733807,-1.8028811333253187,1.972373391267635,-3.0215675826284736,-0.13579632375518588,0.595522114850681,3.606734125601358,-0.6390191625558898,0.8115964384441264,-0.19284106938427936,-1.437040252755775,0.4201613855539101,0.7681661790206036,-1.1572255332817487,1.8823956779382232,-2.6282505429188614,-0.46087529850489795,1.0989600888529403,1.4883547382914954,0.24799627452257722,0.524550168318769,1.7658182869822259,-1.0450974994100233,0.975296104660127,-0.8492601601684011,-1.2123414897392946,0.7065229868724712,1.758936047780532,125
synthetic-fleet-01-unit-0002,27,0,522.8498010657156,1.282221081927964,47.442019033994185,526.5167524362697,2400.0,8300.0,8.467408418604515,0.030241007073905365,400.0,2400.0,102.0,644.7865169060431,38.66655988551985,23.985956628098506,1619.773484368326,1470.0,14.792145540221156,21.480427685216693,560.0,2400.0,9237.219548185461,-1.197521130113498,-1.638815060932923,-0.7289298837872584,0.7292640691002898,-0.9346694776481341,-2.7535188988884576,0.35494724141344614,0.3548592906639519,0.3530634902630042,-2.462167337435942,-1.5905771697396958,-0.5686622309718293,0.32825626495339183,0.4859783870088814,-1.4724105482861434,-1.3116861832393423,0.4237964251410577,0.3400916025288517,0.48680931012541834,-2.534145969737907,-0.43893538294568013,-0.4475380440132607,0.7308850847158419,-0.06902845011147152,-1.1758294874521007,1.8218669604323448,1.2630134854925676,-1.2196025675753448,0.962164389975312,1.151960145691997,-1.318317207710806,1.4801776845375592,2.526333475989623,-1.2487559132765618,1.172613986827346,1.3097238720759072,-2.152867597825773,1.8419369147867344,-3.1990414251678714,-1.9728344920007868,2.23670806774836,0.0,-0.557470481957893,1.5802540854463452,3.6494404831168703,-1.1142711387820663,1.4546844302927153,1.3843450841576574,-1.1491874156030462,1.0182047874649753,-0.37629539093090747,-0.8720742642569916,0.8353133901913858,-2.105824232148981,-0.8246089209841362,0.9150397926365474,2.0998404845614362,-1.8028811333253187,1.972373391267635,0.0,0.024615205521633533,0.64109845529962,3.606734125601358,-0.8058589603679408,0.893045082078333,-0.9256660231447811,-1.3401027995633812,0.36937491359110763,0.5775787337178662,-1.1572255332817487,1.8823956779382234,1.6921801422351173,-0.46087529850489795,1.0989600888529403,3.5888619583281685,0.24799627452257722,0.524550168318769,1.7658182869822259,-1.2807901059214377,1.1882610167878385,-2.1014634554470497,-1.1135322312731604,0.7854931056687483,1.5991802548804068,125
synthetic-fleet-01-unit-0002,28,0,520.2542485345424,1.289800009177112,47.85764965309358,530.0,2400.0,8300.0,8.518221214973119,0.03071915011792208,400.0,2400.0,102.0,643.7070839670753,39.10775353059255,23.948137813330643,1621.2999977800257,1435.751624685311,14.893287066678562,22.0,560.0,2400.0,9171.767302443515,-1.4936886244626533,-1.7928978683853176,-0.6601362892700365,-0.5366146344746635,-0.5181933374107495,0.44552252627941374,0.35494724141344614,0.3548592906639519,-0.5036790151175641,-2.1075472046835815,-0.7632985537293386,0.38979700220054125,0.32825626495339183,0.4859783870088814,-1.0146150832049157,-0.7737763968301791,0.4237964251410577,0.3400916025288517,0.48680931012541834,-1.5198210921686257,-0.5263342156822618,-0.7165027644217008,0.8337096897700069,-0.36519594446062675,-1.6409733890899023,1.553728366863143,1.108930678040173,-0.8618770819764615,0.6828925652632374,1.220753740209219,-0.7816084265012486,1.0389274264701875,1.2604547724146693,-1.4660948778262046,0.7898117410644782,1.726200012313292,-2.152867597825773,1.8419369147867344,0.0,-1.972834492000787,2.23670806774836,0.0,-0.557470481957893,1.5802540854463452,3.6494404831168703,-1.3190777929997952,1.2201967975693622,0.527602578777089,-1.5308356653906228,0.9266695367797712,-0.021675258178547097,-1.1277833874847165,0.3712242424062455,-1.278545616138624,-0.313531914038496,0.6556961037631581,3.058299717733807,-1.0394691924488106,1.8938354475166177,0.0,0.2244393730708411,0.5848190139337244,3.606734125601358,-0.6803477280103287,0.7835039260694123,-0.4678705580635534,-1.1521700214571884,0.37097923673899236,1.1154885201270295,-0.9765621592657387,2.003172728821531,1.6921801422351173,-0.46087529850489795,1.0989600888529403,3.5888619583281685,0.48340917331480027,0.007602937041433453,1.7658182869822259,-1.3856918392507855,1.1798806522455096,-1.0871385778777687,-0.9614445594173004,0.816568072697016,1.5117814221438253,125
synthetic-fleet-01-unit-0002,29,0,512.029578876893,1.3007545889405823,47.868902391269664,530.0,2400.0,8300.0,8.567075761164771,0.030718579340211622,397.62895698606735,2394.868714925121,101.23006115597126,647.7565955538417,38.704457187186364,24.15997131348168,1650.0,1424.7222843710254,14.865941861797538,22.0,560.0,2400.0,9000.0,-2.4321708070037706,-1.2148535160454261,0.6332531432970843,-0.9442779729556231,-0.6307942223464315,0.44552252627941374,0.35494724141344614,0.3548592906639519,-2.7520411204931006,-1.5949793435255455,-0.7409009024571391,0.38979700220054125,0.32825626495339183,0.4859783870088814,-0.5744623796831898,-0.7744185203958379,-0.3565630280552524,-0.620950551844982,-0.4235985576703165,-2.4470182962040856,-0.03678950727861791,-1.0876665043986407,1.119748789181338,-1.3036781270017441,-1.1142034578301705,0.9455635753242349,1.6869750303800646,-0.330172641139521,0.5774414374355011,2.5141431727763397,-0.5523183877701513,0.7692980677181774,0.8527914339337098,-1.1810517557668774,0.7808152741293752,1.61359912737761,-1.8668274041317354,2.1534157032420516,0.0,-1.0985244119824653,2.0875187889417277,0.0,0.17241761466548108,0.4079519894615827,3.6494404831168703,-1.5430199077072217,1.3838377032346942,-1.7207595265984474,-1.6589847939300728,0.869540009396201,0.4908926029794889,-1.0117998339967698,0.3861295981167074,-1.2561479648664244,-0.06450617686010914,0.6345874658186601,3.058299717733807,-1.0394691924488109,1.8938354475166177,0.0,0.22443937307084116,0.5848190139337244,3.606734125601358,-0.9198626458539015,0.3467277489335833,-0.027717854541827514,-0.9679979821719673,0.23907886652038812,1.1148463965613704,-1.1326340499050007,1.8942285044655103,0.9118206890388071,-0.27221827235324964,0.9302036994012413,2.627819803954335,0.3047277365662714,0.40714677592838266,0.8554104191864911,-1.4502865308360093,1.2378266983229942,-2.0143357819132284,-0.7013733707699276,0.8721789322501162,2.001326130547469,125
synthetic-fleet-01-unit-0002,30,0,512.5646621579258,1.3446645406040167,47.66442816811287,518.3133932139745,2394.50349937317,8221.207794052203,8.368711401697693,0.030505585794189896,400.0,2400.0,99.90101207688444,659.1441240702176,39.71605567674376,23.462375187143934,1625.1498952973081,1403.5236310208654,14.348116385658145,22.0,560.0,2400.0,9250.0,-2.3711147225253013,0.4106503021215994,-0.4866374606931527,-1.7278165663593794,-2.763073249299253,0.44552252627941374,0.35494724141344614,0.3548592906639519,0.5203542559710809,0.45957961662113916,-1.1478900523650102,-2.825919358345915,-0.720767287935889,-0.6507517650844361,-2.361616614199618,-1.0140357526880888,0.4237964251410577,0.3400916025288517,-1.9951217347009078,-0.12130593491087875,-1.6489258880117441,-1.6916534702983497,0.6751299330031408,-1.2426220425232748,-1.1386377253665887,0.8924494453150854,3.31247884854709,-0.2910614025673363,0.5537753281642389,1.3942525687861027,-0.7536546134046226,0.9378024126343398,0.06925284052995351,-1.2446648944574978,0.9115460155182699,-0.5186798995752118,-1.0711268373629956,2.1186078275103855,0.0,-0.549922799996233,2.0233509233950926,0.0,0.3548592906639519,0.0,3.6494404831168703,-0.9321316070186606,1.5057724797734178,1.5516358498657339,-1.5254302030908968,1.1531190831731628,2.5454515631261736,-1.094855314105342,0.35442498047247706,-1.6631371147742957,-0.4450381165432241,1.394159911532742,-0.15741664281264933,-0.4858619621501591,1.3149504394079432,-1.0490235528892808,0.25863235659021805,0.5083611784308666,2.4700039735080406,-1.2325380439799016,0.7169228253876067,-1.8148720890582557,-0.9990031182180106,0.2313381384525546,0.8752291642691197,-0.5963616025290002,1.8755979162866052,1.6921801422351173,-0.27221827235324964,0.9302036994012413,3.5888619583281685,-0.19165847239899386,1.0825007548957084,-0.7161127578441002,-1.580846793496151,0.9851852259862229,0.31137657937997826,-0.5860329167927718,0.6226496556402005,0.38918974981434284,125
synthetic-fleet-01-unit-0002,31,0,524.4523205735225,1.35,48.5,530.0,2388.8651108648587,8300.0,8.585502757994613,0.02976750991901152,398.87172057449783,2400.0,100.85986718996436,656.4890797393277,39.57897689082201,23.563375982516426,1616.1553657217817,1427.8860036357323,14.611677261508337,21.780761952861713,560.0,2380.0,9153.580843707892,-1.014664423661764,0.03165808348014135,-0.8919834050848185,-0.8273414816773145,-1.6777938379992938,-0.904340764763705,0.35494724141344614,-3.2945811924529185,-0.7417321490404025,0.7092272589719937,0.5152470624092854,0.38979700220054125,-1.7968705665723468,0.4859783870088814,-0.40844523072383837,-1.8443693554437481,0.05245625528173036,0.3400916025288517,-0.8613313748635241,-0.4364564913621383,-1.415514246869484,-1.7018319415533973,0.661662023226904,0.11382825634026261,-0.8408516119523854,1.0013173041195162,2.933486629905632,-0.4268867791076364,0.6102083745732054,0.9889066243944369,-0.6613573172733381,0.8936328590866129,0.9697279252120184,-1.3049048249407726,0.9321635654999827,0.5665995117247475,-0.4642584169627842,1.4069017486140005,-1.3498632910431188,0.35494724141344614,0.0,0.0,-0.3750288059594222,1.6320794000177992,0.0,-0.6248069076833962,1.3058611603549484,0.2895494448542506,-0.9991774020103872,1.4807448842745141,2.795099205477028,-0.7454839231763798,0.7851583075010987,0.0,-0.4450381165432241,1.394159911532742,3.058299717733807,-0.3065738119296121,0.9488899214359191,-2.125126831525739,0.25863235659021805,0.5083611784308666,3.606734125601358,-1.1663099712195408,0.785829085993986,0.13829929441752392,-1.1436572417194393,0.44977271890024473,0.0448955615134603,0.1934565005299302,0.3469769421714903,1.3208399723757898,0.14788317165408493,0.4297911172845482,3.5888619583281685,-0.46128660939678234,1.038253117075299,0.4176776019932835,-1.411749556876727,1.1135164830488173,-0.003773977071281298,-0.8132998481575576,0.6867312787811559,0.622601390956603,124
synthetic-fleet-01-unit-0002,32,0,517.3999232037347,1.3228978074029079,47.11076108263127,521.3494690825464,2400.0,8300.0,8.557213822357024,0.03056082148799034,400.0,2400.0,102.0,660.0,39.55871543693488,23.929773608532738,1619.4839540504743,1436.0542234138068,15.14350994983442,22.0,560.0,2400.0,9041.79686369515,-1.8193835857973508,0.5328216398036902,-0.7419778079876514,-0.5254300663714498,0.5121634727537611,0.44552252627941374,0.35494724141344614,0.3548592906639519,-2.2049376664662503,-0.5588919379422319,-2.2499189192473334,-1.9905050228433607,0.32825626495339183,0.4859783870088814,-0.6633130469510267,-0.9518957286384643,0.4237964251410577,0.3400916025288517,0.48680931012541834,-0.48303852390717356,-0.5687736753354574,-1.826204432690168,0.5986094185055765,-0.6908909057953243,-0.40652427180506256,1.0389389682267982,3.434650186229181,-0.42949636394771507,0.6118486968458925,1.138912221491604,-0.912296144367686,0.4909469548581234,1.2716393405178832,-1.0155382348603934,1.2471681442582672,2.7565568224778025,0.1755498680707901,0.6036772158207989,0.0,0.35494724141344614,0.0,0.0,-0.37502880595942223,1.6320794000177992,3.6494404831168703,-1.1364071390292472,1.3278744478112825,-1.1736560725715972,-0.6185223221116452,1.2348524141238733,1.5269800085628025,-0.8773522730779073,0.9909704870528797,-2.7651659816566188,-0.7294066749175304,1.5607358110472433,0.677997692689905,-0.3065738119296121,0.9488899214359191,0.0,0.25863235659021805,0.5083611784308666,3.606734125601358,-1.0044904709525178,0.7903306268243542,-0.11656852180966437,-1.0716991507992635,0.44492440738121436,0.9373691883187442,0.1934565005299302,0.3469769421714903,1.6921801422351173,0.14788317165408493,0.4297911172845482,3.5888619583281685,-0.46128660939678234,1.038253117075299,1.7658182869822259,-1.0015280677105802,0.9644944214940935,-0.05035600961631653,-0.839267506635513,0.6713181244710136,1.4693419624906294,123
synthetic-fleet-01-unit-0002,33,0,524.3001601863839,1.3326119597895691,48.10059464045905,530.0,2400.0,8247.97878110933,8.410387967055135,0.031185588430452764,397.59499771473236,2380.0,99.98026439025296,649.5356322291753,38.67930484613409,23.75784256947091,1650.0,1427.1979573869332,15.18742347906749,22.0,557.3649208980285,2400.0,9041.614748667615,-1.0320268002874669,-0.9609063224770109,0.6332531432970843,-0.8527728513532895,0.6929886767998215,0.44552252627941374,-0.32322081327854635,0.3548592906639519,-2.207321475962617,-0.10436402182827946,-0.2797365068573905,0.38979700220054125,0.32825626495339183,-0.2645284347045464,-1.9861335866096037,-0.2490344054823751,-0.3677397288802477,-3.4057231021686043,-1.9014104871241921,-2.504844707675238,-0.9661042690472473,-1.7338720678551307,0.6911689310150139,0.09646587971455967,-0.24012596262340127,0.800693830549549,1.9409222239484798,-0.17081847743429088,0.7481820978994999,2.5141431727763397,-0.9755277877434112,0.4490353192828097,0.9442965555360434,-0.7733018320182792,1.4662906777604672,2.9373820265238626,0.1755498680707901,0.6036772158207989,0.0,0.21931363047504754,0.3032859740920181,-0.6781680546919925,-0.37502880595942223,1.6320794000177992,3.6494404831168703,-1.4771356311982577,1.3434131259577484,-1.176039882067964,-0.2178856855405848,0.9143381517096508,1.9815079246767549,-0.7806398637035177,1.0277961771847546,-0.7949835692666759,-0.7294066749175305,1.5607358110472433,3.058299717733807,-0.3065738119296121,0.9488899214359191,0.0,0.10853099224753246,0.5345753569553686,2.85622730388793,-1.1987941716334554,0.9046050321878687,-1.4393890614682414,-0.966750752529703,0.5754953078636145,1.6402305114748335,0.03514926972566913,0.39311284130783747,0.9006439882138118,-0.6012797692854063,1.6220226205307604,-0.1569527463692877,-0.9389305688467043,1.0423807235191576,-0.6224015102673846,-1.1985327908119028,1.1745506494554119,-2.072162193384381,-0.9272215173085101,0.6484891820065404,1.0720113687788397,122
synthetic-fleet-01-unit-0002,34,0,518.13004588296,1.3435428370970046,48.08279764385492,530.0,2389.721730940827,8300.0,8.607393660296896,0.030155292137812737,394.8230155218296,2400.0,100.75396171886473,660.0,40.0,23.872402793929364,1650.0,1432.6701325390775,15.070406892292565,22.0,560.0,2400.0,9043.857827142307,-1.7360723825461912,0.5328216398036902,0.6332531432970843,-0.6505118703963203,0.21114290967767274,0.44552252627941374,0.35494724141344614,0.3548592906639519,-2.1779605174441024,0.4070947947606118,-0.3151599671205222,0.38979700220054125,-1.6333820678751625,0.4859783870088814,-0.21122019064094763,-1.40811528231884,-1.2800565850538952,0.3400916025288517,-0.9865584300763915,0.5314953783898292,-0.7013569479805447,-1.5946523829636148,0.5758322398458257,-0.6075797025441647,0.10940906854642199,0.6326379185094139,3.434650186229181,-0.17081847743429085,0.7481820978994999,2.5141431727763397,-0.9167745672315506,0.4727393475414815,1.1465575364930127,-0.6049144056134583,1.5335485654627337,2.4555362594017143,0.1755498680707901,0.6036772158207989,0.0,0.21931363047504754,0.3032859740920181,0.0,-0.3750288059594222,1.6320794000177992,3.6494404831168703,-1.362319510588458,1.2266716262686437,-1.1466789235494492,0.18252914211664667,0.509070356027422,2.492966741265646,-0.6954916766361943,1.0493213530206198,-0.8304070295298076,-0.7294066749175305,1.5607358110472433,3.058299717733807,-0.6989014784953229,1.0233980486321266,-1.9616383328285543,0.10853099224753246,0.5345753569553686,3.606734125601358,-1.1261457338250067,0.9788212631721865,0.33552433450041463,-1.0934901049143033,0.5920886844291563,0.48114963463836835,-0.14954944167405942,0.7113210720649498,-0.011672867959835687,-0.4090713384106396,1.6751792621643626,3.5888619583281685,-1.0515225433279194,1.0024403796350696,0.29245054678041604,-0.6028300558931198,1.13778837879162,0.9641778926806862,-1.0601350054488956,0.4615107093182288,1.3367586898455421,121
synthetic-fleet-01-unit-0002,35,0,527.002572454444,1.3124165945491117,48.32449423397953,530.0,2400.0,8300.0,8.7,0.031294792616490166,388.63102305549387,2400.0,102.0,660.0,39.21140356726283,24.329282249891932,1610.077805614812,1442.8805862428528,14.838959249112627,22.0,560.0,2400.0,9223.29116646091,-0.7236659944408543,0.5328216398036902,-1.1658736981202442,-0.27311598581245644,-0.7419020410450609,0.44552252627941374,0.35494724141344614,0.3548592906639519,0.17074680243479148,-1.049310828562506,0.1659172475610412,0.38979700220054125,0.32825626495339183,0.4859783870088814,0.623112209534675,-0.1261799561257674,-3.317969784785774,0.3400916025288517,0.48680931012541834,-1.2815247977188007,0.354486060256297,-1.2651626373467253,0.48457123719953243,0.4048266855611722,0.13384333608284016,0.6493207414841846,3.434650186229181,-0.30666572491970917,0.8713820481353276,0.7150163313590112,-0.6258344511221661,0.2383308898004233,1.5239534210768766,-0.2006801639626199,0.9938780379903291,1.5024913086789806,0.1755498680707901,0.6036772158207989,0.0,0.21931363047504754,0.3032859740920181,0.0,-0.37502880595942223,1.6320794000177992,3.6494404831168703,-1.4322410012957159,1.0954770478302853,1.2020283963294447,-0.11924894692008237,0.7109734844510548,1.0365611179425285,-0.432730216650984,1.0719659891616042,-0.3493298148482442,-0.08626340280823915,1.0645034269957148,3.058299717733807,-0.48909676791746676,1.1206983422376704,0.0,0.33587702266619596,0.33563685418570793,3.606734125601358,-0.5291999690781483,0.9465936412816279,1.1698567346760373,-0.9159189456018391,0.7372235732259154,1.763084960831441,-0.8979026836594258,1.494482333782726,-2.049586067691714,-0.4090713384106396,1.6751792621643626,3.5888619583281685,-0.5551363343626543,1.0324286868867134,1.7658182869822259,-0.8348738284547043,1.1333345811392261,-0.8488422834279437,-0.6594526157952874,0.652632114693413,2.392601698082384,120
synthetic-fleet-01-unit-0002,36,0,529.6935193582032,1.3290971558136815,48.5,530.0,2400.0,8262.013401136808,8.635001361723708,0.030715460691548676,396.2707945203333,2400.0,101.14735211604474,659.2027009394847,39.94449334401002,23.34035808832951,1619.8207768272607,1434.9697034457427,15.06185090606372,21.738820430608683,560.0,2400.0,9250.0,-0.41661345270218847,0.41901181133872156,-0.7267986098536418,-0.5655157848488848,0.17591144496357752,-1.1625775170009758,0.35494724141344614,0.3548592906639519,0.5203542559710809,-0.26882268616866173,0.5152470624092854,0.38979700220054125,0.32825626495339183,-0.06205186273273352,0.03751007845953568,-0.7779269927184258,-0.803562476350404,0.3400916025288517,-0.5213971831987072,0.403882973564642,-1.9309059573434437,-1.1455524431548105,0.6174525298783614,0.711879227299838,0.21131408165455623,0.657141604340226,3.3208403577642125,-0.2736287658734738,0.8464166152409823,1.1540914196256136,-0.5734693117564802,0.21007687352856166,1.2315536220404482,0.17006089262995436,0.5531469055026508,2.420304794687619,0.12390251762333593,0.719164202279061,-1.6081000432803896,0.21931363047504754,0.3032859740920181,0.0,0.3548592906639519,0.0,3.6494404831168703,-1.1798237202934192,1.397992596028919,1.5516358498657339,-0.31485893594821346,0.5400500724644525,1.8170492603363726,-0.432730216650984,1.0719659891616042,0.0,-0.08626340280823915,1.0645034269957148,3.058299717733807,-0.06407140161231906,0.8772713318947988,0.0,0.22627097271787297,0.3627526495015715,3.058703875859743,-0.4400089072414734,0.9811933334525138,0.584254603600898,-0.7026304730567745,0.5252514018548363,1.1113379242387826,-1.0691064299858526,1.404730768872045,0.4648212407436555,-0.4090713384106396,1.6751792621643626,3.5888619583281685,-0.4871494960296909,1.0183206580674706,0.7576117936581004,-0.6668059354693481,1.2621744182178904,0.836565487855499,-0.7625309578900792,0.8209070281132828,0.10720968048264323,119
synthetic-fleet-01-unit-0002,37,0,517.063112829158,1.3012102575016393,48.5,530.0,2400.0,8255.14713852073,8.434435096321296,0.03166748453927742,392.3423330533114,2400.0,101.97702850274459,653.2567212631824,40.0,23.687483916789372,1633.925924253218,1429.624333498754,14.722155729103124,22.0,555.0686788464029,2385.801539812288,9250.0,-1.857815589585043,-0.42974238959907,-0.0911384281677458,-0.7630898278932119,-1.222870451188489,0.44552252627941374,-0.9141852378712395,-2.2359624796840225,0.5203542559710809,-1.5736584836860086,0.5152470624092854,0.38979700220054125,0.32825626495339183,-0.16111099750373867,-1.7694821225490078,0.29309756990241126,-2.0965006576882983,0.3400916025288517,0.4596468517060656,0.5314953783898292,-1.1287022815716985,-1.1532388439123487,0.6280854806070332,-0.7293229095830165,0.018801275774004155,0.6800038124651401,2.4720861568264207,-0.14346088990949266,0.8054374377730737,1.7897516013115096,-0.6210012640608327,0.22298032971521425,1.033979578996121,-0.17694589215849563,0.7818313446784789,1.0215228985355524,0.12390251762333593,0.719164202279061,0.0,-0.03451286538188958,0.5727593924273183,-1.2691324792846856,-0.16330506340564305,1.158650719216884,1.058618712768896,-0.6347653358059531,1.4293212139021696,1.5516358498657339,-0.5178122450969689,0.7883036042550413,0.5122134628190258,0.12030297968033979,0.4073395043527486,0.0,0.38979700220054125,0.0,3.058299717733807,-0.06407140161231907,0.8772713318947988,0.0,0.09685309581534896,0.3623637172741331,2.959644741088738,-0.6612427223610696,1.1536760504029604,-1.2227375974076455,-0.4536318133485994,0.6562955976186857,2.1823624868596196,-1.5731658465517238,1.167205489533653,-0.8281169405942388,-0.4090713384106396,1.6751792621643626,3.5888619583281685,-0.4925819877135614,1.0118779396198276,1.7386558285628733,-0.4638991550099476,1.3755577793641613,0.9641778926806862,-0.8745166791373273,0.8260431193573666,0.9094133562543885,118
synthetic-fleet-01-unit-0002,38,0,534.3709583329578,1.3253541386108596,48.5,530.0,2400.0,8121.832276215833,8.62355539509621,0.030477923570062584,397.57971790488136,2380.0,102.0,637.7892908262729,39.982805060597734,23.93119400326423,1624.0468263912069,1419.9680400556751,14.622021568083037,21.919640794049094,560.0,2400.0,9250.0,0.11710927665362743,-2.63762860444132,-0.5363481769366456,-1.120002998598311,-1.6351985062244914,-0.049254468984005186,0.35494724141344614,0.3548592906639519,0.5203542559710809,-0.4439595114374733,0.5152470624092854,0.38979700220054125,0.32825626495339183,-2.0844360508034034,-0.06561181189124625,-1.0451556889877465,-0.3727686313464619,-3.4057231021686043,0.48680931012541834,0.4919634064342017,-0.5654911599441187,-0.92341162852413,0.8533690185139347,1.245601956655654,-0.31654318061885767,1.3586881492943306,0.26419994198417074,-0.3773811539562386,0.6841783659863205,1.3445418525426098,-0.6744472935098369,0.3081733204852632,0.6770664082910218,-0.6425833287633582,0.8262361082658082,0.60919484349955,0.024947118570652144,0.6975621220352587,-0.49477699526341895,0.10112074555650892,0.5675732992266802,0.0,-0.16330506340564305,1.158650719216884,3.6494404831168703,-0.08923018941921348,1.1774083836640745,1.5516358498657339,-0.5857313430188076,0.7578159511976371,1.6419124350675611,0.279299693533675,0.3651203054603414,0.0,0.38979700220054125,0.0,3.058299717733807,-0.06407140161231907,0.8772713318947988,0.0,-0.26712842740442244,1.0595096553023773,1.036319687789073,-0.2771383674173981,0.8924171276647918,0.48113271325011603,-0.6128560700496737,0.6899590970394914,0.844109227969462,-1.5741716270449666,1.1659085416881974,0.8956150857475976,-0.4090713384106396,1.6751792621643624,-0.1569527463692877,-0.01493802826363928,0.6944923815804583,1.7658182869822259,0.13546246781194027,0.7938324020763071,0.9246459207250588,-0.7943940573167018,0.8343259633381703,1.4726244778819684,117
synthetic-fleet-01-unit-0002,39,0,519.7923812618577,1.35,47.71745770928425,519.7883398418638,2400.0,8179.909428336095,8.7,0.030867639044036138,400.0,2400.0,101.03920625895937,652.7052044313245,39.42723386961051,24.287609892126312,1646.311280337358,1453.4418998698309,14.624631344630684,22.0,558.0104019372585,2400.0,9238.425269356609,-1.5463903406598867,-0.5084682267883336,0.46701792858190294,0.1172482834214609,-1.624452082856006,0.44552252627941374,-0.15709880943141655,0.3548592906639519,0.368845875806072,0.7092272589719937,-1.0423391054136515,-2.4200693037425345,0.32825626495339183,-1.2465606649238508,0.623112209534675,-0.6067267083956287,0.4237964251410577,0.3400916025288517,-0.6492733644352047,-0.7853208123497827,0.2581817353203582,-0.885475220146869,0.8113944549788243,-0.41789766065786016,-0.5248011539372625,1.2730565242806084,2.393360319637157,-0.4106281968992748,0.6241997765978259,2.3479079580611586,-0.5208952627462806,0.47122209018958006,1.914317690310794,-1.009702327270094,0.7569676993020816,0.6199412668680353,0.024947118570652137,0.6975621220352587,0.0,-0.001288464612463619,0.556410149287875,-0.5120460508448627,-0.16330506340564305,1.158650719216884,3.6494404831168703,0.42013108923082143,0.15407526169953636,1.400127469700725,-0.5253048501765312,0.8616985115723773,2.795099205477028,0.13386386587504912,0.6746925738330557,-1.557586167822937,-0.1721762589880739,1.2566104135549876,0.2484334117907312,0.32825626495339183,0.0,0.0,-0.613636237790969,1.0346523763320237,1.8741950736686257,-0.11027188738227356,0.9813914997943423,1.1698567346760373,-0.4525783552650314,0.534633016059282,1.2825382085615797,-1.233401025005976,1.4800439667359988,1.6921801422351173,-0.4090713384106396,1.6751792621643624,3.5888619583281685,0.05251898486459809,0.5841364443966389,0.6297356124216029,-0.12790077033598213,0.8462975743009592,-0.35263829805892566,-0.6024863206565211,0.961706328743656,2.2962973731464453,116
synthetic-fleet-01-unit-0002,40,0,529.9183651516065,1.2954187047964332,48.5,530.0,2400.0,8262.292381767402,8.367398073759471,0.030624481046753107,400.0,2400.0,102.0,660.0,39.682977942122186,24.403861573479762,1611.9612950113901,1449.0966346399084,14.820755655101896,21.833583743345663,560.0,2400.0,9250.0,-0.39095725254926117,0.5328216398036902,-1.0809926844110889,-0.04336017363385525,-0.8168600018113543,-0.5791134747373516,0.35494724141344614,0.3548592906639519,0.5203542559710809,-1.8446468599622663,0.5152470624092854,0.38979700220054125,0.32825626495339183,-0.058027026889757895,-2.373448979612477,-0.8802788765573035,0.4237964251410577,0.3400916025288517,0.48680931012541834,-0.19735319781913332,0.5268379932258876,-0.8189334717685502,0.8410812415647796,0.7375354274527653,-0.5248011539372625,1.2730565242806084,3.434650186229181,-0.3936519941574438,0.5991771996087443,0.7998973450681666,-0.4749441003105604,0.5109522183483354,1.7537092332554778,-1.0246939194233526,0.7510572250428764,1.427533347912687,-0.17998008163270093,0.6936139769885756,-1.0246360010167654,-0.0012884646124636135,0.5564101492878749,0.0,-0.16330506340564305,1.158650719216884,3.6494404831168703,0.49005257993807927,0.06775660744196457,1.5516358498657339,-0.6843720564564832,1.0379868125627703,0.24122508654276809,0.2037298288446979,0.6965737104130968,0.0,-0.1721762589880739,1.2566104135549876,3.058299717733807,0.32825626495339183,0.0,0.0,-0.7224373205706967,0.9113702668910642,3.0627287117027184,-0.709584125211704,1.2884835688318486,-1.8267044544711148,-0.6033981393513386,0.5258299706265283,1.008986040399905,-0.48504778302060975,1.0443699266137008,1.6921801422351173,-0.4090713384106396,1.6751792621643624,3.5888619583281685,0.05251898486459809,0.5841364443966389,1.7658182869822259,0.08893354964395135,0.5709132965243711,0.2353293164717237,-0.568015934062603,1.0066221338365702,2.5649536310519747,115
synthetic-fleet-01-unit-0002,41,0,540.0,1.3184677383555852,47.945572384624995,530.0,2400.0,8300.0,8.7,0.030873616065617084,400.0,2400.0,101.5961445175896,660.0,40.0,23.692577775553616,1595.9629131889321,1470.0,14.789481349314407,22.0,560.0,2400.0,9250.0,0.7594153544895171,0.5328216398036902,-1.8019730463199115,0.7292640691002898,-0.9456399660771947,0.44552252627941374,0.35494724141344614,0.3548592906639519,0.5203542559710809,-0.7661761118126568,-0.5882955767716574,0.38979700220054125,0.32825626495339183,0.4859783870088814,0.623112209534675,-0.6000025733439908,0.4237964251410577,0.3400916025288517,0.009273709096370533,0.5314953783898292,-1.116930434335009,-0.5837277103302092,1.1048060336760832,1.8879080344915438,-0.5020391882442687,1.294979167888428,3.434650186229181,-0.6086868814506978,0.8771024413903948,0.07891698315934392,-0.2159881295207255,0.73329935717576,2.526333475989623,-1.249004201631507,0.3773488419817588,1.2987533836468468,0.14163992702337697,0.4563332222643068,0.0,-0.0012884646124636135,0.5564101492878749,0.0,-0.16330506340564305,1.158650719216884,3.6494404831168703,0.49005257993807927,0.06775660744196457,1.5516358498657339,-0.7838427415852822,1.0117071007143108,1.3196958346923777,-0.016978698991490647,0.746250581438736,-1.1035426391809429,-0.1721762589880739,1.2566104135549876,3.058299717733807,0.32825626495339183,0.0,0.0,-0.6128312706223737,1.0351902230951546,3.606734125601358,-0.5924636989966761,1.3955378379769883,1.1698567346760373,-0.5678132554764517,0.5170126742753306,1.2892623436132178,-0.2395760027223174,1.09385766723651,1.6921801422351173,-0.4090713384106396,1.6751792621643624,3.5888619583281685,0.15865316332361362,0.49523469421460714,1.2882826859531782,0.11445603060898879,0.5910115938065778,0.9641778926806862,-0.40522082946091603,0.7688431510975178,0.9211852034910779,114
synthetic-fleet-01-unit-0002,42,0,525.6432971722542,1.3006487155474928,48.5,530.0,2400.0,8137.629790341416,8.7,0.03092076043434245,400.0,2400.0,102.0,657.8613726458145,40.0,23.397608666910227,1650.0,1402.399350880378,15.06332206257708,22.0,560.0,2393.4711545128725,9107.631759578388,-0.8787671336479828,0.22754495708313563,0.6332531432970843,-1.7693718890168257,0.1819693087098567,0.44552252627941374,0.35494724141344614,-0.8364723607729391,-1.343186430873021,-1.5999331892979185,0.5152470624092854,0.38979700220054125,0.32825626495339183,-1.856526317617766,0.623112209534675,-0.546965270744291,0.4237964251410577,0.3400916025288517,0.48680931012541834,0.5314953783898292,-1.7986005487217946,-0.3879180191427972,0.888035282184972,0.24972554635404376,-0.3705817189078276,1.3368381584785318,3.1293735035086265,-0.46380856715773167,1.0303937068646447,2.5141431727763397,-0.41724454174544834,1.0077291188029986,0.027697517872507182,-0.9680362496518381,0.7452945488811984,2.426362658433898,0.14163992702337697,0.4563332222643068,0.0,0.2525380312444735,0.22899395545988516,0.0,0.11659296037657366,0.5327797112719946,2.4581088316799793,0.11734444256925887,0.8190931162408757,-0.3119048369783679,-0.7890976827076642,1.016890071601857,0.4859387572071159,-0.016978698991490647,0.746250581438736,0.0,-0.1721762589880739,1.2566104135549876,3.058299717733807,0.32825626495339183,0.0,0.0,-0.9519143346451792,1.1240901582175482,1.2642294209747105,-0.11394483257993952,1.2978303357275132,1.1698567346760373,-0.7358258236057921,0.21641077573165782,1.3422996462129175,0.2644834138435538,0.3562347229614159,1.6921801422351173,-0.4090713384106396,1.6751792621643624,3.5888619583281685,0.1640856550074842,0.4994925689696495,1.7658182869822259,0.11445603060898879,0.5910115938065778,0.9641778926806862,-0.5392004828909354,0.9608340201084812,0.2395150891042923,113
synthetic-fleet-01-unit-0002,43,0,523.903394619972,1.35,47.4378485656873,527.4174556816292,2400.0,8300.0,8.631943832685383,0.030610212579835212,400.0,2400.0,101.05582161438775,647.0601898249165,39.76170428286707,24.059046459373995,1597.6135090469475,1424.5781494695268,14.793547647447141,22.0,560.0,2396.937276625035,9250.0,-1.0773000368091399,-1.3142614050999726,-1.7275875733212271,-0.9496054461736192,-0.9288959420279935,0.44552252627941374,0.35494724141344614,-0.2040020429953495,0.5203542559710809,0.7092272589719937,-1.5988781444285043,-0.32082244178996594,0.32825626495339183,0.4859783870088814,0.009963416434772164,-0.8963308678771282,0.4237964251410577,0.3400916025288517,-0.6296266737590037,-0.01635764897260168,-0.2700256490578907,-0.6267998818353506,0.8788200789675781,0.05119264319288663,-0.1059082790395581,0.798328671025157,1.5875671413255181,-0.702056446434648,1.1784428164020122,0.1533024561580283,-0.3831650312605099,0.9805360174726846,0.8474639607157137,-0.8267757368125384,0.6477865549345287,1.3154974076960477,0.24059532607606077,0.45823115009340626,0.0,0.2525380312444735,0.22899395545988516,0.0,0.004820693644713376,0.5289050002029709,3.090579149457569,0.11734444256925888,0.8190931162408757,1.5516358498657339,-0.5584603286257709,1.2243519713497273,2.795099205477028,-0.43980374035904857,0.9424431332351726,-2.1141252068377896,-0.3143001477861753,1.2167132641212637,2.3476802737432996,0.32825626495339183,0.0,0.0,-0.4378314470827222,1.062760403406995,3.606734125601358,-0.09882978691473585,1.2989735535795224,0.5567079415761345,-0.7060608593836685,0.16806370336476276,0.9929340490800802,0.4237964251410577,0.0,1.6921801422351173,0.3400916025288517,0.0,3.5888619583281685,-0.059201541769400214,0.5644719098113844,0.6493823030978039,0.012791819527628109,0.5522909461833555,0.41632486531825535,-0.48010738071368975,0.9678729222676629,1.7680899887681962,112
synthetic-fleet-01-unit-0002,44,0,525.7469676900002,1.35,48.5,530.0,2400.0,8201.504222045422,8.296858286343586,0.030787258173151314,400.0,2400.0,102.0,660.0,39.27511788205662,23.54164735148421,1650.0,1435.941971392088,15.2,22.0,558.3441280444879,2400.0,9250.0,-0.8669377304245934,0.5328216398036902,0.6332531432970843,-0.5295790936587732,0.7447757229226796,0.44552252627941374,-0.07121053959908075,0.3548592906639519,0.5203542559710809,0.7092272589719937,0.5152470624092854,0.38979700220054125,0.32825626495339183,-0.9350139472968466,-3.00897382954456,-0.697154996812864,0.4237964251410577,0.3400916025288517,0.48680931012541834,-1.1350426004469536,-1.4657288556782488,-0.49090935978829203,0.7431331188352391,0.2615549495774331,0.10234969427884666,0.8028666060379726,3.434650186229181,-0.6688094034916118,1.2212391107912626,2.5141431727763397,-0.5125305066765568,0.9398337602009249,1.2674903132305597,-0.35293017565680124,0.7728758052623075,2.989169072646721,0.24059532607606077,0.45823115009340626,0.0,0.2697156852109407,0.19058355349689585,-0.4261577810125269,0.0048206936447133695,0.5289050002029709,3.6494404831168703,0.14764611860226068,0.833400730924012,1.5516358498657339,-0.5584603286257709,1.2243519713497273,2.795099205477028,-0.1282865067944612,0.950875185449805,0.0,0.24767311340243983,0.3177986765791751,3.058299717733807,0.32825626495339183,0.0,0.0,-0.3755221035573214,1.0113819653666472,2.18574179129563,-0.8252469947305828,1.736278885660199,-2.4622293044031975,-0.7241465170671155,0.15934100172359666,1.1921099201443446,0.4237964251410577,0.0,1.6921801422351173,0.3400916025288517,0.0,3.5888619583281685,0.1680149931427244,0.49150800442613446,1.7658182869822259,-0.05715253809180607,0.6848686322293029,-0.7023600861560966,-0.8248894989134111,0.9459277592053906,0.5723867821478381,111
synthetic-fleet-01-unit-0002,45,0,538.0774103310861,1.3467583721394087,48.5,527.7389665942419,2400.0,8300.0,8.7,0.030374012681708824,397.77324063997264,2400.0,102.0,652.087173435818,39.54278177200906,23.90277031978128,1609.001471017384,1460.1955152770197,15.2,22.0,560.0,2400.0,9250.0,0.540036799031642,-0.5966885760499582,-1.2143796105431697,0.3668734944728384,0.7447757229226796,0.44552252627941374,0.35494724141344614,0.3548592906639519,0.5203542559710809,0.5575505817237877,0.5152470624092854,-0.232354683721896,0.32825626495339183,0.4859783870088814,0.623112209534675,-1.162055191049736,-0.3090762837806518,0.3400916025288517,0.48680931012541834,-0.5196707667003682,-0.6311779556232634,-0.30471054947211135,0.8787059950670939,1.6685294790336687,-0.12355234889188302,0.8103346361720762,2.3051399703755324,-0.6954867887180279,1.2338854527715568,0.6665104189360858,-0.43048377305521807,1.0065687073660383,2.163942901362171,-0.04060303070999447,0.8501961788708995,2.989169072646721,0.44552252627941374,0.0,0.0,0.2697156852109407,0.19058355349689585,0.0,0.004820693644713381,0.5289050002029709,3.6494404831168703,0.14764611860226068,0.833400730924012,1.5516358498657339,-0.07802084028856007,1.05276363062312,2.643422528228822,-0.1282865067944612,0.950875185449805,0.0,0.12324277621795236,0.3663321367037097,2.4361480318113697,0.32825626495339183,0.0,0.0,-0.2667210207775936,1.080944669368311,3.606734125601358,-0.22593475690115236,1.5782582711397983,1.1698567346760373,-0.780501779965602,0.25152799750155685,0.7272097259074723,0.2772218833567158,0.3277506392006718,0.9593074333134077,0.3400916025288517,0.0,3.5888619583281685,0.1680149931427244,0.49150800442613446,1.7658182869822259,-0.12161605186805305,0.7158333146431275,-0.08698825240951114,-1.0564926886832413,0.6166996967694607,1.4069376822028237,110
synthetic-fleet-01-unit-0002,46,0,534.0658150032298,1.3055367821654174,47.94686594080406,528.8201485278521,2400.0,8106.3474116017005,8.696911776596151,0.03122010960317216,400.0,2400.0,102.0,660.0,40.0,24.5,1600.7741512576622,1470.0,14.59432524734433,21.66717386261514,556.012800100803,2400.0,9250.0,0.08229066508730408,0.5328216398036902,-1.5851506074934352,0.7292640691002898,-1.7492452006343406,-1.603710218765583,-0.6712047239235426,0.3548592906639519,0.5203542559710809,-1.3712191805778007,-0.5857208594231941,0.06514607901403949,0.32825626495339183,-2.30783520933984,0.5952890080878638,-0.21019816834277227,0.4237964251410577,0.3400916025288517,0.48680931012541834,0.5314953783898292,0.7490127575746718,-0.44013548735255403,0.7096131577585263,1.2107833450893306,-0.12355234889188305,0.8103346361720762,3.434650186229181,-0.6521223009527327,1.188242475299714,0.29573942198582026,-0.43048377305521796,1.0065687073660383,2.526333475989623,-0.20132407762142365,1.1025588539994258,0.49514814908970073,0.03567597727041445,0.9164447439278216,-2.0492327450449968,0.06448529214354293,0.4507653464980772,-1.0261519653369886,0.004820693644713381,0.5289050002029709,3.6494404831168703,0.14764611860226068,0.833400730924012,1.5516358498657339,-0.19902945404158884,1.1788589710435455,0.7146527659272337,-0.12777156332476852,0.9505644362543896,-1.1009679218324795,0.05831259158065201,0.33467946007309674,2.7336487945473054,0.32825626495339183,0.0,0.0,-0.8254837400473377,1.2954031576098692,0.8129205292526365,-0.2314993971905146,1.5745610163269192,1.1420335332292262,-0.7025408989653583,0.35893665357410726,1.6790667486144362,0.2772218833567158,0.3277506392006718,1.6921801422351173,0.3400916025288517,0.0,3.5888619583281685,0.263522113348534,0.4992853504984866,1.7658182869822259,-0.12161605186805302,0.7158333146431275,0.9641778926806862,-0.6833040503013053,1.0100894094414214,2.787128395400759,109
synthetic-fleet-01-unit-0002,47,0,518.3942222732252,1.3384655883402112,48.5,522.0335768377681,2400.0,8300.0,8.64085703989561,0.031146431058579116,400.0,2400.0,102.0,660.0,40.0,24.45393530378295,1616.2662787096394,1434.7644656359216,15.055524327597377,22.0,560.0,2400.0,9197.16782625094,-1.705928334744666,0.5328216398036902,-0.8869850191847001,-0.5731017263784783,0.14986013772251994,0.44552252627941374,0.35494724141344614,0.3548592906639519,-0.17119678844883104,0.16952890067537224,0.5152470624092854,-1.802264198015259,0.32825626495339183,0.4859783870088814,0.09026653162983792,-0.29308635563510355,0.4237964251410577,0.3400916025288517,0.48680931012541834,0.5314953783898292,0.6425577905312145,-0.6055677275718907,0.906531579084998,-0.5774356547426396,-0.06249701234777209,0.8537399508180421,3.434650186229181,-0.9561699334490896,0.9471571107830077,0.9939050102945554,-0.1912297405275485,0.7060857390815375,1.2239676805108546,-0.207745911818891,1.0998584499219946,2.3942534874465613,0.03567597727041446,0.9164447439278216,0.0,0.06448529214354293,0.4507653464980772,0.0,0.24308702393209156,0.24993038641167792,3.6494404831168703,0.38204404708709866,0.30927102904677994,0.8600848054458221,0.15486296395306928,0.8811836729997605,2.2554008471804066,-0.12777156332476852,0.9505644362543896,0.0,-0.380099648462508,0.8424486599164341,0.8662385175180067,0.32825626495339183,0.0,0.0,-0.35698279912200837,1.2521677022949675,3.606734125601358,-0.338068532771482,1.5193219694861986,0.6370110567712002,-0.6517651159435207,0.40183965439149955,1.596178561322105,0.2772218833567158,0.3277506392006718,1.6921801422351173,0.3400916025288517,0.0,3.5888619583281685,0.263522113348534,0.4992853504984866,1.7658182869822259,-0.12161605186805302,0.7158333146431275,0.9641778926806862,-0.19507238245070332,0.9224010779466773,2.6806734283573013,108
synthetic-fleet-01-unit-0002,48,0,503.6452746743038,1.3300244071240892,48.5,530.0,2400.0,8264.35964246778,8.5410889249014,0.031106334951041103,392.99117045354143,2400.0,101.09510225840464,660.0,40.0,24.173427350315723,1638.1279057181434,1461.622726960357,14.966661488156776,21.47722243214505,560.0,2400.0,9250.0,-3.3888682106273165,0.5328216398036902,0.0982273558806967,0.41962568662296723,-0.21605536382314755,-2.773253856011036,0.35494724141344614,0.3548592906639519,0.5203542559710809,-0.22543633715356196,0.5152470624092854,0.38979700220054125,0.32825626495339183,-0.028202788031485893,-0.8085895414099242,-0.33819438117579825,-1.8829548063977197,0.3400916025288517,-0.5831795985888105,0.5314953783898292,-0.005692765623055736,-1.067881362335526,1.5606696269926734,-2.26037553062529,0.3069195966329604,0.5051323247858434,3.434650186229181,-0.5910069476087048,0.9271427624060976,1.9791173853599522,0.0826164860317688,0.5952478783453289,2.2166950935123,-0.06517779617792183,1.026783543692899,2.028337985900894,-0.6080792991876754,1.5007908089918407,-3.2187763822904496,0.06448529214354293,0.4507653464980772,0.0,0.3548592906639519,0.0,3.6494404831168703,0.3820440470870987,0.30927102904677994,1.5516358498657339,-0.032069755272041825,0.8319445957350898,1.8604356093514725,0.2950534780427894,0.49236782285282027,0.0,-0.2379757596644066,0.9120183722129436,3.058299717733807,0.32825626495339183,0.0,0.0,-0.45981903413008174,1.184940093095316,3.0925529505609908,-0.5017791243404213,1.5165433542101805,-0.26184501626856194,-0.5401378186032548,0.3943701822185527,1.55107053578141,-0.18412836295103968,1.0012917796281715,-0.6145710893036602,0.3400916025288517,0.0,3.5888619583281685,0.2728115283825726,0.4785135870111666,0.6958293782679971,-0.012045446395566862,0.7754218139901705,0.9641778926806862,-0.14220580576373634,0.9246035997699869,2.032422872203031,107
synthetic-fleet-01-unit-0002,49,0,532.7609416186338,1.311261887153873,48.01805220335019,527.0381702135245,2400.0,8125.632372760546,8.7,0.031690820016403456,400.0,2400.0,102.0,660.0,40.0,24.321934456675034,1650.0,1445.2424588729102,15.106037640428989,22.0,560.0,2400.0,9248.949524145994,-0.06660290424609014,0.5328216398036902,0.6332531432970843,-0.18581712169191797,0.3578616411166068,0.44552252627941374,0.35494724141344614,0.3548592906639519,0.5066039666601292,-1.1033399116145588,-0.44403044959314447,-0.42518759306384807,0.32825626495339183,-2.029612299249823,0.623112209534675,0.31934992612446467,0.4237964251410577,0.3400916025288517,0.48680931012541834,0.5314953783898292,0.33750539721097245,-0.9078143970998254,1.6261020708352971,1.0618897757559365,0.3069195966329605,0.5051323247858434,3.434650186229181,-0.5910069476087048,0.9271427624060976,2.5141431727763397,0.15136888042513985,0.5222353066356363,1.611252285197415,-0.14256061253913638,0.9630855288417074,2.602254990840648,-0.6080792991876754,1.5007908089918407,0.0,0.14971684834604831,0.4589091099477029,0.0,0.3548592906639519,0.0,3.6494404831168703,0.3792939892249083,0.3077912942327556,1.5378855605547823,-0.39458318938935233,0.823034898478895,0.9825320348904756,0.10319797564230342,0.5664409634750527,-0.9592775120024299,-0.4009726787172845,0.8419055316568143,2.2433151224694177,0.32825626495339183,0.0,0.0,-0.6787387045206771,1.379777488962898,1.0911434393426536,0.22463808347542563,0.620596568828137,1.1698567346760373,-0.3368368340157891,0.5313943215507312,2.208614843081673,-0.18412836295103965,1.0012917796281715,1.6921801422351173,0.3400916025288517,0.0,3.5888619583281685,0.2728115283825726,0.4785135870111666,1.7658182869822259,0.3212621493717897,0.47009579121361605,0.9641778926806862,0.21844104481410792,0.5584903954582187,2.3756210350370592,106
synthetic-fleet-01-unit-0002,50,0,528.8353007525376,1.35,48.41277388797615,530.0,2400.0,8300.0,8.7,0.030538336133567805,400.0,2400.0,102.0,655.5863578472827,39.79115412707279,23.92745127558058,1650.0,1435.309593101682,14.737567378722545,22.0,550.7290646830775,2400.0,9250.0,-0.5145411390006075,-0.09720024430819775,0.6332531432970843,-0.5529528800960163,-1.1594090365450114,0.44552252627941374,-2.031035086156372,0.3548592906639519,0.5203542559710809,0.7092272589719937,0.3416306493754865,0.38979700220054125,0.32825626495339183,0.4859783870088814,0.623112209534675,-0.9771916988425977,0.4237964251410577,0.3400916025288517,0.48680931012541834,0.05134892375800536,-0.574140559265854,-1.1187299847062753,1.4502409819594768,0.613951541001419,0.4068172629813126,0.2817543520373353,2.804628302117293,-0.22148039684065401,0.9830875777627879,2.5141431727763397,-0.03259639448863109,0.5855189266335773,1.2441165267933165,-0.5233975644326746,0.8988278434983902,1.08498431317903,-0.6080792991876754,1.5007908089918407,0.0,-0.3274796171679153,1.0508767098088059,-2.385982327569818,0.3548592906639519,0.0,3.6494404831168703,0.3792939892249083,0.3077912942327556,1.5516358498657339,-0.3642478539397111,0.8684445004417374,2.795099205477028,0.06847469303554364,0.5395504190141294,-0.17361641303379893,-0.276542341532797,0.9157906164758353,3.058299717733807,0.32825626495339183,0.0,0.0,-0.6787387045206769,1.379777488962898,3.606734125601358,0.22463808347542563,0.620596568828137,1.1698567346760373,-0.2998641355743614,0.46145254736451435,0.9120732181146107,-0.03755382116669779,1.0316105121804127,1.6921801422351173,0.3400916025288517,0.0,3.5888619583281685,0.2728115283825726,0.4785135870111666,1.7658182869822259,0.4354660874634644,0.21472802234245536,0.4840314380488624,0.2298485240855898,0.5369656850259221,1.463975078560233,105
synthetic-fleet-01-unit-0002,51,0,525.2484771685639,1.2785825382357294,47.982497234689056,530.0,2400.0,8269.986031777848,8.7,0.030834862269862463,400.0,2400.0,102.0,649.9310624856528,39.70143161847466,23.719782384251104,1618.1916983483263,1465.3699863016368,14.974834785978267,22.0,560.0,2400.0,9250.0,-0.9238183702565568,-0.9044609409529619,-0.8002143842959806,0.5581308201749162,-0.1823997166430664,0.44552252627941374,0.35494724141344614,0.3548592906639519,0.5203542559710809,-2.6324158178274844,-0.514799694963005,0.38979700220054125,0.32825626495339183,0.05296877328267323,0.623112209534675,-0.643600501323434,0.4237964251410577,0.3400916025288517,0.48680931012541834,-0.15492733059287253,-1.0540609060377781,-1.3199517917750474,1.3044045079111621,0.20467430974546974,0.11936074682998213,0.6340266637360994,1.9973676054725287,-0.0644931522011631,0.7446402406737544,1.0806756451832749,-0.0668230442737058,0.5324470894303073,2.355200227064249,-0.21002846763441974,0.5818380616346418,2.061993633080975,-0.19823275017867617,1.4394805590344593,0.0,-0.12224922410051756,1.0670437355118567,0.0,0.3548592906639519,0.0,3.6494404831168703,0.3792939892249083,0.3077912942327556,1.5516358498657339,-0.6164871813896479,1.3066421344005734,-0.54654387132245,0.08265892592758146,0.5185773440765372,-1.0300467573722905,-0.21161215689549664,0.9566696546858241,3.058299717733807,0.32825626495339183,0.0,0.0,-0.2065779079961744,1.046650012943809,3.17372451187515,0.2302027237647879,0.6248610045601949,1.1698567346760373,-0.3865446021704938,0.48070287103599263,1.2456644156337744,-0.037553821166697796,1.0316105121804127,1.6921801422351173,0.3400916025288517,0.0,3.5888619583281685,0.2728115283825726,0.4785135870111666,1.7658182869822259,0.298181545666924,0.3276965176056202,0.27775518369798446,-0.1307662086369002,0.6859310431312089,0.9840547317883088,104
synthetic-fleet-01-unit-0002,52,0,522.0004747502213,1.3262605062113677,48.5,530.0,2400.0,8188.2706118331,8.39035366905528,0.031086706647829455,400.0,2400.0,101.62697001810727,660.0,39.73350654878216,24.390124403363693,1638.928059606896,1432.3525397338765,15.172094247829031,21.951498848448047,560.0,2400.0,9250.0,-1.2944341548832359,0.5328216398036902,0.13428695532629994,-0.6622506452964,0.6298666409495086,0.14689769857327842,0.35494724141344614,0.3548592906639519,0.5203542559710809,-0.40155031706886973,0.5152470624092854,0.38979700220054125,0.32825626495339183,-1.1259344015275967,-2.1666316387909332,-0.3602761755682364,0.4237964251410577,0.3400916025288517,0.045723069221119274,-0.08118556182410558,0.49509155588728143,-1.2376529558027614,1.2868267411634755,-0.16594147488120936,0.11936074682998214,0.6340266637360994,3.434650186229181,0.1397612427010369,0.5857426318002035,2.015176984805555,-0.08465282805729013,0.55466792550324,1.1348187615929328,-0.114027166989022,0.6862879964702199,2.8742599906735498,-0.2579577157199032,1.4120265518481077,-0.2986248277061353,-0.12224922410051756,1.0670437355118567,0.0,0.3548592906639519,0.0,3.6494404831168703,0.5176041981088908,0.006149316321914954,1.5516358498657339,-0.7307030249384961,1.2442271646844554,1.6843216294361647,0.08265892592758144,0.5185773440765372,0.0,0.2268000831476634,0.36447219112526497,3.058299717733807,0.32825626495339183,0.0,0.0,-0.52896046570347,1.028084939494164,1.9948213370648797,-0.22117691031936632,1.251830664807429,-1.619887113649571,-0.39998256615712036,0.4783705919313873,1.528988741388972,-0.037553821166697796,1.0316105121804127,1.6921801422351173,0.3400916025288517,0.0,3.5888619583281685,0.18459428020171278,0.4697775311590638,1.3247320460779268,0.1756453576241371,0.33314730278413435,0.35149695246675144,-0.1602594555656868,0.6463985340674322,2.5332071937133684,103
synthetic-fleet-01-unit-0002,53,0,532.080419006196,1.325149689665062,48.100797865612755,530.0,2400.0,8300.0,8.455094659571763,0.031430718065423864,400.0,2400.0,100.97393270792988,652.5494946320224,40.0,23.77792830139961,1645.270416166158,1470.0,14.957283023019656,22.0,560.0,2400.0,9008.891484860744,-0.14425445417735386,-0.5306948998480476,0.42011052037163205,0.7292640691002898,-0.25467359610089996,0.44552252627941374,0.35494724141344614,0.3548592906639519,-2.6356553047003044,-0.4535257349828896,-0.2793320038776546,0.38979700220054125,0.32825626495339183,0.4859783870088814,-1.5833507729178269,0.02673585038534677,0.4237964251410577,0.3400916025288517,-0.7264555391976423,0.5314953783898292,-0.9196863805966584,-0.5887302045127688,0.5210522459772109,0.9842382258246727,-0.09334256110036543,0.6390164686942993,2.371133646577443,0.20413787559922397,0.5976049326796917,2.3010005498508876,-0.022725151561825595,0.6363204263297958,2.526333475989623,-0.12175081344457248,0.6879386324186704,1.9897197536231415,0.38579756073818666,0.1335490829040175,0.0,-0.12224922410051756,1.0670437355118567,0.0,0.3548592906639519,0.0,3.6494404831168703,-0.11359771402538632,1.409885626229422,-1.6043737108056513,-0.7763209045043618,1.225105385156357,1.6323462115221448,-0.07625688732980657,0.47257898971446094,-0.7945790662869401,0.2268000831476634,0.36447219112526497,3.058299717733807,0.32825626495339183,0.0,0.0,-0.42612423069539657,1.1129129276479048,3.606734125601358,-0.37612915662094687,1.3837208075530438,-1.0366062477764646,-0.32699651984489136,0.516475968785314,1.9160007673425552,0.4237964251410577,0.0,1.6921801422351173,0.3400916025288517,0.0,3.5888619583281685,0.15593909207994644,0.5289596299744206,0.5525534376591653,0.17564535762413708,0.3331473027841343,0.9641778926806862,-0.3430581785604073,0.7171272178905523,1.1184292572294285,102
synthetic-fleet-01-unit-0002,54,0,532.9009494681858,1.305847782909539,48.5,530.0,2400.0,8300.0,8.7,0.03073354089857883,400.0,2400.0,102.0,646.1368330072974,40.0,24.316563482215656,1649.2587914509568,1446.0407849938247,14.805396590748284,22.0,560.0,2400.0,9168.785635333585,-0.05062720215837444,-1.446065249139712,0.5998499645337841,-0.15630961876112126,-0.8801048831543695,0.44552252627941374,0.35494724141344614,0.3548592906639519,-0.5427077897763334,-1.3566673684887105,0.5152470624092854,0.38979700220054125,0.32825626495339183,0.4859783870088814,0.623112209534675,-0.757586802845281,0.4237964251410577,0.3400916025288517,0.48680931012541834,0.5314953783898292,0.325093138886935,-0.5855350640952257,0.5250877667112392,1.077865477843652,-0.48911993888904587,0.7562979884685486,1.4557632972857788,0.19745723984656396,0.5917667640505936,2.4807399940130397,-0.016823650975666266,0.6345641063888453,1.6407597881282117,-0.36934411829876773,0.6949098526658659,1.364288466569672,0.38579756073818666,0.1335490829040175,0.0,-0.12224922410051756,1.0670437355118567,0.0,0.3548592906639519,0.0,3.6494404831168703,-0.32346006531267885,1.372077276990987,0.48857380411831974,-0.826986395879192,1.2470523692013655,0.7292045780163239,0.11559861507067941,0.48059870644034414,0.0,0.38979700220054125,0.0,3.058299717733807,0.32825626495339183,0.0,0.0,0.07699390655634426,0.6981079137876192,3.606734125601358,-0.3761291566209468,1.3837208075530438,1.1698567346760373,-0.5423838656388404,0.38816086397498906,1.1316781141119274,0.4237964251410577,0.0,1.6921801422351173,0.3400916025288517,0.0,3.5888619583281685,0.15593909207994644,0.5289596299744206,1.7658182869822259,0.17564535762413708,0.33314730278413435,0.9641778926806862,-0.34554063022521475,0.7141978675525303,2.363208776713022,101
synthetic-fleet-01-unit-0002,55,0,537.9236324123461,1.3243712660176121,48.5,530.0,2400.0,8300.0,8.56330686826611,0.030822689190070994,397.4474608737906,2400.0,100.92874094422417,656.1641951173839,39.71261832616548,23.613880721823186,1650.0,1456.7633603068955,14.862743940043698,21.95480018625467,560.0,2400.0,9250.0,0.5224898527331412,-0.014717316825029924,0.6332531432970843,0.2400151590298212,-0.6439624842411259,0.16722425582308487,0.35494724141344614,0.3548592906639519,0.5203542559710809,-0.4899483958848414,0.5152470624092854,0.38979700220054125,0.32825626495339183,0.4859783870088814,-0.6084180404751598,-0.6572951871136179,-0.41629716450967136,0.3400916025288517,-0.7798921693356342,-0.1292085650675209,-1.2987983928647993,-0.378128865748476,0.7263713021499576,1.6509825327351677,-0.47262335339241235,0.7677959858585354,2.887111229600461,0.19745723984656396,0.5917667640505936,2.5141431727763397,0.14176995684950122,0.5620183231579583,2.0370845659191543,-0.2662548078379906,0.5765575547032136,1.6004308654829154,0.3301379066469209,0.15816025324242267,-0.2782982704563289,0.35494724141344614,0.0,0.0,0.3548592906639519,0.0,3.6494404831168703,-0.3234600653126789,1.372077276990987,1.5516358498657339,-1.0668215268505592,0.9600255486146768,1.595923550620193,0.1503218976774392,0.5065817642991536,0.0,0.38979700220054125,0.0,3.058299717733807,0.32825626495339183,0.0,0.0,0.07699390655634426,0.6981079137876192,3.606734125601358,-0.6224352066229137,1.2659852447213609,-0.0616735153337975,-0.4784045632930445,0.31873006982072605,1.2319697298435905,0.25577770721091186,0.37570127478416876,0.8520865525843881,0.3400916025288517,0.0,3.5888619583281685,-0.09740120381226408,0.6254181964114408,0.4991168075211734,0.13953385985903183,0.35878775437709426,0.30347394922333615,-0.4904721969450039,0.835423697201352,0.7393172449612877,100
synthetic-fleet-01-unit-0002,56,0,526.9223903647747,1.3324602958232432,48.149778267276716,529.6297041030747,2400.0,8300.0,8.589136523027351,0.03094796122273459,400.0,2400.0,102.0,655.0095335866562,40.0,24.13059217360422,1620.3721248648903,1414.3430298712178,15.2,22.0,560.0,2400.0,9250.0,-0.7328152327258894,-0.179538570549171,-0.7019516526976429,-1.3279130245329651,0.7447757229226796,0.44552252627941374,0.35494724141344614,0.3548592906639519,0.5203542559710809,-0.1114604213719349,-0.1818405366031928,0.2879054441299957,0.32825626495339183,0.4859783870088814,-0.37570699799421475,-0.5163644485483582,0.4237964251410577,0.3400916025288517,0.48680931012541834,0.5314953783898292,-0.10468435136232557,-0.3399282382423425,0.6948363149383008,0.3956774472761371,-0.32763887931165414,0.7335453637784961,2.7222899758763197,0.21710978616623153,0.5505470428636831,1.1789383767816126,-0.23543881209207504,0.796655164215548,0.4691563823563678,-0.08081971992484145,0.7370370842443247,2.989169072646721,0.3301379066469209,0.15816025324242267,0.0,0.35494724141344614,0.0,0.0,0.3548592906639519,0.0,3.6494404831168703,-0.32346006531267885,1.372077276990987,1.5516358498657339,-0.5626304475594492,0.468290068149478,1.9744115251330996,0.21691372934940167,0.4099613168352936,-0.6970875990124782,0.3694186905864322,0.04556729003582143,2.9564081596632614,0.32825626495339183,0.0,0.0,0.1635958293015859,0.7208693137937621,3.606734125601358,-0.8221990481286918,1.0863739043924252,0.17103752714714754,-0.45295735273802934,0.3071110881885412,1.3729004684088504,0.25577770721091186,0.37570127478416876,1.6921801422351173,0.3400916025288517,0.0,3.5888619583281685,-0.09740120381226408,0.6254181964114408,1.7658182869822259,0.2768184016555722,0.34914388975357213,0.9641778926806862,-0.30059688600991336,0.7814518340325403,1.9334312864637613,99
synthetic-fleet-01-unit-0002,57,0,525.6240083123531,1.35,48.24034497225404,529.7682793663786,2400.0,8300.0,8.698438067999462,0.03128477371766896,398.211159344155,2400.0,100.69670589658824,652.8806644001731,39.35098979505206,24.281627941124125,1650.0,1453.5446019064832,15.046848729260729,22.0,560.0,2400.0,9250.0,-0.8809681036677128,-0.48342233128179596,0.6332531432970843,0.12104432687804446,0.11413613951868952,0.44552252627941374,0.35494724141344614,0.3548592906639519,0.5203542559710809,0.7092272589719937,-0.0015749476227432287,0.32603616500837884,0.32825626495339183,0.4859783870088814,0.609040057680949,-0.13745119345193724,-0.16494815175938013,0.3400916025288517,-1.0542601072704874,-0.960609514840371,0.24435751744659048,-0.25723502799923786,0.5653852169546947,0.24752457633431368,-0.5308876735287514,0.5544549170315092,2.418406215143695,0.31690302376038837,0.5763962193344007,2.5141431727763397,-0.07877981765718615,0.7682511775788577,1.9181137337673775,-0.18396582021100527,0.6427736280726725,2.358529489242731,0.38986287218814797,0.12445877015219595,0.0,0.35494724141344614,0.0,0.0,0.3548592906639519,0.0,3.6494404831168703,-0.3234600653126789,1.372077276990987,1.5516358498657339,-0.34047493235127657,0.7453341875037142,2.795099205477028,0.11354932734299591,0.3799956090354932,-0.5168220100320287,0.3566665231479996,0.04732650091184195,2.9945388805416444,0.32825626495339183,0.0,0.0,0.4859783870088814,0.0,3.606734125601358,-0.2670647088343153,0.9247849418140875,1.1557845828223114,-0.4083923563147695,0.33848671442475275,1.751813723505271,0.13802879183082434,0.4012672784327371,1.1034355653346795,0.3400916025288517,0.0,3.5888619583281685,-0.31739783911058544,0.7445961132542233,0.22474886958632023,0.10093361105231909,0.6587847781782757,-0.527927000549514,-0.3507436936980516,0.7235242859300882,2.2824731552726774,98
synthetic-fleet-01-unit-0002,58,0,538.8355131472041,1.3448385415356727,48.5,530.0,2400.0,8300.0,8.625369197909977,0.0317564345854956,400.0,2400.0,102.0,660.0,40.0,24.5,1620.9367704630179,1454.2130226840707,15.2,22.0,560.0,2400.0,9250.0,0.626540697069578,0.5328216398036902,-0.6765054299354922,0.14575030547119794,0.7447757229226796,0.44552252627941374,0.35494724141344614,0.3548592906639519,0.5203542559710809,0.46772116904068717,0.5152470624092854,0.38979700220054125,0.32825626495339183,0.4859783870088814,-0.049270441960117886,0.3931661601727264,0.4237964251410577,0.3400916025288517,0.48680931012541834,0.5314953783898292,0.7490127575746718,-0.1030759977498515,0.6942823026921869,1.7550333770716047,-0.3181843655984038,0.730572549471918,3.434650186229181,0.0975798336989635,0.7184402665977252,1.2043845995437632,-0.19548257038300454,0.65004243673052,1.9428197123605309,0.015924043593710625,0.7600021749795405,2.989169072646721,0.38986287218814797,0.12445877015219595,0.0,0.35494724141344614,0.0,0.0,0.3548592906639519,0.0,3.6494404831168703,0.3077418468215982,0.4754157997182423,1.5516358498657339,-0.1562255515465612,0.8204805736490961,2.5535931155457217,0.2724651406003839,0.3384969730161602,0.0,0.3566665231479996,0.04732650091184195,3.058299717733807,0.32825626495339183,0.0,0.0,0.4859783870088814,0.0,3.606734125601358,0.03975135735722646,0.562373008385201,0.4974740831812444,-0.3351062943572936,0.4702654271976779,2.2824310771299348,0.13802879183082434,0.4012672784327371,1.6921801422351173,0.3400916025288517,0.0,3.5888619583281685,-0.07474486924597332,0.7750342098021206,1.7658182869822259,0.1009336110523191,0.6587847781782757,0.9641778926806862,-0.01700386606378552,0.778268378793009,2.787128395400759,97
synthetic-fleet-01-unit-0002,59,0,540.0,1.3141136157689415,48.255433837035994,530.0,2400.0,8283.41951512592,8.7,0.030714106123284256,400.0,2400.0,101.03633183525264,660.0,39.95713522524793,24.5,1650.0,1468.5715733891368,14.981525131367974,22.0,560.0,2400.0,9250.0,0.7594153544895171,0.5328216398036902,0.6332531432970843,0.6764669711446407,-0.15485050592462274,0.44552252627941374,0.35494724141344614,0.3548592906639519,0.5203542559710809,-0.9699067294761551,0.02845819863830011,0.38979700220054125,0.32825626495339183,0.24677278455142299,0.623112209534675,-0.77945087879166,0.4237964251410577,0.3400916025288517,-0.6526722031589288,0.4329472513077566,0.7490127575746718,0.05893251357972682,0.7965579594635329,1.8879080344915438,0.07759301219027663,0.44828625622856205,3.434650186229181,0.10426046945162352,0.7244089181002537,2.5141431727763397,-0.028927252401852142,0.7599800640962061,2.4735363780339736,0.16097491903966002,0.5982287503017178,2.0895428437994186,0.38986287218814797,0.12445877015219595,0.0,0.35494724141344614,0.0,0.0,0.3548592906639519,0.0,3.6494404831168703,0.5203542559710809,0.0,1.5516358498657339,-0.07887342374405011,0.6862676649853615,1.1159652170288794,0.17510736784618686,0.3207508571908217,-0.4867888637709853,0.3566665231479996,0.04732650091184195,3.058299717733807,0.32825626495339183,0.0,0.0,0.4381372665173899,0.10697599753873356,3.3675285231438994,0.03975135735722646,0.562373008385201,1.1698567346760373,-0.33947910954656935,0.4752512520157473,1.1098140381655486,0.13802879183082434,0.4012672784327371,1.6921801422351173,0.3400916025288517,0.0,3.5888619583281685,-0.30264117190284273,0.7351335573460941,0.6263367736978788,0.08122398563590458,0.6439908405773699,0.8656297655986136,0.06778005767376184,0.8450763598617778,2.787128395400759,96
synthetic-fleet-01-unit-0002,60,0,540.0,1.35,48.5,530.0,2396.836196530735,8081.256623758014,8.578410766565556,0.03042297165873163,400.0,2400.0,102.0,643.1246871298732,40.0,24.5,1650.0,1452.4032695144185,15.2,22.0,560.0,2400.0,9149.124513706392,0.7594153544895171,-1.8760316476947572,0.6332531432970843,0.07885872374973309,0.7447757229226796,0.44552252627941374,0.35494724141344614,0.3548592906639519,-0.800063643812028,0.7092272589719937,0.5152470624092854,0.38979700220054125,-0.2755650718024784,-2.6698184123560313,-0.4723401892115653,-1.106976458434675,0.4237964251410577,0.3400916025288517,0.48680931012541834,0.5314953783898292,0.7490127575746718,0.106317613931002,0.8370457568419399,1.8879080344915438,-0.29466985398366885,0.9898323314205133,1.0257968987307335,0.10426046945162352,0.7244089181002537,2.5141431727763397,-0.06115853945786977,0.7490614640929881,1.875928130639066,0.4387225604724211,0.42973565844509504,2.989169072646721,0.44552252627941374,0.0,0.0,0.35494724141344614,0.0,0.0,0.3548592906639519,0.0,3.6494404831168703,0.2562706760144594,0.5905088365245073,0.23121795008262513,0.1609617072273169,0.7156061827490243,2.795099205477028,0.17510736784618686,0.3207508571908217,0.0,0.3566665231479996,0.04732650091184195,3.058299717733807,0.20749199760221773,0.27003711105018363,-0.6038213367558702,-0.19302209335559267,1.3884401767318721,0.4509373262364451,0.06696692760994535,0.5252295568846066,0.074404335929797,-0.4294153638107808,0.58117499137629,0.7822884585225334,0.3060475097609701,0.2632945790667463,1.6921801422351173,0.3400916025288517,0.0,3.5888619583281685,-0.04930087601063223,0.7477035525453233,1.7658182869822259,0.2133647743273746,0.657657460146842,0.9641778926806862,0.4773422877616561,0.39193476636871394,2.787128395400759,95
synthetic-fleet-01-unit-0002,61,0,527.0992353483159,1.3305216471342018,48.33840372238349,530.0,2400.0,8300.0,8.7,0.030519027273713948,396.2460935354432,2390.9147239775407,102.0,660.0,40.0,24.260821156528234,1646.09089869476,1419.4711840488162,15.00872252835172,22.0,553.2814852298236,2394.4803341593324,9250.0,-0.7126362014658546,0.5328216398036902,0.4570862468529794,-1.1383676489517034,-0.042858257863537426,0.44552252627941374,-1.3741401657543233,-0.652325307946528,0.5203542559710809,-0.20217033754711985,0.19360294199128947,0.38979700220054125,0.32825626495339183,0.4859783870088814,0.623112209534675,-0.9989141202178835,-0.8116920830040937,-1.3614964235293134,0.48680931012541834,0.5314953783898292,0.1962732848273387,0.110353420183009,0.8320219911370186,0.4158564785361719,-0.1521978119130966,1.059371007167442,3.434650186229181,0.33606804936174794,0.5711627165861373,2.3379762763322347,-0.02324946434161741,0.6694959593220677,0.6587017579376295,0.2811957643151777,0.4338401299333823,2.201535091860504,0.44552252627941374,0.0,0.0,0.00912975997989216,0.773271396293198,-1.7290874071677695,0.1534223709418559,0.45042664567677465,2.6422558845063904,0.2562706760144593,0.5905088365245073,1.5516358498657339,0.1428197239922799,0.725323073389978,1.8837016089579146,0.25019606356508334,0.25311221236978854,-0.32164412041799595,0.37704483476210876,0.028514713252794394,3.058299717733807,0.20749199760221773,0.27003711105018363,0.0,-0.19302209335559267,1.3884401767318721,3.606734125601358,0.26673076911572335,0.5042999499386283,1.1698567346760373,-0.5259252981446858,0.6366426264969586,0.8903507967393249,0.05894980813193984,0.5494285123820518,0.4566916340899658,-0.0002260026827814343,0.7609732991931482,1.8872739322700032,-0.04930087601063223,0.7477035525453233,1.7658182869822259,0.2133647743273746,0.657657460146842,0.9641778926806862,0.537533814999589,0.2900780586145533,2.2343889226534257,94
synthetic-fleet-01-unit-0002,62,0,517.9334941306994,1.3115849741216838,48.5,530.0,2400.0,8300.0,8.630179498102938,0.03216820106840145,399.4608380493831,2400.0,100.64100211243087,648.2641959153045,40.0,23.830638399447366,1604.944350498836,1440.9056761616002,15.016310909855108,22.0,560.0,2400.0,9250.0,-1.7585000696293103,-1.142396500945603,-1.3972171157503654,-0.3461120503078394,-0.011611153435956627,0.44552252627941374,0.35494724141344614,0.3548592906639519,0.5203542559710809,-1.0882225817274689,0.5152470624092854,0.38979700220054125,0.32825626495339183,0.4859783870088814,-0.00593227182591864,0.8564024733263159,0.24634703999902033,0.3400916025288517,-1.1201265897270791,0.5314953783898292,-0.7978739686773029,-0.06515297300931051,1.1319148496485412,-0.6300073896272838,-0.283992645845858,1.1481509149042308,1.7594320454798877,-0.07002600244774193,0.9214531979755334,0.48367291372889,-0.11668073977879419,0.6768810629049737,1.4509573565814935,0.25604630572424847,0.44931434705313716,2.2327821962880847,0.44552252627941374,0.0,0.0,0.00912975997989216,0.773271396293198,0.0,0.15342237094185587,0.45042664567677465,3.6494404831168703,0.2562706760144593,0.5905088365245073,1.5516358498657339,-0.21667024414761257,0.81437962891876,0.9976493647775655,0.35356046557148907,0.22896809827243114,0.0,0.38979700220054125,0.0,3.058299717733807,0.20749199760221773,0.27003711105018363,0.0,-0.19302209335559267,1.3884401767318721,3.606734125601358,0.14373630321434977,0.47402664737283073,0.5408122533154437,-0.32715456478903526,0.8921356750883274,2.7456673902835242,0.14120884648361992,0.5382010405017467,1.51473075709308,-0.0002260026827814121,0.7609732991931482,3.5888619583281685,-0.0624741725019506,0.770081064550234,0.15888238712972846,0.5117857529734147,0.04407206224215852,0.9641778926806862,0.32908751777481027,0.6739238520565015,1.240241669148784,93
synthetic-fleet-01-unit-0002,63,0,537.4729479402745,1.3275486598110362,48.5,530.0,2400.0,8300.0,8.7,0.03122991127144524,400.0,2400.0,102.0,660.0,39.403204643833746,24.235766190165087,1608.641177755832,1470.0,14.955989064124802,22.0,559.659345392704,2400.0,9250.0,0.47106415849947403,0.5328216398036902,-1.2306165255630634,0.7292640691002898,-0.26000180326792804,0.44552252627941374,0.2672758420315764,0.3548592906639519,0.5203542559710809,-0.34127724866446907,0.5152470624092854,0.38979700220054125,0.32825626495339183,0.4859783870088814,0.623112209534675,-0.19917131486617676,0.4237964251410577,0.3400916025288517,0.48680931012541834,-0.8405651291397169,0.13837155448929275,-0.09624828072333132,1.110087721252996,1.5995568385015004,-0.283992645845858,1.1481509149042308,3.434650186229181,-0.18084822157325617,1.0385144714154275,0.650273503916192,2.2012947024196983e-05,0.7764223716777835,2.526333475989623,0.05509080048612693,0.3978275889134914,1.9843915464561133,0.44552252627941374,0.0,0.0,-0.008404519896481787,0.7644126869140453,-0.08767139938186974,0.15342237094185587,0.45042664567677465,3.6494404831168703,0.2562706760144593,0.5905088365245073,1.5516358498657339,-0.37846992768864385,0.7192176880385948,1.7445946978405653,0.35356046557148907,0.22896809827243114,0.0,0.38979700220054125,0.0,3.058299717733807,0.20749199760221773,0.27003711105018363,0.0,-0.19302209335559267,1.3884401767318721,3.606734125601358,0.2782128335133084,0.5002337002715486,1.1698567346760373,-0.44562205979681585,0.8079246994066817,1.6900936020910318,0.14120884648361995,0.5382010405017467,1.6921801422351173,-0.0002260026827814121,0.7609732991931482,3.5888619583281685,-0.06247417250195059,0.770081064550234,1.7658182869822259,0.23737365146750547,0.6040951536047052,-0.4078826148488599,0.20695927715773443,0.632880768654834,2.17648719231538,92
synthetic-fleet-01-unit-0002,64,0,539.8995066953065,1.3414294688392125,48.5,530.0,2400.0,8269.433342478711,8.7,0.03110555151598815,400.0,2400.0,102.0,656.6361678230888,39.78995562308102,24.05084771561852,1625.7642483866437,1468.696684183295,15.146946413704539,22.0,558.3452911611456,2400.0,9250.0,0.7479484895763716,0.052654056523521287,-0.45895112856254067,0.6810912807201174,0.5263139929092457,0.44552252627941374,-0.07091119808764117,0.3548592906639519,0.5203542559710809,0.30820970093455613,0.5152470624092854,0.38979700220054125,0.32825626495339183,0.04499515985847132,0.623112209534675,-0.33907574374558297,0.4237964251410577,0.3400916025288517,0.48680931012541834,0.04859350688314495,-0.28897284871322637,-0.09854165370596044,1.107887700544066,1.8764411695783982,-0.38002616250189175,1.0808602288166198,2.954482602949012,-0.39928907594518115,0.9340834263671948,1.4219389009167147,0.0009468748621195289,0.7774316828752879,2.47816068760945,0.19132370025290063,0.42374700354355066,2.770707342633287,0.44552252627941374,0.0,0.0,-0.09357620779669926,0.737041132490787,-0.4258584395010873,0.15342237094185587,0.45042664567677465,3.6494404831168703,0.2562706760144593,0.5905088365245073,1.5516358498657339,-0.12284664160650158,0.6826623307079822,2.3940816474395907,0.4509182383256861,0.1438436235635549,0.0,0.38979700220054125,0.0,3.058299717733807,0.20749199760221773,0.27003711105018363,0.0,-0.233377618294183,1.3753321720298979,3.165750898450948,0.2782128335133084,0.5002337002715486,1.1698567346760373,-0.35754703278760047,0.7861446534838125,1.5501891732116255,0.14120884648361995,0.5382010405017467,1.6921801422351173,-0.0002260026827814121,0.7609732991931482,3.5888619583281685,0.16542213015491883,0.7186435815109958,1.7658182869822259,0.1605029025825831,0.5974042116312337,0.481276021174002,-0.0006378440998452195,0.57853179329211,1.7491427891128606,91
synthetic-fleet-01-unit-0002,65,0,540.0,1.301504915141603,48.5,530.0,2400.0,8195.287613971332,8.662976516283273,0.03147167613861397,399.62841160365923,2400.0,102.0,660.0,39.382420008287625,24.489952740561762,1650.0,1470.0,15.062348782231217,22.0,560.0,2400.0,9250.0,0.7594153544895171,0.5328216398036902,0.6332531432970843,0.7292640691002898,0.17796157760264386,0.44552252627941374,0.35494724141344614,0.3548592906639519,0.5203542559710809,-1.5598713700265998,0.5152470624092854,0.38979700220054125,0.32825626495339183,-1.0247005572420824,0.2895508990318192,0.07281358523293645,0.3014989737331124,0.3400916025288517,0.48680931012541834,-0.8883499808507338,0.7257936600832877,-0.09854165370596044,1.107887700544066,1.8879080344915438,0.10174449499779772,0.7259096368107115,3.434650186229181,-0.39928907594518115,0.9340834263671948,2.5141431727763397,0.13102794393223088,0.8451878996304559,2.526333475989623,0.0779608711888935,0.29489822053804693,2.422354927326685,0.44552252627941374,0.0,0.0,-0.09357620779669926,0.737041132490787,0.0,0.15342237094185587,0.45042664567677465,3.6494404831168703,0.5203542559710809,0.0,1.5516358498657339,-0.5766663674062202,0.7428059651606375,0.5260005764784346,0.4509182383256861,0.1438436235635549,0.0,0.38979700220054125,0.0,3.058299717733807,0.32825626495339183,0.0,0.0,0.09564595272860679,0.654755685919445,2.096055181350394,0.4305910511619853,0.2835657442678774,0.8362954241731815,-0.12158902405407816,0.674032371792076,1.9620785021901448,0.11674935620203089,0.5247588236386932,1.569882690827172,-0.0002260026827814121,0.7609732991931482,3.5888619583281685,0.16542213015491883,0.7186435815109958,1.7658182869822259,-0.12346616926552952,0.7047751331893642,-0.4556674665598768,-0.005281663598122033,0.5710549500223863,2.7639092979093745,90
synthetic-fleet-01-unit-0002,66,0,536.0746589206171,1.337586884606241,48.5,530.0,2400.0,8283.37470829433,8.613540109348293,0.03046754878216283,400.0,2400.0,102.0,660.0,39.753109697856665,24.287229182628582,1635.7656908660306,1452.6361245507755,15.2,22.0,560.0,2400.0,9250.0,0.31151132712577717,0.5328216398036902,-0.008227818016450457,0.08746544534852681,0.7447757229226796,0.44552252627941374,0.35494724141344614,0.3548592906639519,0.5203542559710809,0.12841410638499068,0.5152470624092854,0.38979700220054125,0.32825626495339183,0.2461263592372133,-0.1558440511018011,-1.05682730068017,0.4237964251410577,0.3400916025288517,0.48680931012541834,-0.03611700291117267,0.2573019201829049,0.10628785201236593,1.059589110162964,1.4400040071278037,0.10174449499779772,0.7259096368107115,3.434650186229181,-0.4923518889190671,0.8465066697636822,1.8726622114628049,0.3761945627922769,0.48666454251371405,1.8845348522378598,0.23548766734613688,0.4042991370618916,2.989169072646721,0.44552252627941374,0.0,0.0,0.2522412736368546,0.18459354381941767,0.0,0.3548592906639519,0.0,3.6494404831168703,0.5203542559710809,0.0,1.5516358498657339,-0.5105494786197982,0.7971945795632855,2.2142860528900252,0.5152470624092854,0.0,0.0,0.38979700220054125,0.0,3.058299717733807,0.32825626495339183,0.0,0.0,0.047675547174273164,0.6272159072883049,3.3668820978296896,0.27479979903469004,0.3560636483965347,0.3909004740395612,-0.13317166014653548,0.6931051643344006,0.8324376162770384,0.3638470578310612,0.08437315583735981,1.6921801422351173,0.3400916025288517,0.0,3.5888619583281685,0.16542213015491883,0.7186435815109958,1.7658182869822259,-0.23698864552572987,0.6125868179945607,0.3965655113796844,0.006924063472991205,0.5770606263968512,2.295417558008992,89
synthetic-fleet-01-unit-0002,67,0,540.0,1.35,48.5,524.0179247298224,2400.0,8300.0,8.7,0.03056483486427695,400.0,2400.0,102.0,660.0,40.0,24.5,1633.110557300228,1424.1556538564018,15.085935419259464,22.0,560.0,2400.0,9174.400339318681,0.7594153544895171,0.5328216398036902,-0.12788361698615325,-0.965221608811832,0.27508559673479904,0.44552252627941374,0.35494724141344614,0.3548592906639519,-0.4692136643321524,0.7092272589719937,0.5152470624092854,-1.2562459997196513,0.32825626495339183,0.4859783870088814,0.623112209534675,-0.9473806898689479,0.4237964251410577,0.3400916025288517,0.48680931012541834,0.5314953783898292,0.7490127575746718,0.6098709368361315,0.20741158037343602,1.8879080344915438,0.43678812314765636,0.21473747136125076,3.434650186229181,-0.23848518916622474,0.6815623053173328,1.7530064124931022,0.25237265109147833,0.7328677712908026,0.8318477980775009,0.29282701738028805,0.38009943843165384,2.5194789464588405,0.44552252627941374,0.0,0.0,0.2522412736368546,0.18459354381941767,0.0,0.3548592906639519,0.0,3.6494404831168703,0.32244067191043446,0.4425482276302248,0.5620679295625007,-0.15105951047990568,0.8732211461437273,2.795099205477028,0.5152470624092854,0.0,0.0,0.060588401816502734,0.7361328092362736,1.4122567158136143,0.32825626495339183,0.0,0.0,0.047675547174273164,0.6272159072883048,3.606734125601358,0.4006086953068088,0.34296389555986234,1.1698567346760373,-0.49392829278558825,0.48850069441754346,0.9418842270882606,0.39933693485946864,0.054693082964629,1.6921801422351173,0.3400916025288517,0.0,3.5888619583281685,0.48680931012541834,0.0,1.7658182869822259,-0.2369886455257299,0.6125868179945607,0.9641778926806862,0.31630140872338613,0.43486202258295253,2.787128395400759,88
synthetic-fleet-01-unit-0002,68,0,530.5704883758644,1.35,48.5,530.0,2400.0,8300.0,8.7,0.03131697544709401,398.68606489415833,2400.0,102.0,660.0,40.0,24.139596143373762,1643.9150109783445,1425.612359797559,14.750342700545666,22.0,560.0,2400.0,9065.214793111649,-0.31654623639153195,0.5328216398036902,0.3590280600523631,-0.911379258296269,-1.1068033768368362,0.44552252627941374,0.35494724141344614,0.3548592906639519,-1.8984067706705903,0.7092272589719937,0.5152470624092854,0.38979700220054125,0.32825626495339183,0.4859783870088814,0.623112209534675,-0.10122432449757225,-0.008646881329958134,0.3400916025288517,0.48680931012541834,0.5314953783898292,-0.08387628393124233,0.4523488578579302,0.4709017108173649,0.8119464436104946,0.43678812314765636,0.21473747136125076,3.434650186229181,0.07944372795686058,0.4258556729497093,2.2399180895316184,-0.07575601438783337,0.8271837246455586,0.8856901485930639,0.12346670266650643,0.722466830875571,1.1375899728872052,0.44552252627941374,0.0,0.0,0.26977555351322857,0.19044968390328235,0.0,0.3548592906639519,0.0,3.6494404831168703,-0.16131153341789978,1.0614033553246176,-0.8671251767759371,0.05904139104738686,0.9398482954646573,2.795099205477028,0.5152470624092854,0.0,0.0,0.060588401816502734,0.7361328092362736,3.058299717733807,0.32825626495339183,0.0,0.0,0.047675547174273164,0.6272159072883049,3.606734125601358,0.40060869530680876,0.34296389555986234,1.1698567346760373,-0.4743388947118673,0.5049623059888249,1.788040592459636,0.31284827356526546,0.18736089389333557,1.2597368357641014,0.3400916025288517,0.0,3.5888619583281685,0.48680931012541834,0.0,1.7658182869822259,0.037423455980179335,0.5811203736103175,0.9641778926806862,0.2718518410392791,0.46771365360491723,1.9542393538948446,87
synthetic-fleet-01-unit-0002,69,0,531.5901877407825,1.3285430955157076,48.5,530.0,2400.0,8300.0,8.7,0.03109483158402224,400.0,2400.0,100.925358078058,660.0,40.0,24.278026212500667,1636.9497108300484,1452.4388576704732,15.2,22.0,560.0,2400.0,9250.0,-0.20019266532328991,0.5328216398036902,0.045131024873928456,0.08017412304780798,0.7447757229226796,0.44552252627941374,0.35494724141344614,0.3548592906639519,0.5203542559710809,-0.29474732298878714,0.5152470624092854,0.38979700220054125,0.32825626495339183,0.4859783870088814,0.623112209534675,-0.3511356416908971,0.4237964251410577,0.3400916025288517,-0.7838922116731173,0.5314953783898292,0.2360339652819766,0.2627206268779979,0.5112804153015205,0.9283000146787366,0.5328216398036902,0.0,3.434650186229181,0.18026015864415443,0.31060456907355727,1.926021054353184,-0.19593944592229523,0.7273595656285619,1.8772435299371408,0.1671590486691932,0.7586216350660648,2.989169072646721,0.44552252627941374,0.0,0.0,0.35494724141344614,0.0,0.0,0.3548592906639519,0.0,3.6494404831168703,-0.1613115334178998,1.0614033553246176,1.5516358498657339,-0.06155001373728179,0.9385666527928278,1.7911246235162472,0.5152470624092854,0.0,0.0,0.060588401816502734,0.7361328092362736,3.058299717733807,0.32825626495339183,0.0,0.0,0.13587219260435518,0.6570403585449084,3.606734125601358,0.4006086953068088,0.34296389555986234,1.1698567346760373,-0.47675087430093016,0.5041828922117789,1.5381292752663114,0.31284827356526546,0.18736089389333557,1.6921801422351173,0.3400916025288517,0.0,3.5888619583281685,0.2326690057657112,0.5682749963707913,0.4951167651836903,0.13400383028151616,0.6221227783716492,0.9641778926806862,0.3768532038383197,0.3558990038316118,2.2741496031080635,86
synthetic-fleet-01-unit-0002,70,0,540.0,1.3441129062672104,48.5,530.0,2400.0,8300.0,8.7,0.0315515583557424,400.0,2400.0,102.0,660.0,40.0,24.5,1650.0,1470.0,15.2,22.0,560.0,2400.0,9194.616083834184,0.7594153544895171,0.5328216398036902,0.6332531432970843,0.7292640691002898,0.7447757229226796,0.44552252627941374,0.35494724141344614,0.3548592906639519,-0.20459802879490513,0.4337684912048039,0.5152470624092854,0.38979700220054125,0.32825626495339183,0.4859783870088814,0.623112209534675,0.1626808893611587,0.4237964251410577,0.3400916025288517,0.48680931012541834,0.5314953783898292,0.7490127575746718,0.2627206268779979,0.5112804153015205,1.8879080344915438,0.5328216398036902,0.0,3.434650186229181,0.18026015864415443,0.31060456907355727,2.5141431727763397,-0.19593944592229523,0.7273595656285619,2.526333475989623,0.2805218777332003,0.8017630281820437,2.989169072646721,0.44552252627941374,0.0,0.0,0.35494724141344614,0.0,0.0,0.3548592906639519,0.0,3.6494404831168703,-0.306301990371097,0.9922704570829797,0.8266835650997479,0.33717795850899895,0.42693178679567106,2.519640437709838,0.5152470624092854,0.0,0.0,0.060588401816502734,0.7361328092362736,3.058299717733807,0.32825626495339183,0.0,0.0,0.43800798145454795,0.10726508772772267,3.606734125601358,0.4673209574073799,0.3483598300564379,1.1698567346760373,-0.4587774134752857,0.5296315261394333,2.051945806318367,0.33730776384685457,0.19339452593679332,1.6921801422351173,0.3400916025288517,0.0,3.5888619583281685,0.23266900576571117,0.5682749963707913,1.7658182869822259,0.41797290212962873,0.25384397389191393,0.9641778926806862,0.3814970233365965,0.3616945775956788,2.787128395400759,85
synthetic-fleet-01-unit-0002,71,0,540.0,1.342116303597679,48.5,530.0,2400.0,8300.0,8.677747225164381,0.03161320700021375,400.0,2400.0,102.0,660.0,39.72920232584479,24.3319419062798,1632.7026654045137,1470.0,15.16118151141978,22.0,560.0,2400.0,9250.0,0.7594153544895171,0.5328216398036902,-0.14626560398054853,0.7292640691002898,0.5849306537408627,0.44552252627941374,0.35494724141344614,0.3548592906639519,0.5203542559710809,0.34034689201970875,0.5152470624092854,0.38979700220054125,0.32825626495339183,0.4859783870088814,0.42262689612425175,0.23203546765099461,0.4237964251410577,0.3400916025288517,0.48680931012541834,-0.09108117218191224,0.3606324946489852,0.3523014323507459,0.5589794649055235,1.8879080344915438,0.5328216398036902,0.0,3.434650186229181,0.1526526014513348,0.3365936955584365,1.7346244254987069,-0.06757972117194262,0.8380796304602368,2.526333475989623,0.24855286389683698,0.78155594718924,2.829324003464904,0.44552252627941374,0.0,0.0,0.35494724141344614,0.0,0.0,0.3548592906639519,0.0,3.6494404831168703,-0.30630199037109695,0.9922704570829797,1.5516358498657339,0.37956451563594257,0.41125648851013263,2.426218838524743,0.5152470624092854,0.0,0.0,0.060588401816502734,0.7361328092362736,3.058299717733807,0.32825626495339183,0.0,0.0,0.4859783870088814,0.0,3.606734125601358,0.5830151468525905,0.08965975785521134,0.969371421265614,-0.20100485980905275,0.4768027726296548,2.1213003846082032,0.33730776384685457,0.19339452593679332,1.6921801422351173,0.3400916025288517,0.0,3.5888619583281685,0.23266900576571117,0.5682749963707913,1.7658182869822259,0.4069800682754809,0.2784246976551499,0.34160134210894477,0.4021631382298126,0.3557271894424743,2.398748132475072,84
synthetic-fleet-01-unit-0002,72,0,540.0,1.35,48.5,530.0,2400.0,8300.0,8.7,0.03147762604248944,400.0,2390.242825472461,102.0,660.0,40.0,23.85963528816009,1650.0,1470.0,15.032814889075537,22.0,558.3641422284593,2400.0,9250.0,0.7594153544895171,0.5328216398036902,0.6332531432970843,0.7292640691002898,0.05634820811448515,0.44552252627941374,-0.06605965809424266,0.3548592906639519,0.5203542559710809,0.7092272589719937,0.5152470624092854,0.38979700220054125,0.32825626495339183,0.4859783870088814,0.623112209534675,0.07950721293045643,0.4237964251410577,-1.4873367885489124,0.48680931012541834,0.5314953783898292,-0.7308625025052322,0.35230143235074596,0.5589794649055235,1.8879080344915438,0.5328216398036902,0.0,3.434650186229181,0.3048799535079823,0.3498541628146906,2.5141431727763397,0.27131741441048174,0.7184101532358307,2.526333475989623,0.2048053861727742,0.7858098098624049,2.3007415578385264,0.44552252627941374,0.0,0.0,0.27074586151190827,0.18828000925912297,-0.42100689950768877,0.3548592906639519,0.0,3.6494404831168703,-0.10838840631045035,1.048734242113291,1.5516358498657339,0.37956451563594257,0.41125648851013263,2.795099205477028,0.5152470624092854,0.0,0.0,0.38979700220054125,0.0,3.058299717733807,0.32825626495339183,0.0,0.0,0.4859783870088814,0.0,3.606734125601358,0.5830151468525905,0.08965975785521134,1.1698567346760373,0.0043727207508280795,0.23456018748989194,1.9687721298876648,0.3373077638468545,0.19339452593679332,1.6921801422351173,-0.025394075686701267,0.8172508212925901,1.7614335672504042,0.23266900576571117,0.5682749963707913,1.7658182869822259,0.4069800682754809,0.2784246976551499,0.9641778926806862,0.1061880862138318,0.5548881915031716,1.3072531353208547,83
synthetic-fleet-01-unit-0002,73,0,538.0324138890713,1.3353440191041595,48.5,530.0,2400.0,8300.0,8.7,0.030896939949492015,400.0,2400.0,102.0,656.8724552007043,40.0,24.5,1650.0,1470.0,15.2,22.0,560.0,2400.0,9250.0,0.534902445815486,0.0863827127412631,0.6332531432970843,0.7292640691002898,0.7447757229226796,0.44552252627941374,0.35494724141344614,0.3548592906639519,0.5203542559710809,0.023469800159687696,0.5152470624092854,0.38979700220054125,0.32825626495339183,0.4859783870088814,0.623112209534675,-0.5737632595018399,0.4237964251410577,0.3400916025288517,0.48680931012541834,0.5314953783898292,0.7490127575746718,0.5225911687921496,0.4155794518483254,1.6633951258175124,0.44353385439120474,0.19965355774273152,2.988211259166754,0.35972497015692656,0.3806076707151623,2.5141431727763397,0.5994460798897935,0.29028184857699674,2.526333475989623,0.5751212061246773,0.2981482910972785,2.989169072646721,0.44552252627941374,0.0,0.0,0.27074586151190827,0.18828000925912297,0.0,0.3548592906639519,0.0,3.6494404831168703,0.37536379901788397,0.3242085178361058,1.5516358498657339,0.2424130238734814,0.387492213131329,2.109341746664722,0.5152470624092854,0.0,0.0,0.38979700220054125,0.0,3.058299717733807,0.32825626495339183,0.0,0.0,0.4859783870088814,0.0,3.606734125601358,0.5830151468525905,0.08965975785521134,1.1698567346760373,-0.09013506625002546,0.3530247133345269,1.3155016574553686,0.4237964251410577,0.0,1.6921801422351173,-0.025394075686701247,0.8172508212925901,3.5888619583281685,0.23266900576571117,0.5682749963707913,1.7658182869822259,0.40698006827548083,0.2784246976551499,0.9641778926806862,0.27276589451501465,0.6062099229017208,2.787128395400759,82
synthetic-fleet-01-unit-0002,74,0,535.9941009004741,1.35,48.31808257126154,530.0,2400.0,8300.0,8.7,0.03060080598305325,400.0,2400.0,102.0,660.0,40.0,24.5,1647.813013496365,1470.0,15.2,22.0,560.0,2400.0,9250.0,0.3023191930083044,0.5328216398036902,0.5346947804339741,0.7292640691002898,0.7447757229226796,0.44552252627941374,0.35494724141344614,0.3548592906639519,0.5203542559710809,0.7092272589719937,0.1531553594423194,0.38979700220054125,0.32825626495339183,0.4859783870088814,0.623112209534675,-0.9069132668665919,0.4237964251410577,0.3400916025288517,0.48680931012541834,0.5314953783898292,0.7490127575746718,0.6230935404584683,0.20397595575125246,1.430811873010331,0.44353385439120474,0.19965355774273152,3.434650186229181,0.45763772126893565,0.3402790567963811,2.4155848099132298,0.7292640691002898,0.0,2.526333475989623,0.5751212061246773,0.2981482910972785,2.989169072646721,0.44552252627941374,0.0,0.0,0.27074586151190827,0.18828000925912297,0.0,0.3548592906639519,0.0,3.6494404831168703,0.3753637990178839,0.3242085178361058,1.5516358498657339,0.4432079402656376,0.2865231930203961,2.795099205477028,0.4428287218158921,0.16193233238455967,-0.362091702966966,0.38979700220054125,0.0,3.058299717733807,0.32825626495339183,0.0,0.0,0.4859783870088814,0.0,3.606734125601358,0.5830151468525905,0.08965975785521134,1.1698567346760373,-0.2012905912851644,0.508854932125179,0.9823516500906165,0.4237964251410577,0.0,1.6921801422351173,-0.025394075686701247,0.8172508212925901,3.5888619583281685,0.48680931012541834,0.0,1.7658182869822259,0.4069800682754809,0.2784246976551499,0.9641778926806862,0.37536165297355367,0.6408576819736597,2.787128395400759,81
synthetic-fleet-01-unit-0002,75,0,527.5448662465059,1.3472537167881697,48.5,530.0,2400.0,8300.0,8.7,0.031282168219865854,400.0,2400.0,102.0,660.0,40.0,24.5,1650.0,1470.0,15.2,22.0,560.0,2400.0,9250.0,-0.6617871491209854,0.5328216398036902,0.6332531432970843,0.7292640691002898,0.7447757229226796,0.44552252627941374,0.35494724141344614,0.3548592906639519,0.5203542559710809,0.5807278968407185,0.5152470624092854,0.38979700220054125,0.32825626495339183,0.4859783870088814,0.623112209534675,-0.1403823722786439,0.4237964251410577,0.3400916025288517,0.48680931012541834,0.5314953783898292,0.7490127575746718,0.33885303973636793,0.5905074513328035,0.46670553088104116,0.44353385439120474,0.19965355774273152,3.434650186229181,0.45763772126893565,0.3402790567963811,2.5141431727763397,0.7292640691002898,0.0,2.526333475989623,0.5751212061246773,0.2981482910972785,2.989169072646721,0.44552252627941374,0.0,0.0,0.27074586151190827,0.18828000925912297,0.0,0.3548592906639519,0.0,3.6494404831168703,0.5203542559710809,0.0,1.5516358498657339,0.4725998213928205,0.2927820786998755,2.666599843345753,0.44282872181589206,0.16193233238455967,0.0,0.38979700220054125,0.0,3.058299717733807,0.32825626495339183,0.0,0.0,0.4859783870088814,0.0,3.606734125601358,0.5830151468525905,0.08965975785521134,1.1698567346760373,-0.2619032436131249,0.47132750611968316,1.7488825446785645,0.4237964251410577,0.0,1.6921801422351173,-0.025394075686701247,0.8172508212925901,3.5888619583281685,0.48680931012541834,0.0,1.7658182869822259,0.40698006827548083,0.2784246976551499,0.9641778926806862,0.3753616529735536,0.6408576819736597,2.787128395400759,80
synthetic-fleet-01-unit-0002,76,0,531.2143468503515,1.35,48.5,530.0,2400.0,8300.0,8.685040823792841,0.031894687861876846,400.0,2400.0,102.0,660.0,40.0,24.221015965083453,1650.0,1460.8264117517033,15.2,22.0,560.0,2400.0,9250.0,-0.24307827578812824,0.5328216398036902,0.6332531432970843,0.3901925104589762,0.7447757229226796,0.44552252627941374,0.35494724141344614,0.3548592906639519,0.5203542559710809,0.7092272589719937,0.5152470624092854,0.38979700220054125,0.32825626495339183,0.4859783870088814,0.4883382250582072,0.5487007670214696,0.4237964251410577,0.3400916025288517,0.48680931012541834,0.5314953783898292,0.104283959131012,0.1383543136808388,0.582144505248986,0.8854144042138983,0.44353385439120474,0.19965355774273152,3.434650186229181,0.6135414707244622,0.04407663982264961,2.5141431727763397,0.6614497573720272,0.15163741087175672,2.187261917348309,0.6070902199610406,0.3078741441384738,2.989169072646721,0.44552252627941374,0.0,0.0,0.27074586151190827,0.18828000925912297,0.0,0.3548592906639519,0.0,3.6494404831168703,0.5203542559710809,0.0,1.5516358498657339,0.5463758947832774,0.29756198694315195,2.795099205477028,0.4428287218158921,0.16193233238455967,0.0,0.38979700220054125,0.0,3.058299717733807,0.32825626495339183,0.0,0.0,0.4859783870088814,0.0,3.606734125601358,0.5961574126393816,0.06027275817757672,1.0350827501995694,-0.19857018373902993,0.5660491368482405,2.4379656839786783,0.4237964251410577,0.0,1.6921801422351173,-0.025394075686701247,0.8172508212925901,3.5888619583281685,0.48680931012541834,0.0,1.7658182869822259,0.5314953783898292,0.0,0.9641778926806862,0.32409194586995904,0.6524794111388129,2.142399596957099,79
synthetic-fleet-01-unit-0002,77,0,535.4913051157339,1.35,48.5,522.2823082457984,2400.0,8300.0,8.574486986843349,0.032152031520321346,400.0,2400.0,101.62344967503513,660.0,40.0,23.84442950096572,1650.0,1470.0,15.2,22.0,560.0,2400.0,9250.0,0.2449472978347872,0.5328216398036902,0.6332531432970843,0.7292640691002898,0.7447757229226796,0.44552252627941374,0.35494724141344614,0.3548592906639519,0.5203542559710809,0.7092272589719937,0.5152470624092854,-1.7338226329973345,0.32825626495339183,0.4859783870088814,-0.5076912954520792,0.8382117702240908,0.4237964251410577,0.3400916025288517,0.04156046844435367,0.5314953783898292,-0.76600289650716,0.03546070234989283,0.4817360977659898,1.3734399778368136,0.44353385439120474,0.19965355774273152,3.434650186229181,0.6135414707244622,0.04407663982264961,2.5141431727763397,0.6614497573720272,0.15163741087175672,2.526333475989623,0.7447757229226796,0.0,2.989169072646721,0.44552252627941374,0.0,0.0,0.35494724141344614,0.0,0.0,0.3548592906639519,0.0,3.6494404831168703,0.5203542559710809,0.0,1.5516358498657339,0.5463758947832774,0.29756198694315195,2.795099205477028,0.4428287218158921,0.16193233238455967,0.0,-0.0349269248390339,0.9497115725311511,0.9346800825359312,0.32825626495339183,0.0,0.0,0.4859783870088814,0.0,3.606734125601358,0.36999671164203074,0.4941010315246228,0.03905322968928304,-0.04682927228030307,0.7355456752948852,2.727476687181299,0.4237964251410577,0.0,1.6921801422351173,0.3400916025288517,0.0,3.5888619583281685,0.39775954178920536,0.19912133538038046,1.3205694453011612,0.5314953783898292,0.0,0.9641778926806862,0.31706386706957346,0.6667174130793116,1.272112741318927,78
synthetic-fleet-01-unit-0002,78,0,537.9195514658711,1.35,48.5,530.0,2400.0,8300.0,8.7,0.031145288955579605,400.0,2400.0,102.0,658.4500162785355,40.0,24.5,1623.4178179486842,1447.1824602817667,15.2,21.996329891963146,560.0,2400.0,9250.0,0.5220241932338378,0.3115704303148067,-0.564694964728466,-0.11411134161295702,0.7447757229226796,0.4229254261055269,0.35494724141344614,0.3548592906639519,0.5203542559710809,0.7092272589719937,0.5152470624092854,0.38979700220054125,0.32825626495339183,0.4859783870088814,0.623112209534675,-0.29437121879103945,0.4237964251410577,0.3400916025288517,0.48680931012541834,0.5314953783898292,0.7490127575746718,0.03288505183356318,0.47842122581218144,1.6505168732358642,0.48857139790591353,0.09894654890423803,3.2133989767402973,0.3739518491193522,0.5264521855308975,1.3161950647507894,0.49277467522937773,0.36966722812822844,1.6829580652763758,0.7447757229226796,0.0,2.989169072646721,0.44100310624463634,0.010105730416636661,-0.02259710017388683,0.35494724141344614,0.0,0.0,0.3548592906639519,0.0,3.6494404831168703,0.5203542559710809,0.0,1.5516358498657339,0.6835273865457386,0.05746666175817717,2.795099205477028,0.4428287218158921,0.16193233238455967,0.0,-0.0349269248390339,0.9497115725311511,3.058299717733807,0.32825626495339183,0.0,0.0,0.4859783870088814,0.0,3.606734125601358,0.36999671164203074,0.4941010315246228,1.1698567346760373,0.009049135861857027,0.6950027639676449,1.594893698166169,0.4237964251410577,0.0,1.6921801422351173,0.3400916025288517,0.0,3.5888619583281685,0.39775954178920536,0.19912133538038046,1.7658182869822259,0.5314953783898292,0.0,0.9641778926806862,0.31706386706957346,0.6667174130793118,2.787128395400759,77
synthetic-fleet-01-unit-0002,79,0,534.5572863698849,1.3301458245439048,48.5,530.0,2400.0,8300.0,8.7,0.03135751486234373,400.0,2400.0,102.0,660.0,40.0,23.86667882419307,1650.0,1470.0,15.2,21.457352335308684,560.0,2400.0,9250.0,0.13837037892796525,0.5328216398036902,0.6332531432970843,0.7292640691002898,0.7447757229226796,-2.895595368622513,0.35494724141344614,0.3548592906639519,0.5203542559710809,-0.21975518200877395,0.5152470624092854,0.38979700220054125,0.32825626495339183,0.4859783870088814,0.623112209534675,-0.05561757883640422,0.4237964251410577,0.3400916025288517,0.48680931012541834,0.5314953783898292,-0.7145849742061778,9.528901749535357e-05,0.4606256702313968,1.2668630589299918,0.48857139790591353,0.09894654890423803,3.434650186229181,0.39366352169197427,0.5357386806124821,2.5141431727763397,0.49277467522937773,0.36966722812822844,2.526333475989623,0.7447757229226796,0.0,2.989169072646721,-0.22722047273574902,1.4916990064143785,-3.341117894901927,0.35494724141344614,0.0,0.0,0.3548592906639519,0.0,3.6494404831168703,0.5203542559710809,0.0,1.5516358498657339,0.49773089834958517,0.4049280519228416,1.8661167644962604,0.5152470624092854,0.0,0.0,-0.0349269248390339,0.9497115725311511,3.058299717733807,0.32825626495339183,0.0,0.0,0.4859783870088814,0.0,3.606734125601358,0.36999671164203074,0.4941010315246228,1.1698567346760373,0.17930827346789457,0.4879470152528601,1.8336473381208043,0.4237964251410577,0.0,1.6921801422351173,0.3400916025288517,0.0,3.5888619583281685,0.39775954178920536,0.19912133538038046,1.7658182869822259,0.5314953783898292,0.0,0.9641778926806862,0.024344320713403533,0.7462144898108862,1.3235306636199091,76
synthetic-fleet-01-unit-0002,80,0,538.8379767910133,1.309601328557834,48.00139331186186,530.0,2400.0,8300.0,8.7,0.0318995052359247,400.0,2400.0,102.0,660.0,40.0,24.5,1650.0,1462.6503940811074,15.2,21.839978858428434,560.0,2400.0,9250.0,0.6268218130189437,0.5328216398036902,0.6332531432970843,0.4576100263345214,0.7447757229226796,-0.5397383242791649,0.35494724141344614,0.3548592906639519,0.5203542559710809,-1.1810379143017615,-0.47718860508368965,0.38979700220054125,0.32825626495339183,0.4859783870088814,0.623112209534675,0.5541203013586518,0.4237964251410577,0.3400916025288517,0.48680931012541834,0.5314953783898292,0.7490127575746718,0.25781708144548116,0.34325617067061687,1.75531449302097,0.48857139790591353,0.09894654890423803,3.434650186229181,0.39366352169197427,0.5357386806124821,2.5141431727763397,0.43844386667622415,0.3453858615868275,2.2546794332238544,0.7447757229226796,0.0,2.989169072646721,-0.4242726428474647,1.4449567622450932,-0.9852608505585787,0.35494724141344614,0.0,0.0,0.3548592906639519,0.0,3.6494404831168703,0.5203542559710809,0.0,1.5516358498657339,0.14537773612108912,0.8435756307003955,0.9048340322032729,0.31675992891069027,0.4438307231619341,-0.9924356674929751,-0.0349269248390339,0.9497115725311511,3.058299717733807,0.32825626495339183,0.0,0.0,0.4859783870088814,0.0,3.606734125601358,0.36999671164203074,0.4941010315246228,1.1698567346760373,0.3182088081953537,0.47280659717070705,2.44338521831586,0.4237964251410577,0.0,1.6921801422351173,0.3400916025288517,0.0,3.5888619583281685,0.39775954178920536,0.19912133538038046,1.7658182869822259,0.5314953783898292,0.0,0.9641778926806862,0.024344320713403533,0.7462144898108862,2.787128395400759,75
synthetic-fleet-01-unit-0002,81,0,540.0,1.35,48.5,530.0,2400.0,8300.0,8.7,0.03139122749594194,400.0,2400.0,102.0,660.0,40.0,24.5,1621.9085862342156,1470.0,14.911632230876691,22.0,560.0,2400.0,9250.0,0.7594153544895171,0.5328216398036902,-0.6327097452092235,0.7292640691002898,-0.44265242513793146,0.44552252627941374,0.35494724141344614,0.3548592906639519,0.5203542559710809,0.7092272589719937,0.5152470624092854,0.38979700220054125,0.32825626495339183,0.4859783870088814,0.623112209534675,-0.01769094628359089,0.4237964251410577,0.3400916025288517,0.48680931012541834,0.5314953783898292,0.7490127575746718,0.4583158075010102,0.2602907833976002,1.8879080344915438,0.48857139790591353,0.09894654890423803,3.434650186229181,0.14047094399071267,0.6751981606963843,1.248180284270032,0.5062581784044868,0.36620344957468026,2.526333475989623,0.5072900933105574,0.5310340114920423,1.80174092458611,-0.4242726428474647,1.4449567622450932,0.0,0.35494724141344614,0.0,0.0,0.3548592906639519,0.0,3.6494404831168703,0.5203542559710809,0.0,1.5516358498657339,0.14537773612108912,0.8435756307003955,2.795099205477028,0.31675992891069027,0.4438307231619341,0.0,-0.0349269248390339,0.9497115725311511,3.058299717733807,0.32825626495339183,0.0,0.0,0.4859783870088814,0.0,3.606734125601358,0.3969515085373243,0.505710701269081,1.1698567346760373,0.20493046553434163,0.47162657386643286,1.8715739706736176,0.4237964251410577,0.0,1.6921801422351173,0.3400916025288517,0.0,3.5888619583281685,0.39775954178920536,0.19912133538038046,1.7658182869822259,0.5314953783898292,0.0,0.9641778926806862,0.1532900804021355,0.8159294105648753,2.787128395400759,74
synthetic-fleet-01-unit-0002,82,0,530.9534257449718,1.35,48.5,530.0,2400.0,8300.0,8.7,0.032039030526944054,400.0,2400.0,102.0,660.0,39.10844952683596,24.28516558840931,1650.0,1465.0336058748358,15.2,22.0,560.0,2400.0,9214.641029361548,-0.272850876833572,0.5328216398036902,0.6332531432970843,0.5456976225509617,0.7447757229226796,0.44552252627941374,0.35494724141344614,0.3548592906639519,0.057520127835870356,0.7092272589719937,0.5152470624092854,0.38979700220054125,0.32825626495339183,0.4859783870088814,0.623112209534675,0.7110859216475345,0.4237964251410577,0.3400916025288517,0.48680931012541834,-1.5182209641697864,0.25253297839788524,0.3547561725673384,0.42025610558105236,0.8556418031684545,0.48857139790591353,0.09894654890423803,3.434650186229181,0.14047094399071264,0.6751981606963843,2.5141431727763397,0.46954488909462117,0.3469525833350238,2.3427670294402945,0.5072900933105574,0.5310340114920423,2.989169072646721,-0.4242726428474647,1.4449567622450932,0.0,0.35494724141344614,0.0,0.0,0.3548592906639519,0.0,3.6494404831168703,0.4277874303440391,0.20698571456343573,1.0888017217305235,0.14537773612108912,0.8435756307003955,2.795099205477028,0.31675992891069027,0.4438307231619341,0.0,0.38979700220054125,0.0,3.058299717733807,0.32825626495339183,0.0,0.0,0.4859783870088814,0.0,3.606734125601358,0.623112209534675,0.0,1.1698567346760373,0.17950529581903035,0.4305933230196158,2.6003508386047427,0.4237964251410577,0.0,1.6921801422351173,0.3400916025288517,0.0,3.5888619583281685,0.48680931012541834,0.0,1.7658182869822259,0.12155210987790607,0.9166610153111091,-1.0855384498789293,0.35699725538314453,0.6364412230939125,2.2906486162239723,73
synthetic-fleet-01-unit-0002,83,0,539.5011035644825,1.35,48.5,530.0,2400.0,8300.0,8.7,0.032612212027343365,400.0,2385.5051009821923,102.0,660.0,40.0,24.316803093707975,1650.0,1470.0,15.2,22.0,560.0,2400.0,9250.0,0.7024883975228022,0.5328216398036902,0.6332531432970843,0.7292640691002898,0.7447757229226796,0.44552252627941374,0.35494724141344614,0.3548592906639519,0.5203542559710809,0.7092272589719937,0.5152470624092854,0.38979700220054125,0.32825626495339183,0.4859783870088814,0.623112209534675,1.3559137452699137,0.4237964251410577,-2.37466869167159,0.48680931012541834,0.5314953783898292,0.32564687820604016,0.3908490134251313,0.4452208499277267,1.8309810775248287,0.5328216398036902,0.0,3.434650186229181,0.38006056559582274,0.5661558151384217,2.5141431727763397,0.6382199712372705,0.12849846348427488,2.526333475989623,0.5072900933105574,0.5310340114920423,2.989169072646721,-0.41975322281268734,1.4483004799974015,0.0,0.35494724141344614,0.0,0.0,0.3548592906639519,0.0,3.6494404831168703,0.427787430344039,0.20698571456343573,1.5516358498657339,0.14537773612108912,0.8435756307003955,2.795099205477028,0.31675992891069027,0.4438307231619341,0.0,0.38979700220054125,0.0,3.058299717733807,0.32825626495339183,0.0,0.0,0.4859783870088814,0.0,3.606734125601358,0.623112209534675,0.0,1.1698567346760373,0.509562288631221,0.5823083881491864,3.245178662227122,0.4237964251410577,0.0,1.6921801422351173,-0.20286045631123678,1.2140777120899031,0.8741016641277266,0.48680931012541834,0.0,1.7658182869822259,0.12155210987790606,0.9166610153111091,0.9641778926806862,0.2723240795094182,0.5982659693733754,2.363762516032127,72
synthetic-fleet-01-unit-0002,84,0,534.580427084559,1.35,48.5,530.0,2400.0,8300.0,8.7,0.032061418678982934,400.0,2400.0,102.0,660.0,40.0,24.5,1650.0,1470.0,15.153612691650576,22.0,560.0,2400.0,9250.0,0.14101086776422367,0.5328216398036902,0.6332531432970843,0.7292640691002898,0.5537640997640624,0.44552252627941374,0.35494724141344614,0.3548592906639519,0.5203542559710809,0.7092272589719937,0.5152470624092854,0.38979700220054125,0.32825626495339183,0.4859783870088814,0.623112209534675,0.7362725394014229,0.4237964251410577,0.3400916025288517,0.48680931012541834,0.5314953783898292,0.7490127575746718,0.391377111192383,0.44484791349261654,1.2695035477662502,0.5328216398036902,0.0,3.434650186229181,0.38006056559582274,0.5661558151384217,2.5141431727763397,0.6382199712372706,0.12849846348427488,2.526333475989623,0.46908776867883395,0.5163457674883561,2.798157449488104,0.24847035616769797,0.4406220474836487,0.0,0.35494724141344614,0.0,0.0,0.3548592906639519,0.0,3.6494404831168703,0.4277874303440391,0.20698571456343573,1.5516358498657339,0.33117422431724264,0.8453522845881069,2.795099205477028,0.31675992891069027,0.4438307231619341,0.0,0.38979700220054125,0.0,3.058299717733807,0.32825626495339183,0.0,0.0,0.4859783870088814,0.0,3.606734125601358,0.623112209534675,0.0,1.1698567346760373,0.6679403122787864,0.4906331366144761,2.6255374563586313,0.4237964251410577,0.0,1.6921801422351173,-0.20286045631123678,1.2140777120899031,3.5888619583281685,0.48680931012541834,0.0,1.7658182869822259,0.12155210987790606,0.9166610153111091,0.9641778926806862,0.5650436258655882,0.2532329124719147,2.787128395400759,71
synthetic-fleet-01-unit-0002,85,0,534.4957082500208,1.3312119440018375,48.5,530.0,2400.0,8300.0,8.7,0.030518933704982442,400.0,2400.0,102.0,660.0,40.0,24.5,1650.0,1455.890524736969,15.023748620076045,22.0,560.0,2400.0,9250.0,0.13134396075771582,0.5328216398036902,0.6332531432970843,0.2077536590450655,0.019015523395193707,0.44552252627941374,0.35494724141344614,0.3548592906639519,0.5203542559710809,-0.16987115340242215,0.5152470624092854,0.38979700220054125,0.32825626495339183,0.4859783870088814,0.623112209534675,-0.9990193848181088,0.4237964251410577,0.3400916025288517,0.48680931012541834,0.5314953783898292,0.7490127575746718,0.2922815407401374,0.43435067510176567,1.2598366407597423,0.5328216398036902,0.0,3.434650186229181,0.38006056559582274,0.5661558151384217,2.5141431727763397,0.5882486977793794,0.22706996353043057,2.0048230659343984,0.32393572877333676,0.5214564724951699,2.263408873119235,0.44552252627941374,0.0,0.0,0.35494724141344614,0.0,0.0,0.3548592906639519,0.0,3.6494404831168703,0.427787430344039,0.20698571456343573,1.5516358498657339,0.5334075764971106,0.39314476179626723,1.9160007931026122,0.5152470624092854,0.0,0.0,0.38979700220054125,0.0,3.058299717733807,0.32825626495339183,0.0,0.0,0.4859783870088814,0.0,3.606734125601358,0.623112209534675,0.0,1.1698567346760373,0.35731237504343427,0.9008654947994038,0.8902455321390996,0.4237964251410577,0.0,1.6921801422351173,-0.20286045631123678,1.2140777120899031,3.5888619583281685,0.48680931012541834,0.0,1.7658182869822259,0.12155210987790606,0.9166610153111091,0.9641778926806862,0.5650436258655882,0.2532329124719147,2.787128395400759,70
synthetic-fleet-01-unit-0002,86,0,540.0,1.35,48.5,530.0,2400.0,8300.0,8.7,0.03142124210827135,400.0,2400.0,102.0,660.0,40.0,24.437568503591322,1646.452597242836,1470.0,15.2,22.0,560.0,2400.0,9250.0,0.7594153544895171,0.5328216398036902,0.47338649227702934,0.7292640691002898,0.7447757229226796,0.44552252627941374,0.35494724141344614,0.3548592906639519,0.5203542559710809,0.7092272589719937,0.5152470624092854,0.38979700220054125,0.32825626495339183,0.4859783870088814,0.623112209534675,0.016075421144109366,0.4237964251410577,0.3400916025288517,0.48680931012541834,0.5314953783898292,0.6047343092518244,0.2922815407401374,0.43435067510176567,1.8879080344915438,0.5328216398036902,0.0,3.434650186229181,0.6012798130930733,0.0714945398032158,2.354276521756285,0.5882486977793793,0.22706996353043057,2.526333475989623,0.561421358385459,0.3142925358744723,2.989169072646721,0.44552252627941374,0.0,0.0,0.35494724141344614,0.0,0.0,0.3548592906639519,0.0,3.6494404831168703,0.4277874303440391,0.20698571456343573,1.5516358498657339,0.5334075764971106,0.39314476179626723,2.795099205477028,0.5152470624092854,0.0,0.0,0.38979700220054125,0.0,3.058299717733807,0.32825626495339183,0.0,0.0,0.4859783870088814,0.0,3.606734125601358,0.623112209534675,0.0,1.1698567346760373,0.36406564852897433,0.8974716838244865,1.9053403381013179,0.4237964251410577,0.0,1.6921801422351173,-0.20286045631123675,1.2140777120899031,3.5888619583281685,0.48680931012541834,0.0,1.7658182869822259,0.12155210987790606,0.9166610153111091,0.9641778926806862,0.5361879362010187,0.2345608058861371,2.642849947077911,69
synthetic-fleet-01-unit-0002,87,0,535.2077653696158,1.35,48.5,530.0,2400.0,8300.0,8.7,0.03195464711890192,400.0,2400.0,102.0,660.0,39.853381918153325,24.5,1650.0,1458.7934667366885,15.2,22.0,560.0,2400.0,9250.0,0.21259377959632786,0.5328216398036902,0.6332531432970843,0.31505137525475163,0.7447757229226796,0.44552252627941374,0.35494724141344614,0.3548592906639519,0.5203542559710809,0.7092272589719937,0.5152470624092854,0.38979700220054125,0.32825626495339183,0.4859783870088814,0.623112209534675,0.6161547884554441,0.4237964251410577,0.3400916025288517,0.48680931012541834,0.1944135333100617,0.7490127575746718,0.3893704720261174,0.31404069116818956,1.3410864595983543,0.5328216398036902,0.0,3.434650186229181,0.6012798130930733,0.0714945398032158,2.5141431727763397,0.5421194483201373,0.2590510172263421,2.1121207821440846,0.561421358385459,0.3142925358744723,2.989169072646721,0.44552252627941374,0.0,0.0,0.35494724141344614,0.0,0.0,0.3548592906639519,0.0,3.6494404831168703,0.5203542559710809,0.0,1.5516358498657339,0.5334075764971106,0.39314476179626723,2.795099205477028,0.5152470624092854,0.0,0.0,0.38979700220054125,0.0,3.058299717733807,0.32825626495339183,0.0,0.0,0.4859783870088814,0.0,3.606734125601358,0.623112209534675,0.0,1.1698567346760373,0.34507942189055624,0.8892616563153384,2.5054197054126526,0.4237964251410577,0.0,1.6921801422351173,-0.20286045631123675,1.2140777120899031,3.5888619583281685,0.48680931012541834,0.0,1.7658182869822259,0.4640790093738757,0.1507475839158826,0.6270960476009187,0.635483892036376,0.18412694120630468,2.787128395400759,68
synthetic-fleet-01-unit-0002,88,0,540.0,1.35,48.5,530.0,2400.0,8300.0,8.7,0.0314341559252111,400.0,2400.0,102.0,660.0,40.0,24.44920215425699,1650.0,1470.0,15.2,22.0,560.0,2400.0,9250.0,0.7594153544895171,0.5328216398036902,0.6332531432970843,0.7292640691002898,0.7447757229226796,0.44552252627941374,0.35494724141344614,0.3548592906639519,0.5203542559710809,0.7092272589719937,0.5152470624092854,0.38979700220054125,0.32825626495339183,0.4859783870088814,0.623112209534675,0.030603434462952543,0.4237964251410577,0.3400916025288517,0.48680931012541834,0.5314953783898292,0.6316195380694286,0.4007558634194604,0.3289104995746117,1.8879080344915438,0.5328216398036902,0.0,3.434650186229181,0.6012798130930733,0.0714945398032158,2.5141431727763397,0.5421194483201374,0.2590510172263421,2.526333475989623,0.561421358385459,0.3142925358744723,2.989169072646721,0.44552252627941374,0.0,0.0,0.35494724141344614,0.0,0.0,0.3548592906639519,0.0,3.6494404831168703,0.5203542559710809,0.0,1.5516358498657339,0.5334075764971106,0.39314476179626723,2.795099205477028,0.5152470624092854,0.0,0.0,0.38979700220054125,0.0,3.058299717733807,0.32825626495339183,0.0,0.0,0.4859783870088814,0.0,3.606734125601358,0.623112209534675,0.0,1.1698567346760373,0.08001735972916402,0.6871980804199233,1.9198683514201609,0.4237964251410577,0.0,1.6921801422351173,0.3400916025288517,0.0,3.5888619583281685,0.48680931012541834,0.0,1.7658182869822259,0.46407900937387564,0.1507475839158826,0.9641778926806862,0.6966784240090537,0.07228939460160562,2.6697351758955157,67
synthetic-fleet-01-unit-0002,89,0,540.0,1.35,48.5,530.0,2400.0,8300.0,8.7,0.03246657865035307,400.0,2400.0,102.0,659.671693781713,40.0,24.5,1647.2135647231516,1458.7967978160275,15.2,22.0,560.0,2400.0,9250.0,0.7594153544895171,0.4859578264146741,0.5076801236859686,0.3151744976614756,0.7447757229226796,0.44552252627941374,0.35494724141344614,0.3548592906639519,0.5203542559710809,0.7092272589719937,0.5152470624092854,0.38979700220054125,0.32825626495339183,0.4859783870088814,0.623112209534675,1.1920765428026225,0.4237964251410577,0.3400916025288517,0.48680931012541834,0.5314953783898292,0.7490127575746718,0.5244367607645191,0.3230374640997469,1.8879080344915438,0.523448877125887,0.020958134484540984,3.3877863728401647,0.5761652091708502,0.07910557541762693,2.388570153165224,0.45930153403237445,0.25030810265133724,2.1122439045508083,0.5996236830171824,0.32456982830145387,2.989169072646721,0.44552252627941374,0.0,0.0,0.35494724141344614,0.0,0.0,0.3548592906639519,0.0,3.6494404831168703,0.5203542559710809,0.0,1.5516358498657339,0.5334075764971106,0.39314476179626723,2.795099205477028,0.5152470624092854,0.0,0.0,0.38979700220054125,0.0,3.058299717733807,0.32825626495339183,0.0,0.0,0.4859783870088814,0.0,3.606734125601358,0.623112209534675,0.0,1.1698567346760373,0.17117816040940395,0.8144657934559524,3.081341459759831,0.4237964251410577,0.0,1.6921801422351173,0.3400916025288517,0.0,3.5888619583281685,0.48680931012541834,0.0,1.7658182869822259,0.46407900937387564,0.1507475839158826,0.9641778926806862,0.6966784240090537,0.07228939460160562,2.787128395400759,66
synthetic-fleet-01-unit-0002,90,0,540.0,1.35,48.5,530.0,2400.0,8300.0,8.7,0.03159478505045571,400.0,2400.0,102.0,654.1535884075773,40.0,24.5,1650.0,1470.0,15.015323869599552,22.0,560.0,2400.0,9250.0,0.7594153544895171,-0.3017197931677139,0.6332531432970843,0.7292640691002898,-0.01567554449560559,0.44552252627941374,0.35494724141344614,0.3548592906639519,0.5203542559710809,0.7092272589719937,0.5152470624092854,0.38979700220054125,0.32825626495339183,0.4859783870088814,0.623112209534675,0.21131081802241694,0.4237964251410577,0.3400916025288517,0.48680931012541834,0.5314953783898292,0.7490127575746718,0.6500510395108793,0.24454604260492974,1.8879080344915438,0.356540590531606,0.36853784700115627,2.6001087532577767,0.5761652091708502,0.07910557541762693,2.5141431727763397,0.5636036160434194,0.22683992174114795,2.526333475989623,0.5926854694390226,0.34008414550463134,2.228717805228436,0.44552252627941374,0.0,0.0,0.35494724141344614,0.0,0.0,0.3548592906639519,0.0,3.6494404831168703,0.5203542559710809,0.0,1.5516358498657339,0.7092272589719937,0.0,2.795099205477028,0.5152470624092854,0.0,0.0,0.38979700220054125,0.0,3.058299717733807,0.32825626495339183,0.0,0.0,0.4859783870088814,0.0,3.606734125601358,0.623112209534675,0.0,1.1698567346760373,0.41324420097750914,0.49816829741773183,2.1005757349796252,0.4237964251410577,0.0,1.6921801422351173,0.3400916025288517,0.0,3.5888619583281685,0.48680931012541834,0.0,1.7658182869822259,0.46407900937387564,0.1507475839158826,0.9641778926806862,0.6966784240090537,0.07228939460160562,2.787128395400759,65
synthetic-fleet-01-unit-0002,91,0,536.1664070448496,1.348467116660125,48.5,530.0,2400.0,8300.0,8.7,0.03263531590411426,400.0,2400.0,102.0,660.0,40.0,24.5,1650.0,1457.500876418057,15.054065730258422,22.0,560.0,2400.0,9250.0,0.3219803165755444,0.5328216398036902,0.6332531432970843,0.2672750196826094,0.1438539895935988,0.44552252627941374,0.35494724141344614,0.3548592906639519,0.5203542559710809,0.6375032173483584,0.5152470624092854,0.38979700220054125,0.32825626495339183,0.4859783870088814,0.623112209534675,1.3819055516437015,0.4237964251410577,0.3400916025288517,0.48680931012541834,0.5314953783898292,0.7490127575746718,0.5625640319280848,0.27231003984086566,1.450472996577571,0.35654059053160614,0.36853784700115627,3.434650186229181,0.6081385393748612,0.056157961598073784,2.5141431727763397,0.47120580615988333,0.2363820400008799,2.0643444265719424,0.4725011227732064,0.3770695460629662,2.38824733931764,0.44552252627941374,0.0,0.0,0.35494724141344614,0.0,0.0,0.3548592906639519,0.0,3.6494404831168703,0.5203542559710809,0.0,1.5516358498657339,0.6948824506472666,0.032075966538294594,2.723375163853393,0.5152470624092854,0.0,0.0,0.38979700220054125,0.0,3.058299717733807,0.32825626495339183,0.0,0.0,0.4859783870088814,0.0,3.606734125601358,0.623112209534675,0.0,1.1698567346760373,0.6864102270774276,0.5916396694214145,3.2711704686009098,0.4237964251410577,0.0,1.6921801422351173,0.3400916025288517,0.0,3.5888619583281685,0.48680931012541834,0.0,1.7658182869822259,0.46407900937387564,0.1507475839158826,0.9641778926806862,0.7255341136736232,0.05249984378225244,2.787128395400759,64
synthetic-fleet-01-unit-0002,92,0,540.0,1.35,48.5,530.0,2400.0,8300.0,8.7,0.03178262965896485,400.0,2400.0,102.0,660.0,40.0,24.22585246057032,1628.8524926386492,1459.657614260747,15.2,22.0,560.0,2400.0,9250.0,0.7594153544895171,0.5328216398036902,-0.31977683686334957,0.34699175016017414,0.7447757229226796,0.44552252627941374,0.35494724141344614,0.3548592906639519,0.5203542559710809,0.7092272589719937,0.5152470624092854,0.38979700220054125,0.32825626495339183,0.4859783870088814,0.623112209534675,0.42263555547427334,0.4237964251410577,0.3400916025288517,0.48680931012541834,0.5314953783898292,0.11546104288370242,0.6719283469067227,0.1956268961031644,1.8879080344915438,0.35654059053160614,0.36853784700115627,3.434650186229181,0.41753254334277434,0.4157396541453598,1.5611131926159059,0.4775938811409678,0.2314879928023719,2.144061157049507,0.47250112277320644,0.3770695460629662,2.989169072646721,0.44552252627941374,0.0,0.0,0.35494724141344614,0.0,0.0,0.3548592906639519,0.0,3.6494404831168703,0.5203542559710809,0.0,1.5516358498657339,0.6948824506472666,0.032075966538294594,2.795099205477028,0.5152470624092854,0.0,0.0,0.38979700220054125,0.0,3.058299717733807,0.32825626495339183,0.0,0.0,0.4859783870088814,0.0,3.606734125601358,0.623112209534675,0.0,1.1698567346760373,0.6477063804811933,0.6035936766047552,2.311900472431482,0.4237964251410577,0.0,1.6921801422351173,0.3400916025288517,0.0,3.5888619583281685,0.48680931012541834,0.0,1.7658182869822259,0.5314953783898292,0.0,0.9641778926806862,0.5988237707354293,0.2749478515712943,2.1535766807097896,63
synthetic-fleet-01-unit-0002,93,0,532.2591724998729,1.35,48.5,530.0,2400.0,8300.0,8.7,0.031148263003068034,400.0,2400.0,102.0,660.0,40.0,24.5,1650.0,1470.0,15.2,22.0,560.0,2400.0,9250.0,-0.12385765091770558,0.5328216398036902,0.6332531432970843,0.7292640691002898,0.7447757229226796,0.44552252627941374,0.35494724141344614,0.3548592906639519,0.5203542559710809,0.7092272589719937,0.5152470624092854,0.38979700220054125,0.32825626495339183,0.4859783870088814,0.623112209534675,-0.2910254224455932,0.4237964251410577,0.3400916025288517,0.48680931012541834,0.5314953783898292,0.7490127575746718,0.49527374582527817,0.3945461529837925,1.004635029084321,0.35654059053160614,0.36853784700115627,3.434650186229181,0.41753254334277434,0.4157396541453598,2.5141431727763397,0.4775938811409678,0.2314879928023719,2.526333475989623,0.4725011227732064,0.3770695460629662,2.989169072646721,0.44552252627941374,0.0,0.0,0.35494724141344614,0.0,0.0,0.3548592906639519,0.0,3.6494404831168703,0.5203542559710809,0.0,1.5516358498657339,0.6948824506472666,0.032075966538294594,2.795099205477028,0.5152470624092854,0.0,0.0,0.38979700220054125,0.0,3.058299717733807,0.32825626495339183,0.0,0.0,0.4859783870088814,0.0,3.606734125601358,0.623112209534675,0.0,1.1698567346760373,0.5833806090994843,0.6958831858278203,1.5982394945116152,0.4237964251410577,0.0,1.6921801422351173,0.3400916025288517,0.0,3.5888619583281685,0.48680931012541834,0.0,1.7658182869822259,0.5314953783898292,0.0,0.9641778926806862,0.6223024146364778,0.2833329402621115,2.787128395400759,62
synthetic-fleet-01-unit-0002,94,0,540.0,1.35,48.5,530.0,2400.0,8300.0,8.7,0.031882180593703756,400.0,2400.0,102.0,660.0,40.0,24.017139776389122,1650.0,1470.0,15.2,22.0,560.0,2400.0,9250.0,0.7594153544895171,0.5328216398036902,0.6332531432970843,0.7292640691002898,0.7447757229226796,0.44552252627941374,0.35494724141344614,0.3548592906639519,0.5203542559710809,0.7092272589719937,0.5152470624092854,0.38979700220054125,0.32825626495339183,0.4859783870088814,0.623112209534675,0.5346301200974214,0.4237964251410577,0.3400916025288517,0.48680931012541834,0.5314953783898292,-0.3668714967985281,0.49527374582527806,0.3945461529837925,1.8879080344915438,0.3659133532094094,0.3732182748328288,3.434650186229181,0.44264714726499754,0.4262079640468012,2.5141431727763397,0.5604117954287308,0.23292195902782006,2.526333475989623,0.47250112277320644,0.3770695460629662,2.989169072646721,0.44552252627941374,0.0,0.0,0.35494724141344614,0.0,0.0,0.3548592906639519,0.0,3.6494404831168703,0.5203542559710809,0.0,1.5516358498657339,0.6948824506472666,0.032075966538294594,2.795099205477028,0.5152470624092854,0.0,0.0,0.38979700220054125,0.0,3.058299717733807,0.32825626495339183,0.0,0.0,0.4859783870088814,0.0,3.606734125601358,0.623112209534675,0.0,1.1698567346760373,0.45189132455844405,0.6087758914405894,2.42389503705463,0.4237964251410577,0.0,1.6921801422351173,0.3400916025288517,0.0,3.5888619583281685,0.48680931012541834,0.0,1.7658182869822259,0.5314953783898292,0.0,0.9641778926806862,0.39912556376183794,0.5085469993950416,1.671244141027559,61
synthetic-fleet-01-unit-0002,95,0,538.8538695622365,1.35,48.5,530.0,2400.0,8300.0,8.7,0.031551291846571586,400.0,2400.0,102.0,660.0,40.0,24.5,1650.0,1470.0,15.072409686424269,22.0,560.0,2400.0,9250.0,0.6286352697588518,0.5328216398036902,0.6332531432970843,0.7292640691002898,0.21938992748408542,0.44552252627941374,0.35494724141344614,0.3548592906639519,0.5203542559710809,0.7092272589719937,0.5152470624092854,0.38979700220054125,0.32825626495339183,0.4859783870088814,0.623112209534675,0.16238106717835524,0.4237964251410577,0.3400916025288517,0.48680931012541834,0.5314953783898292,0.7490127575746718,0.469117728879145,0.3765834860502256,1.7571279497608783,0.5328216398036902,0.0,3.434650186229181,0.44264714726499754,0.4262079640468012,2.5141431727763397,0.5604117954287307,0.23292195902782006,2.526333475989623,0.5195142171691446,0.30960597287686564,2.463783277208127,0.44552252627941374,0.0,0.0,0.35494724141344614,0.0,0.0,0.3548592906639519,0.0,3.6494404831168703,0.5203542559710809,0.0,1.5516358498657339,0.6948824506472666,0.032075966538294594,2.795099205477028,0.5152470624092854,0.0,0.0,0.38979700220054125,0.0,3.058299717733807,0.32825626495339183,0.0,0.0,0.4859783870088814,0.0,3.606734125601358,0.623112209534675,0.0,1.1698567346760373,0.44210537438963166,0.6139810112895916,2.051645984135564,0.4237964251410577,0.0,1.6921801422351173,0.3400916025288517,0.0,3.5888619583281685,0.48680931012541834,0.0,1.7658182869822259,0.5314953783898292,0.0,0.9641778926806862,0.39912556376183794,0.5085469993950416,2.787128395400759,60
synthetic-fleet-01-unit-0002,96,0,540.0,1.35,48.5,530.0,2400.0,8300.0,8.7,0.031375068683930245,400.0,2400.0,101.24488910647183,660.0,40.0,24.39272456322373,1650.0,1456.6766057446641,15.2,22.0,560.0,2400.0,9250.0,0.7594153544895171,0.5328216398036902,0.6332531432970843,0.2368085615851959,0.7447757229226796,0.44552252627941374,0.35494724141344614,0.3548592906639519,0.5203542559710809,0.7092272589719937,0.5152470624092854,0.38979700220054125,0.32825626495339183,0.4859783870088814,0.623112209534675,-0.0358695713344104,0.4237964251410577,0.3400916025288517,-0.4060653692830777,0.5314953783898292,0.5011004945092524,0.5566047364619395,0.38458220796067194,1.8879080344915438,0.5328216398036902,0.0,3.434650186229181,0.44264714726499754,0.4262079640468012,2.5141431727763397,0.554318503809248,0.24270084395959118,2.033877968474529,0.6396985638349608,0.2349596706026991,2.989169072646721,0.44552252627941374,0.0,0.0,0.35494724141344614,0.0,0.0,0.3548592906639519,0.0,3.6494404831168703,0.5203542559710809,0.0,1.5516358498657339,0.7092272589719937,0.0,2.795099205477028,0.5152470624092854,0.0,0.0,0.38979700220054125,0.0,3.058299717733807,0.32825626495339183,0.0,0.0,0.4859783870088814,0.0,3.606734125601358,0.623112209534675,0.0,1.1698567346760373,0.15855034979400928,0.33582329602141814,1.853395345622798,0.4237964251410577,0.0,1.6921801422351173,0.3400916025288517,0.0,3.5888619583281685,0.3082343742437191,0.39930569570914576,0.8729436075737299,0.5314953783898292,0.0,0.9641778926806862,0.349543111148754,0.4770130874635094,2.5392161323353393,59
synthetic-fleet-01-unit-0002,97,0,540.0,1.35,48.5,530.0,2400.0,8300.0,8.7,0.03193894165051686,400.0,2400.0,102.0,660.0,40.0,24.5,1650.0,1470.0,14.899303156032472,22.0,560.0,2400.0,9250.0,0.7594153544895171,0.5328216398036902,0.6332531432970843,0.7292640691002898,-0.4934205486146977,0.44552252627941374,0.35494724141344614,0.3548592906639519,0.5203542559710809,0.7092272589719937,0.5152470624092854,0.38979700220054125,0.32825626495339183,0.4859783870088814,0.623112209534675,0.5984861739055126,0.4237964251410577,0.3400916025288517,0.48680931012541834,0.5314953783898292,0.7490127575746718,0.5566047364619395,0.38458220796067194,1.8879080344915438,0.5328216398036902,0.0,3.434650186229181,0.6332531432970843,0.0,2.5141431727763397,0.6307729675972711,0.22023279813958174,2.526333475989623,0.3920593095274854,0.5447742421191228,1.7509728011093437,0.44552252627941374,0.0,0.0,0.35494724141344614,0.0,0.0,0.3548592906639519,0.0,3.6494404831168703,0.5203542559710809,0.0,1.5516358498657339,0.7092272589719937,0.0,2.795099205477028,0.5152470624092854,0.0,0.0,0.38979700220054125,0.0,3.058299717733807,0.32825626495339183,0.0,0.0,0.4859783870088814,0.0,3.606734125601358,0.623112209534675,0.0,1.1698567346760373,0.19372047348025714,0.377069950433506,2.487751090862721,0.4237964251410577,0.0,1.6921801422351173,0.3400916025288517,0.0,3.5888619583281685,0.3082343742437191,0.39930569570914576,1.7658182869822259,0.5314953783898292,0.0,0.9641778926806862,0.47625345408694797,0.4833916556842671,2.787128395400759,58
synthetic-fleet-01-unit-0002,98,0,540.0,1.35,48.5,530.0,2400.0,8300.0,8.685796200917217,0.03233494225173247,400.0,2400.0,102.0,660.0,40.0,24.238429935758397,1650.0,1470.0,15.153699978441834,22.0,560.0,2400.0,9250.0,0.7594153544895171,0.5328216398036902,0.6332531432970843,0.7292640691002898,0.5541235254835482,0.44552252627941374,0.35494724141344614,0.3548592906639519,0.5203542559710809,0.7092272589719937,0.5152470624092854,0.38979700220054125,0.32825626495339183,0.4859783870088814,0.49514375922831844,1.0439859076846376,0.4237964251410577,0.3400916025288517,0.48680931012541834,0.5314953783898292,0.14452743898729986,0.733259337543384,0.05848663191217682,1.8879080344915438,0.5328216398036902,0.0,3.434650186229181,0.6332531432970843,0.0,2.5141431727763397,0.6307729675972712,0.22023279813958174,2.526333475989623,0.3539288700396591,0.52002456414175,2.7985168752075893,0.44552252627941374,0.0,0.0,0.35494724141344614,0.0,0.0,0.3548592906639519,0.0,3.6494404831168703,0.5203542559710809,0.0,1.5516358498657339,0.7092272589719937,0.0,2.795099205477028,0.5152470624092854,0.0,0.0,0.38979700220054125,0.0,3.058299717733807,0.32825626495339183,0.0,0.0,0.4859783870088814,0.0,3.606734125601358,0.5975185194734038,0.05722923077206344,1.0418882843696808,0.46072273950630327,0.4184043094753863,2.933250824641846,0.4237964251410577,0.0,1.6921801422351173,0.3400916025288517,0.0,3.5888619583281685,0.30823437424371913,0.39930569570914576,1.7658182869822259,0.5314953783898292,0.0,0.9641778926806862,0.35535639036947353,0.47361217850630616,2.182643076813387,57
synthetic-fleet-01-unit-0002,99,0,537.4828229249094,1.35,48.5,530.0,2400.0,8300.0,8.7,0.030872725422267287,400.0,2400.0,102.0,660.0,40.0,24.5,1650.0,1470.0,15.2,22.0,560.0,2400.0,9250.0,0.4721909511268423,0.5328216398036902,0.6332531432970843,0.7292640691002898,0.7447757229226796,0.44552252627941374,0.35494724141344614,0.3548592906639519,0.5203542559710809,0.7092272589719937,0.5152470624092854,0.38979700220054125,0.32825626495339183,0.4859783870088814,0.623112209534675,-0.6010045449925405,0.4237964251410577,0.3400916025288517,0.48680931012541834,0.5314953783898292,0.7490127575746718,0.6758144568708492,0.12713746304292395,1.6006836311288688,0.5328216398036902,0.0,3.434650186229181,0.6332531432970843,0.0,2.5141431727763397,0.6307729675972711,0.22023279813958174,2.526333475989623,0.35392887003965906,0.52002456414175,2.989169072646721,0.44552252627941374,0.0,0.0,0.35494724141344614,0.0,0.0,0.3548592906639519,0.0,3.6494404831168703,0.5203542559710809,0.0,1.5516358498657339,0.7092272589719937,0.0,2.795099205477028,0.5152470624092854,0.0,0.0,0.38979700220054125,0.0,3.058299717733807,0.32825626495339183,0.0,0.0,0.4859783870088814,0.0,3.606734125601358,0.5975185194734038,0.05722923077206344,1.1698567346760373,0.23359580648831094,0.6253235106692672,1.288260371964668,0.4237964251410577,0.0,1.6921801422351173,0.3400916025288517,0.0,3.5888619583281685,0.3082343742437191,0.39930569570914576,1.7658182869822259,0.5314953783898292,0.0,0.9641778926806862,0.5785332412441135,0.2653048544242963,2.787128395400759,56
synthetic-fleet-01-unit-0002,100,0,540.0,1.35,48.5,530.0,2400.0,8300.0,8.7,0.03228322625172985,400.0,2400.0,102.0,660.0,40.0,24.5,1650.0,1470.0,14.9946862063209,22.0,560.0,2400.0,9250.0,0.7594153544895171,0.5328216398036902,0.6332531432970843,0.7292640691002898,-0.10065640890278443,0.44552252627941374,0.35494724141344614,0.3548592906639519,0.5203542559710809,0.7092272589719937,0.5152470624092854,0.38979700220054125,0.32825626495339183,0.4859783870088814,0.623112209534675,0.9858055307797482,0.4237964251410577,0.3400916025288517,0.48680931012541834,0.5314953783898292,0.7490127575746718,0.7019704738169822,0.12845065814314607,1.8879080344915438,0.5328216398036902,0.0,3.434650186229181,0.6332531432970843,0.0,2.5141431727763397,0.6307729675972712,0.22023279813958174,2.526333475989623,0.2899196027622851,0.558964065598931,2.143736940821257,0.44552252627941374,0.0,0.0,0.35494724141344614,0.0,0.0,0.3548592906639519,0.0,3.6494404831168703,0.5203542559710809,0.0,1.5516358498657339,0.7092272589719937,0.0,2.795099205477028,0.5152470624092854,0.0,0.0,0.38979700220054125,0.0,3.058299717733807,0.32825626495339183,0.0,0.0,0.4859783870088814,0.0,3.606734125601358,0.5975185194734038,0.05722923077206344,1.1698567346760373,0.39828069920858955,0.7052057027483393,2.875070447736957,0.4237964251410577,0.0,1.6921801422351173,0.3400916025288517,0.0,3.5888619583281685,0.3082343742437191,0.39930569570914576,1.7658182869822259,0.5314953783898292,0.0,0.9641778926806862,0.5785332412441135,0.2653048544242963,2.787128395400759,55
synthetic-fleet-01-unit-0002,101,0,540.0,1.35,48.5,530.0,2400.0,8300.0,8.7,0.03195773931521914,400.0,2400.0,102.0,660.0,40.0,24.5,1650.0,1470.0,15.2,22.0,560.0,2400.0,9250.0,0.7594153544895171,0.5328216398036902,0.6332531432970843,0.7292640691002898,0.7447757229226796,0.44552252627941374,0.35494724141344614,0.3548592906639519,0.5203542559710809,0.7092272589719937,0.5152470624092854,0.38979700220054125,0.32825626495339183,0.4859783870088814,0.623112209534675,0.6196335019520568,0.4237964251410577,0.3400916025288517,0.48680931012541834,0.5314953783898292,0.7490127575746718,0.7019704738169822,0.12845065814314607,1.8879080344915438,0.5328216398036902,0.0,3.434650186229181,0.6332531432970843,0.0,2.5141431727763397,0.7292640691002898,0.0,2.526333475989623,0.2899196027622851,0.558964065598931,2.989169072646721,0.44552252627941374,0.0,0.0,0.35494724141344614,0.0,0.0,0.3548592906639519,0.0,3.6494404831168703,0.5203542559710809,0.0,1.5516358498657339,0.7092272589719937,0.0,2.795099205477028,0.5152470624092854,0.0,0.0,0.38979700220054125,0.0,3.058299717733807,0.32825626495339183,0.0,0.0,0.4859783870088814,0.0,3.606734125601358,0.5975185194734038,0.05722923077206344,1.1698567346760373,0.5293813138658829,0.6640470771728735,2.5088984189092653,0.4237964251410577,0.0,1.6921801422351173,0.3400916025288517,0.0,3.5888619583281685,0.48680931012541834,0.0,1.7658182869822259,0.5314953783898292,0.0,0.9641778926806862,0.6281156938571975,0.2703340527523958,2.787128395400759,54
synthetic-fleet-01-unit-0002,102,0,540.0,1.3428239651018605,48.5,530.0,2400.0,8300.0,8.7,0.03209622938511875,400.0,2400.0,102.0,660.0,40.0,24.185208614476267,1650.0,1470.0,15.19207410125046,22.0,560.0,2400.0,9250.0,0.7594153544895171,0.5328216398036902,0.6332531432970843,0.7292640691002898,0.7121388047868785,0.44552252627941374,0.35494724141344614,0.3548592906639519,0.5203542559710809,0.37345857238117025,0.5152470624092854,0.38979700220054125,0.32825626495339183,0.4859783870088814,0.623112209534675,0.7754345009453335,0.4237964251410577,0.3400916025288517,0.48680931012541834,0.5314953783898292,0.02153359623183148,0.7019704738169822,0.12845065814314607,1.8879080344915438,0.5328216398036902,0.0,3.434650186229181,0.6332531432970843,0.0,2.5141431727763397,0.7292640691002898,0.0,2.526333475989623,0.5310314734426004,0.3618479989607892,2.9565321545109198,0.44552252627941374,0.0,0.0,0.35494724141344614,0.0,0.0,0.3548592906639519,0.0,3.6494404831168703,0.5203542559710809,0.0,1.5516358498657339,0.642073521653829,0.15016032158658066,2.4593305188862047,0.5152470624092854,0.0,0.0,0.38979700220054125,0.0,3.058299717733807,0.32825626495339183,0.0,0.0,0.4859783870088814,0.0,3.606734125601358,0.5975185194734038,0.05722923077206344,1.1698567346760373,0.5647709792738471,0.6733013125469467,2.664699417902542,0.4237964251410577,0.0,1.6921801422351173,0.3400916025288517,0.0,3.5888619583281685,0.48680931012541834,0.0,1.7658182869822259,0.5314953783898292,0.0,0.9641778926806862,0.4826198615886293,0.36735628326483205,2.059649234057918,53
synthetic-fleet-01-unit-0002,103,0,531.4518489767124,1.35,48.5,530.0,2400.0,8300.0,8.7,0.0321439602567311,400.0,2400.0,102.0,660.0,40.0,24.5,1650.0,1470.0,15.2,22.0,560.0,2400.0,9250.0,-0.21597791514348327,0.5328216398036902,0.6332531432970843,0.7292640691002898,0.7447757229226796,0.44552252627941374,0.35494724141344614,0.3548592906639519,0.5203542559710809,0.7092272589719937,0.5152470624092854,0.38979700220054125,0.32825626495339183,0.4859783870088814,0.623112209534675,0.8291316178968531,0.4237964251410577,0.3400916025288517,0.48680931012541834,0.5314953783898292,0.7490127575746718,0.5068918198903821,0.4228029123303762,0.9125147648585432,0.5328216398036902,0.0,3.434650186229181,0.6332531432970843,0.0,2.5141431727763397,0.7292640691002898,0.0,2.526333475989623,0.5691619129304266,0.3747064206309974,2.989169072646721,0.44552252627941374,0.0,0.0,0.35494724141344614,0.0,0.0,0.3548592906639519,0.0,3.6494404831168703,0.5203542559710809,0.0,1.5516358498657339,0.642073521653829,0.15016032158658066,2.795099205477028,0.5152470624092854,0.0,0.0,0.38979700220054125,0.0,3.058299717733807,0.32825626495339183,0.0,0.0,0.4859783870088814,0.0,3.606734125601358,0.623112209534675,0.0,1.1698567346760373,0.5218001213162902,0.6411602288786958,2.7183965348540617,0.4237964251410577,0.0,1.6921801422351173,0.3400916025288517,0.0,3.5888619583281685,0.48680931012541834,0.0,1.7658182869822259,0.5314953783898292,0.0,0.9641778926806862,0.6035169253061037,0.3253385713954253,2.787128395400759,52
synthetic-fleet-01-unit-0002,104,0,540.0,1.3492118960295565,48.5,530.0,2400.0,8300.0,8.7,0.03152641889963401,400.0,2400.0,102.0,660.0,40.0,24.5,1650.0,1470.0,15.2,22.0,560.0,2400.0,9250.0,0.7594153544895171,0.5328216398036902,0.6332531432970843,0.7292640691002898,0.7447757229226796,0.44552252627941374,0.35494724141344614,0.3548592906639519,0.5203542559710809,0.6723516530407202,0.5152470624092854,0.38979700220054125,0.32825626495339183,0.4859783870088814,0.623112209534675,0.13439906107791316,0.4237964251410577,0.3400916025288517,0.48680931012541834,0.5314953783898292,0.7490127575746718,0.5643367005629172,0.4362091311390324,1.8879080344915438,0.5328216398036902,0.0,3.434650186229181,0.6332531432970843,0.0,2.5141431727763397,0.7292640691002898,0.0,2.526333475989623,0.5691619129304266,0.3747064206309974,2.989169072646721,0.44552252627941374,0.0,0.0,0.35494724141344614,0.0,0.0,0.3548592906639519,0.0,3.6494404831168703,0.5203542559710809,0.0,1.5516358498657339,0.6346984004675743,0.14690785160932207,2.7582235995457545,0.5152470624092854,0.0,0.0,0.38979700220054125,0.0,3.058299717733807,0.32825626495339183,0.0,0.0,0.4859783870088814,0.0,3.606734125601358,0.623112209534675,0.0,1.1698567346760373,0.6688808425303809,0.3261791403538001,2.0236639780351218,0.4237964251410577,0.0,1.6921801422351173,0.3400916025288517,0.0,3.5888619583281685,0.48680931012541834,0.0,1.7658182869822259,0.5314953783898292,0.0,0.9641778926806862,0.6035169253061037,0.3253385713954253,2.787128395400759,51
synthetic-fleet-01-unit-0002,105,0,540.0,1.35,48.5,530.0,2400.0,8300.0,8.7,0.03254479609273967,400.0,2400.0,102.0,660.0,40.0,24.5,1650.0,1470.0,14.924351554554542,22.0,560.0,2400.0,9250.0,0.7594153544895171,0.5328216398036902,0.6332531432970843,0.7292640691002898,-0.39027735213552456,0.44552252627941374,0.35494724141344614,0.3548592906639519,0.5203542559710809,0.7092272589719937,0.5152470624092854,0.38979700220054125,0.32825626495339183,0.4859783870088814,0.623112209534675,1.2800709793088978,0.4237964251410577,0.3400916025288517,0.48680931012541834,0.5314953783898292,0.7490127575746718,0.5643367005629172,0.4362091311390324,1.8879080344915438,0.5328216398036902,0.0,3.434650186229181,0.6332531432970843,0.0,2.5141431727763397,0.7292640691002898,0.0,2.526333475989623,0.5112377242838786,0.5041603583145458,1.8541159975885169,0.44552252627941374,0.0,0.0,0.35494724141344614,0.0,0.0,0.3548592906639519,0.0,3.6494404831168703,0.5203542559710809,0.0,1.5516358498657339,0.6346984004675743,0.14690785160932207,2.795099205477028,0.5152470624092854,0.0,0.0,0.38979700220054125,0.0,3.058299717733807,0.32825626495339183,0.0,0.0,0.4859783870088814,0.0,3.606734125601358,0.623112209534675,0.0,1.1698567346760373,0.7277339322362109,0.4127241878184351,3.169335896266106,0.4237964251410577,0.0,1.6921801422351173,0.3400916025288517,0.0,3.5888619583281685,0.48680931012541834,0.0,1.7658182869822259,0.5314953783898292,0.0,0.9641778926806862,0.6035169253061038,0.3253385713954253,2.787128395400759,50
synthetic-fleet-01-unit-0002,106,0,540.0,1.35,48.5,530.0,2400.0,8300.0,8.7,0.03172071116663916,400.0,2400.0,102.0,660.0,40.0,24.5,1650.0,1470.0,15.2,22.0,560.0,2400.0,9250.0,0.7594153544895171,0.5328216398036902,0.6332531432970843,0.7292640691002898,0.7447757229226796,0.44552252627941374,0.35494724141344614,0.3548592906639519,0.5203542559710809,0.7092272589719937,0.5152470624092854,0.38979700220054125,0.32825626495339183,0.4859783870088814,0.623112209534675,0.3529773989906163,0.4237964251410577,0.3400916025288517,0.48680931012541834,0.5314953783898292,0.7490127575746718,0.5643367005629171,0.4362091311390324,1.8879080344915438,0.5328216398036902,0.0,3.434650186229181,0.6332531432970843,0.0,2.5141431727763397,0.7292640691002898,0.0,2.526333475989623,0.5112377242838786,0.5041603583145458,2.989169072646721,0.44552252627941374,0.0,0.0,0.35494724141344614,0.0,0.0,0.3548592906639519,0.0,3.6494404831168703,0.5203542559710809,0.0,1.5516358498657339,0.6346984004675743,0.14690785160932207,2.795099205477028,0.5152470624092854,0.0,0.0,0.38979700220054125,0.0,3.058299717733807,0.32825626495339183,0.0,0.0,0.4859783870088814,0.0,3.606734125601358,0.623112209534675,0.0,1.1698567346760373,0.6744027116439228,0.44606632958980097,2.242242315947825,0.4237964251410577,0.0,1.6921801422351173,0.3400916025288517,0.0,3.5888619583281685,0.48680931012541834,0.0,1.7658182869822259,0.5314953783898292,0.0,0.9641778926806862,0.6035169253061037,0.3253385713954253,2.787128395400759,49
synthetic-fleet-01-unit-0002,107,0,535.6933989935203,1.35,48.5,530.0,2400.0,8300.0,8.7,0.031348954527067555,400.0,2400.0,102.0,660.0,40.0,24.5,1650.0,1470.0,15.2,22.0,560.0,2400.0,9250.0,0.2680073733633881,0.5328216398036902,0.6332531432970843,0.7292640691002898,0.7447757229226796,0.44552252627941374,0.35494724141344614,0.3548592906639519,0.5203542559710809,0.7092272589719937,0.5152470624092854,0.38979700220054125,0.32825626495339183,0.4859783870088814,0.623112209534675,-0.06524793564618743,0.4237964251410577,0.3400916025288517,0.48680931012541834,0.5314953783898292,0.7490127575746718,0.46605510433769126,0.43662702977315154,1.3965000533654146,0.5328216398036902,0.0,3.434650186229181,0.6332531432970843,0.0,2.5141431727763397,0.7292640691002898,0.0,2.526333475989623,0.5177651079110388,0.5076111667800631,2.989169072646721,0.44552252627941374,0.0,0.0,0.35494724141344614,0.0,0.0,0.3548592906639519,0.0,3.6494404831168703,0.5203542559710809,0.0,1.5516358498657339,0.7018521377857391,0.01649127231476444,2.795099205477028,0.5152470624092854,0.0,0.0,0.38979700220054125,0.0,3.058299717733807,0.32825626495339183,0.0,0.0,0.4859783870088814,0.0,3.606734125601358,0.623112209534675,0.0,1.1698567346760373,0.5062662243256186,0.5457625278734812,1.824016981311021,0.4237964251410577,0.0,1.6921801422351173,0.3400916025288517,0.0,3.5888619583281685,0.48680931012541834,0.0,1.7658182869822259,0.5314953783898292,0.0,0.9641778926806862,0.7490127575746718,0.0,2.787128395400759,48
synthetic-fleet-01-unit-0002,108,0,540.0,1.35,48.5,530.0,2400.0,8300.0,8.7,0.031238064453990494,400.0,2400.0,102.0,660.0,40.0,24.5,1650.0,1470.0,15.2,22.0,560.0,2400.0,9250.0,0.7594153544895171,0.5328216398036902,0.6332531432970843,0.7292640691002898,0.7447757229226796,0.44552252627941374,0.35494724141344614,0.3548592906639519,0.5203542559710809,0.7092272589719937,0.5152470624092854,0.38979700220054125,0.32825626495339183,0.4859783870088814,0.623112209534675,-0.189999003909544,0.4237964251410577,0.3400916025288517,0.48680931012541834,0.5314953783898292,0.7490127575746718,0.6611337582642913,0.2197643300967883,1.8879080344915438,0.5328216398036902,0.0,3.434650186229181,0.6332531432970843,0.0,2.5141431727763397,0.7292640691002898,0.0,2.526333475989623,0.5177651079110388,0.5076111667800631,2.989169072646721,0.44552252627941374,0.0,0.0,0.35494724141344614,0.0,0.0,0.3548592906639519,0.0,3.6494404831168703,0.5203542559710809,0.0,1.5516358498657339,0.701852137785739,0.01649127231476444,2.795099205477028,0.5152470624092854,0.0,0.0,0.38979700220054125,0.0,3.058299717733807,0.32825626495339183,0.0,0.0,0.4859783870088814,0.0,3.606734125601358,0.623112209534675,0.0,1.1698567346760373,0.3024400999643392,0.5840044323774787,1.6992659130476644,0.4237964251410577,0.0,1.6921801422351173,0.3400916025288517,0.0,3.5888619583281685,0.48680931012541834,0.0,1.7658182869822259,0.5314953783898292,0.0,0.9641778926806862,0.7490127575746718,0.0,2.787128395400759,47
synthetic-fleet-01-unit-0002,109,0,540.0,1.35,48.5,530.0,2400.0,8300.0,8.7,0.03342502712533958,400.0,2400.0,102.0,660.0,40.0,24.432961967923102,1650.0,1470.0,15.2,22.0,560.0,2400.0,9250.0,0.7594153544895171,0.5328216398036902,0.6332531432970843,0.7292640691002898,0.7447757229226796,0.44552252627941374,0.35494724141344614,0.3548592906639519,0.5203542559710809,0.7092272589719937,0.5152470624092854,0.38979700220054125,0.32825626495339183,0.4859783870088814,0.623112209534675,2.2703287957961,0.4237964251410577,0.3400916025288517,0.48680931012541834,0.5314953783898292,0.5940886599147658,0.6611337582642914,0.2197643300967883,1.8879080344915438,0.5328216398036902,0.0,3.434650186229181,0.6332531432970843,0.0,2.5141431727763397,0.7292640691002898,0.0,2.526333475989623,0.5177651079110388,0.5076111667800631,2.989169072646721,0.44552252627941374,0.0,0.0,0.35494724141344614,0.0,0.0,0.3548592906639519,0.0,3.6494404831168703,0.5203542559710809,0.0,1.5516358498657339,0.7092272589719937,0.0,2.795099205477028,0.5152470624092854,0.0,0.0,0.38979700220054125,0.0,3.058299717733807,0.32825626495339183,0.0,0.0,0.4859783870088814,0.0,3.606734125601358,0.623112209534675,0.0,1.1698567346760373,0.7296260469079765,1.0363582476933237,4.159593712753308,0.4237964251410577,0.0,1.6921801422351173,0.3400916025288517,0.0,3.5888619583281685,0.48680931012541834,0.0,1.7658182869822259,0.5314953783898292,0.0,0.9641778926806862,0.7180279380426906,0.06928416274407319,2.6322042977408526,46
synthetic-fleet-01-unit-0002,110,0,540.0,1.35,48.5,530.0,2400.0,8300.0,8.7,0.03228298102628251,400.0,2400.0,102.0,660.0,40.0,24.5,1650.0,1470.0,15.2,22.0,560.0,2400.0,9250.0,0.7594153544895171,0.5328216398036902,0.6332531432970843,0.7292640691002898,0.7447757229226796,0.44552252627941374,0.35494724141344614,0.3548592906639519,0.5203542559710809,0.7092272589719937,0.5152470624092854,0.38979700220054125,0.32825626495339183,0.4859783870088814,0.623112209534675,0.9855296527351965,0.4237964251410577,0.3400916025288517,0.48680931012541834,0.5314953783898292,0.7490127575746718,0.6611337582642914,0.2197643300967883,1.8879080344915438,0.5328216398036902,0.0,3.434650186229181,0.6332531432970843,0.0,2.5141431727763397,0.7292640691002898,0.0,2.526333475989623,0.7447757229226796,0.0,2.989169072646721,0.44552252627941374,0.0,0.0,0.35494724141344614,0.0,0.0,0.3548592906639519,0.0,3.6494404831168703,0.5203542559710809,0.0,1.5516358498657339,0.7092272589719937,0.0,2.795099205477028,0.5152470624092854,0.0,0.0,0.38979700220054125,0.0,3.058299717733807,0.32825626495339183,0.0,0.0,0.4859783870088814,0.0,3.606734125601358,0.623112209534675,0.0,1.1698567346760373,0.6707177815932363,1.005149215726882,2.874794569692405,0.4237964251410577,0.0,1.6921801422351173,0.3400916025288517,0.0,3.5888619583281685,0.48680931012541834,0.0,1.7658182869822259,0.5314953783898292,0.0,0.9641778926806862,0.7180279380426906,0.06928416274407319,2.787128395400759,45
synthetic-fleet-01-unit-0002,111,0,540.0,1.35,48.5,530.0,2400.0,8300.0,8.631920780746531,0.03141905293350305,400.0,2400.0,102.0,660.0,40.0,24.5,1650.0,1470.0,15.2,22.0,560.0,2400.0,9250.0,0.7594153544895171,0.5328216398036902,0.6332531432970843,0.7292640691002898,0.7447757229226796,0.44552252627941374,0.35494724141344614,0.3548592906639519,0.5203542559710809,0.7092272589719937,0.5152470624092854,0.38979700220054125,0.32825626495339183,0.4859783870088814,0.009755731091276832,0.013612604740595217,0.4237964251410577,0.3400916025288517,0.48680931012541834,0.5314953783898292,0.7490127575746718,0.6611337582642913,0.2197643300967883,1.8879080344915438,0.5328216398036902,0.0,3.434650186229181,0.6332531432970843,0.0,2.5141431727763397,0.7292640691002898,0.0,2.526333475989623,0.7447757229226796,0.0,2.989169072646721,0.44552252627941374,0.0,0.0,0.35494724141344614,0.0,0.0,0.3548592906639519,0.0,3.6494404831168703,0.5203542559710809,0.0,1.5516358498657339,0.7092272589719937,0.0,2.795099205477028,0.5152470624092854,0.0,0.0,0.38979700220054125,0.0,3.058299717733807,0.32825626495339183,0.0,0.0,0.4859783870088814,0.0,3.606734125601358,0.5004409138459954,0.2743013560478646,0.5565002562326391,0.602844822743232,1.0427241190147414,1.9028775216978036,0.4237964251410577,0.0,1.6921801422351173,0.3400916025288517,0.0,3.5888619583281685,0.48680931012541834,0.0,1.7658182869822259,0.5314953783898292,0.0,0.9641778926806862,0.7180279380426906,0.06928416274407319,2.787128395400759,44
synthetic-fleet-01-unit-0002,112,0,540.0,1.35,48.5,530.0,2400.0,8300.0,8.7,0.032845048920241794,400.0,2400.0,102.0,660.0,40.0,24.5,1650.0,1459.042700172088,15.2,22.0,560.0,2400.0,9250.0,0.7594153544895171,0.5328216398036902,0.6332531432970843,0.32426347057874993,0.7447757229226796,0.44552252627941374,0.35494724141344614,0.3548592906639519,0.5203542559710809,0.7092272589719937,0.5152470624092854,0.38979700220054125,0.32825626495339183,0.4859783870088814,0.623112209534675,1.617854695565928,0.4237964251410577,0.3400916025288517,0.48680931012541834,0.5314953783898292,0.7490127575746718,0.7594153544895171,0.0,1.8879080344915438,0.5328216398036902,0.0,3.434650186229181,0.6332531432970843,0.0,2.5141431727763397,0.6482639493959819,0.1811217738444528,2.121332877468083,0.7447757229226796,0.0,2.989169072646721,0.44552252627941374,0.0,0.0,0.35494724141344614,0.0,0.0,0.3548592906639519,0.0,3.6494404831168703,0.5203542559710809,0.0,1.5516358498657339,0.7092272589719937,0.0,2.795099205477028,0.5152470624092854,0.0,0.0,0.38979700220054125,0.0,3.058299717733807,0.32825626495339183,0.0,0.0,0.4859783870088814,0.0,3.606734125601358,0.5004409138459955,0.2743013560478646,1.1698567346760373,0.9394653489856551,1.044799570273745,3.5071196125231365,0.4237964251410577,0.0,1.6921801422351173,0.3400916025288517,0.0,3.5888619583281685,0.48680931012541834,0.0,1.7658182869822259,0.5314953783898292,0.0,0.9641778926806862,0.7180279380426906,0.06928416274407319,2.787128395400759,43
synthetic-fleet-01-unit-0002,113,0,540.0,1.35,48.5,530.0,2400.0,8300.0,8.7,0.03231968028553175,400.0,2400.0,102.0,660.0,40.0,24.5,1650.0,1442.091674945137,15.2,22.0,560.0,2400.0,9250.0,0.7594153544895171,0.5328216398036902,0.6332531432970843,-0.30227550072702036,0.7447757229226796,0.44552252627941374,0.35494724141344614,0.3548592906639519,0.5203542559710809,0.7092272589719937,0.5152470624092854,0.38979700220054125,0.32825626495339183,0.4859783870088814,0.623112209534675,1.026816232036432,0.4237964251410577,0.3400916025288517,0.48680931012541834,0.5314953783898292,0.7490127575746718,0.7594153544895171,0.0,1.8879080344915438,0.5328216398036902,0.0,3.434650186229181,0.6332531432970843,0.0,2.5141431727763397,0.4419560354305199,0.4514891576401279,1.4947939061623126,0.7447757229226796,0.0,2.989169072646721,0.44552252627941374,0.0,0.0,0.35494724141344614,0.0,0.0,0.3548592906639519,0.0,3.6494404831168703,0.5203542559710809,0.0,1.5516358498657339,0.7092272589719937,0.0,2.795099205477028,0.5152470624092854,0.0,0.0,0.38979700220054125,0.0,3.058299717733807,0.32825626495339183,0.0,0.0,0.4859783870088814,0.0,3.606734125601358,0.5004409138459954,0.2743013560478646,1.1698567346760373,1.1828283961748505,0.8369941990240343,2.9160811489936407,0.4237964251410577,0.0,1.6921801422351173,0.3400916025288517,0.0,3.5888619583281685,0.48680931012541834,0.0,1.7658182869822259,0.5314953783898292,0.0,0.9641778926806862,0.7180279380426906,0.06928416274407319,2.787128395400759,42
synthetic-fleet-01-unit-0002,114,0,540.0,1.35,48.5,530.0,2400.0,8300.0,8.7,0.03191804626663296,400.0,2400.0,102.0,660.0,40.0,24.5,1650.0,1470.0,15.165430780495145,22.0,560.0,2400.0,9250.0,0.7594153544895171,0.5328216398036902,0.6332531432970843,0.7292640691002898,0.602428107510093,0.44552252627941374,0.35494724141344614,0.3548592906639519,0.5203542559710809,0.7092272589719937,0.5152470624092854,0.38979700220054125,0.32825626495339183,0.4859783870088814,0.623112209534675,0.5749789167727805,0.4237964251410577,0.3400916025288517,0.48680931012541834,0.5314953783898292,0.7490127575746718,0.7594153544895171,0.0,1.8879080344915438,0.5328216398036902,0.0,3.434650186229181,0.6332531432970843,0.0,2.5141431727763397,0.4419560354305198,0.4514891576401279,2.526333475989623,0.7163061998401623,0.06365978889950807,2.8468214572341344,0.44552252627941374,0.0,0.0,0.35494724141344614,0.0,0.0,0.3548592906639519,0.0,3.6494404831168703,0.5203542559710809,0.0,1.5516358498657339,0.7092272589719937,0.0,2.795099205477028,0.5152470624092854,0.0,0.0,0.38979700220054125,0.0,3.058299717733807,0.32825626495339183,0.0,0.0,0.4859783870088814,0.0,3.606734125601358,0.5004409138459955,0.2743013560478646,1.1698567346760373,0.8437584203701863,0.5946046553744028,2.464243833729989,0.4237964251410577,0.0,1.6921801422351173,0.3400916025288517,0.0,3.5888619583281685,0.48680931012541834,0.0,1.7658182869822259,0.5314953783898292,0.0,0.9641778926806862,0.7490127575746718,0.0,2.787128395400759,41
synthetic-fleet-01-unit-0002,115,0,540.0,1.35,48.5,530.0,2400.0,8300.0,8.7,0.03283498643095625,400.0,2400.0,102.0,660.0,40.0,24.5,1650.0,1470.0,15.2,22.0,560.0,2400.0,9250.0,0.7594153544895171,0.5328216398036902,0.6332531432970843,0.7292640691002898,0.7447757229226796,0.44552252627941374,0.35494724141344614,0.3548592906639519,0.5203542559710809,0.7092272589719937,0.5152470624092854,0.38979700220054125,0.32825626495339183,0.4859783870088814,0.623112209534675,1.606534419071138,0.4237964251410577,0.3400916025288517,0.48680931012541834,0.5314953783898292,0.7490127575746718,0.7594153544895171,0.0,1.8879080344915438,0.5328216398036902,0.0,3.434650186229181,0.6332531432970843,0.0,2.5141431727763397,0.4419560354305199,0.4514891576401279,2.526333475989623,0.7163061998401623,0.06365978889950807,2.989169072646721,0.44552252627941374,0.0,0.0,0.35494724141344614,0.0,0.0,0.3548592906639519,0.0,3.6494404831168703,0.5203542559710809,0.0,1.5516358498657339,0.7092272589719937,0.0,2.795099205477028,0.5152470624092854,0.0,0.0,0.38979700220054125,0.0,3.058299717733807,0.32825626495339183,0.0,0.0,0.4859783870088814,0.0,3.606734125601358,0.5004409138459954,0.2743013560478646,1.1698567346760373,0.9679593736373746,0.6889879430507473,3.4957993360283464,0.4237964251410577,0.0,1.6921801422351173,0.3400916025288517,0.0,3.5888619583281685,0.48680931012541834,0.0,1.7658182869822259,0.5314953783898292,0.0,0.9641778926806862,0.7490127575746718,0.0,2.787128395400759,40
synthetic-fleet-01-unit-0002,116,0,540.0,1.35,48.5,530.0,2400.0,8300.0,8.7,0.03166669849958442,400.0,2400.0,102.0,660.0,40.0,24.5,1650.0,1470.0,15.2,22.0,560.0,2400.0,9250.0,0.7594153544895171,0.5328216398036902,0.6332531432970843,0.7292640691002898,0.7447757229226796,0.44552252627941374,0.35494724141344614,0.3548592906639519,0.5203542559710809,0.7092272589719937,0.5152470624092854,0.38979700220054125,0.32825626495339183,0.4859783870088814,0.623112209534675,0.2922132771187792,0.4237964251410577,0.3400916025288517,0.48680931012541834,0.5314953783898292,0.7490127575746718,0.7594153544895171,0.0,1.8879080344915438,0.5328216398036902,0.0,3.434650186229181,0.6332531432970843,0.0,2.5141431727763397,0.4419560354305198,0.4514891576401279,2.526333475989623,0.7163061998401623,0.06365978889950807,2.989169072646721,0.44552252627941374,0.0,0.0,0.35494724141344614,0.0,0.0,0.3548592906639519,0.0,3.6494404831168703,0.5203542559710809,0.0,1.5516358498657339,0.7092272589719937,0.0,2.795099205477028,0.5152470624092854,0.0,0.0,0.38979700220054125,0.0,3.058299717733807,0.32825626495339183,0.0,0.0,0.4859783870088814,0.0,3.606734125601358,0.623112209534675,0.0,1.1698567346760373,1.0236795081130114,0.5977350808267153,2.1814781940759875,0.4237964251410577,0.0,1.6921801422351173,0.3400916025288517,0.0,3.5888619583281685,0.48680931012541834,0.0,1.7658182869822259,0.5314953783898292,0.0,0.9641778926806862,0.7490127575746718,0.0,2.787128395400759,39
synthetic-fleet-01-unit-0002,117,0,540.0,1.344600352489985,48.5,530.0,2400.0,8300.0,8.7,0.031879694284064744,400.0,2400.0,102.0,660.0,40.0,24.5,1650.0,1470.0,15.2,22.0,560.0,2400.0,9250.0,0.7594153544895171,0.5328216398036902,0.6332531432970843,0.7292640691002898,0.7447757229226796,0.44552252627941374,0.35494724141344614,0.3548592906639519,0.5203542559710809,0.4565762367534117,0.5152470624092854,0.38979700220054125,0.32825626495339183,0.4859783870088814,0.623112209534675,0.5318330276716219,0.4237964251410577,0.3400916025288517,0.48680931012541834,0.5314953783898292,0.7490127575746718,0.7594153544895171,0.0,1.8879080344915438,0.5328216398036902,0.0,3.434650186229181,0.6332531432970843,0.0,2.5141431727763397,0.5229561551348278,0.4613185199229513,2.526333475989623,0.7163061998401623,0.06365978889950807,2.989169072646721,0.44552252627941374,0.0,0.0,0.35494724141344614,0.0,0.0,0.3548592906639519,0.0,3.6494404831168703,0.5203542559710809,0.0,1.5516358498657339,0.6586970545282773,0.11298897205311181,2.542448183258446,0.5152470624092854,0.0,0.0,0.38979700220054125,0.0,3.058299717733807,0.32825626495339183,0.0,0.0,0.4859783870088814,0.0,3.606734125601358,0.623112209534675,0.0,1.1698567346760373,0.8064751745341502,0.5201271723613289,2.4210979446288303,0.4237964251410577,0.0,1.6921801422351173,0.3400916025288517,0.0,3.5888619583281685,0.48680931012541834,0.0,1.7658182869822259,0.5314953783898292,0.0,0.9641778926806862,0.7490127575746718,0.0,2.787128395400759,38
synthetic-fleet-01-unit-0002,118,0,540.0,1.35,48.5,530.0,2400.0,8300.0,8.7,0.0315929544484183,400.0,2400.0,102.0,660.0,40.0,24.5,1621.8684886540973,1470.0,15.2,22.0,560.0,2400.0,9250.0,0.7594153544895171,0.5328216398036902,-0.6345167759543441,0.7292640691002898,0.7447757229226796,0.44552252627941374,0.35494724141344614,0.3548592906639519,0.5203542559710809,0.7092272589719937,0.5152470624092854,0.38979700220054125,0.32825626495339183,0.4859783870088814,0.623112209534675,0.2092513950876612,0.4237964251410577,0.3400916025288517,0.48680931012541834,0.5314953783898292,0.7490127575746718,0.7594153544895171,0.0,1.8879080344915438,0.5328216398036902,0.0,3.434650186229181,0.37969915944679855,0.5669639438551226,1.2463732535249115,0.7292640691002898,0.0,2.526333475989623,0.7163061998401623,0.06365978889950807,2.989169072646721,0.44552252627941374,0.0,0.0,0.35494724141344614,0.0,0.0,0.3548592906639519,0.0,3.6494404831168703,0.5203542559710809,0.0,1.5516358498657339,0.6586970545282773,0.11298897205311181,2.795099205477028,0.5152470624092854,0.0,0.0,0.38979700220054125,0.0,3.058299717733807,0.32825626495339183,0.0,0.0,0.4859783870088814,0.0,3.606734125601358,0.623112209534675,0.0,1.1698567346760373,0.642962207144396,0.5604847701558169,2.0985163120448695,0.4237964251410577,0.0,1.6921801422351173,0.3400916025288517,0.0,3.5888619583281685,0.48680931012541834,0.0,1.7658182869822259,0.5314953783898292,0.0,0.9641778926806862,0.7490127575746718,0.0,2.787128395400759,37
synthetic-fleet-01-unit-0002,119,0,540.0,1.35,48.5,530.0,2400.0,8300.0,8.7,0.031096872885062014,400.0,2400.0,102.0,660.0,40.0,24.5,1650.0,1470.0,15.2,22.0,560.0,2400.0,9250.0,0.7594153544895171,0.5328216398036902,0.6332531432970843,0.7292640691002898,0.7447757229226796,0.44552252627941374,0.35494724141344614,0.3548592906639519,0.5203542559710809,0.7092272589719937,0.5152470624092854,0.38979700220054125,0.32825626495339183,0.4859783870088814,0.623112209534675,-0.34883918287999915,0.4237964251410577,0.3400916025288517,0.48680931012541834,0.5314953783898292,0.7490127575746718,0.7594153544895171,0.0,1.8879080344915438,0.5328216398036902,0.0,3.434650186229181,0.3796991594467986,0.5669639438551226,2.5141431727763397,0.7292640691002898,0.0,2.526333475989623,0.7447757229226796,0.0,2.989169072646721,0.44552252627941374,0.0,0.0,0.35494724141344614,0.0,0.0,0.3548592906639519,0.0,3.6494404831168703,0.5203542559710809,0.0,1.5516358498657339,0.6586970545282773,0.11298897205311181,2.795099205477028,0.5152470624092854,0.0,0.0,0.38979700220054125,0.0,3.058299717733807,0.32825626495339183,0.0,0.0,0.4859783870088814,0.0,3.606734125601358,0.623112209534675,0.0,1.1698567346760373,0.4581985872138402,0.7184937375408763,1.5404257340772092,0.4237964251410577,0.0,1.6921801422351173,0.3400916025288517,0.0,3.5888619583281685,0.48680931012541834,0.0,1.7658182869822259,0.5314953783898292,0.0,0.9641778926806862,0.7490127575746718,0.0,2.787128395400759,36
synthetic-fleet-01-unit-0002,120,0,540.0,1.35,48.5,530.0,2400.0,8300.0,8.7,0.032007986140412024,400.0,2400.0,102.0,660.0,40.0,24.5,1650.0,1470.0,15.2,22.0,560.0,2400.0,9250.0,0.7594153544895171,0.5328216398036902,0.6332531432970843,0.7292640691002898,0.7447757229226796,0.44552252627941374,0.35494724141344614,0.3548592906639519,0.5203542559710809,0.7092272589719937,0.5152470624092854,0.38979700220054125,0.32825626495339183,0.4859783870088814,0.623112209534675,0.6761610606930295,0.4237964251410577,0.3400916025288517,0.48680931012541834,0.5314953783898292,0.7490127575746718,0.7594153544895171,0.0,1.8879080344915438,0.5328216398036902,0.0,3.434650186229181,0.3796991594467986,0.5669639438551226,2.5141431727763397,0.7292640691002898,0.0,2.526333475989623,0.7447757229226796,0.0,2.989169072646721,0.44552252627941374,0.0,0.0,0.35494724141344614,0.0,0.0,0.3548592906639519,0.0,3.6494404831168703,0.5203542559710809,0.0,1.5516358498657339,0.6586970545282773,0.11298897205311181,2.795099205477028,0.5152470624092854,0.0,0.0,0.38979700220054125,0.0,3.058299717733807,0.32825626495339183,0.0,0.0,0.4859783870088814,0.0,3.606734125601358,0.623112209534675,0.0,1.1698567346760373,0.2721239155382184,0.39390561796693496,2.565425977650238,0.4237964251410577,0.0,1.6921801422351173,0.3400916025288517,0.0,3.5888619583281685,0.48680931012541834,0.0,1.7658182869822259,0.5314953783898292,0.0,0.9641778926806862,0.7490127575746718,0.0,2.787128395400759,35
synthetic-fleet-01-unit-0002,121,0,540.0,1.35,48.5,530.0,2400.0,8300.0,8.7,0.0327520600758725,400.0,2400.0,102.0,660.0,40.0,24.5,1650.0,1470.0,15.172291493372663,22.0,560.0,2400.0,9250.0,0.7594153544895171,0.5328216398036902,0.6332531432970843,0.7292640691002898,0.6306788499952691,0.44552252627941374,0.35494724141344614,0.3548592906639519,0.5203542559710809,0.7092272589719937,0.5152470624092854,0.38979700220054125,0.32825626495339183,0.4859783870088814,0.623112209534675,1.51324246698905,0.4237964251410577,0.3400916025288517,0.48680931012541834,0.5314953783898292,0.7490127575746718,0.7594153544895171,0.0,1.8879080344915438,0.5328216398036902,0.0,3.434650186229181,0.3796991594467986,0.5669639438551226,2.5141431727763397,0.7292640691002898,0.0,2.526333475989623,0.7219563483371976,0.051025672777169025,2.8750721997193107,0.44552252627941374,0.0,0.0,0.35494724141344614,0.0,0.0,0.3548592906639519,0.0,3.6494404831168703,0.5203542559710809,0.0,1.5516358498657339,0.6586970545282773,0.11298897205311181,2.795099205477028,0.5152470624092854,0.0,0.0,0.38979700220054125,0.0,3.058299717733807,0.32825626495339183,0.0,0.0,0.4859783870088814,0.0,3.606734125601358,0.623112209534675,0.0,1.1698567346760373,0.5163297535122726,0.6823554358373829,3.4025073839462587,0.4237964251410577,0.0,1.6921801422351173,0.3400916025288517,0.0,3.5888619583281685,0.48680931012541834,0.0,1.7658182869822259,0.5314953783898292,0.0,0.9641778926806862,0.7490127575746718,0.0,2.787128395400759,34
synthetic-fleet-01-unit-0002,122,0,540.0,1.35,48.5,530.0,2400.0,8300.0,8.7,0.03151764411360902,400.0,2400.0,102.0,660.0,40.0,24.5,1650.0,1470.0,15.2,22.0,560.0,2400.0,9250.0,0.7594153544895171,0.5328216398036902,0.6332531432970843,0.7292640691002898,0.7447757229226796,0.44552252627941374,0.35494724141344614,0.3548592906639519,0.5203542559710809,0.7092272589719937,0.5152470624092854,0.38979700220054125,0.32825626495339183,0.4859783870088814,0.623112209534675,0.12452744768616757,0.4237964251410577,0.3400916025288517,0.48680931012541834,0.5314953783898292,0.7490127575746718,0.7594153544895171,0.0,1.8879080344915438,0.5328216398036902,0.0,3.434650186229181,0.3796991594467986,0.5669639438551226,2.5141431727763397,0.7292640691002898,0.0,2.526333475989623,0.7219563483371976,0.051025672777169025,2.989169072646721,0.44552252627941374,0.0,0.0,0.35494724141344614,0.0,0.0,0.3548592906639519,0.0,3.6494404831168703,0.5203542559710809,0.0,1.5516358498657339,0.7092272589719937,0.0,2.795099205477028,0.5152470624092854,0.0,0.0,0.38979700220054125,0.0,3.058299717733807,0.32825626495339183,0.0,0.0,0.4859783870088814,0.0,3.606734125601358,0.623112209534675,0.0,1.1698567346760373,0.4348686375151818,0.7040108116198988,2.013792364643376,0.4237964251410577,0.0,1.6921801422351173,0.3400916025288517,0.0,3.5888619583281685,0.48680931012541834,0.0,1.7658182869822259,0.5314953783898292,0.0,0.9641778926806862,0.7490127575746718,0.0,2.787128395400759,33
synthetic-fleet-01-unit-0002,123,0,540.0,1.35,48.5,530.0,2400.0,8300.0,8.7,0.03186041817615988,400.0,2400.0,102.0,660.0,40.0,24.5,1650.0,1470.0,15.2,22.0,560.0,2400.0,9250.0,0.7594153544895171,0.5328216398036902,0.6332531432970843,0.7292640691002898,0.7447757229226796,0.44552252627941374,0.35494724141344614,0.3548592906639519,0.5203542559710809,0.7092272589719937,0.5152470624092854,0.38979700220054125,0.32825626495339183,0.4859783870088814,0.623112209534675,0.5101474521609949,0.4237964251410577,0.3400916025288517,0.48680931012541834,0.5314953783898292,0.7490127575746718,0.7594153544895171,0.0,1.8879080344915438,0.5328216398036902,0.0,3.434650186229181,0.6332531432970843,0.0,2.5141431727763397,0.7292640691002898,0.0,2.526333475989623,0.7219563483371976,0.051025672777169025,2.989169072646721,0.44552252627941374,0.0,0.0,0.35494724141344614,0.0,0.0,0.3548592906639519,0.0,3.6494404831168703,0.5203542559710809,0.0,1.5516358498657339,0.7092272589719937,0.0,2.795099205477028,0.5152470624092854,0.0,0.0,0.38979700220054125,0.0,3.058299717733807,0.32825626495339183,0.0,0.0,0.4859783870088814,0.0,3.606734125601358,0.623112209534675,0.0,1.1698567346760373,0.4950478489298485,0.6926725351730532,2.3994123691182034,0.4237964251410577,0.0,1.6921801422351173,0.3400916025288517,0.0,3.5888619583281685,0.48680931012541834,0.0,1.7658182869822259,0.5314953783898292,0.0,0.9641778926806862,0.7490127575746718,0.0,2.787128395400759,32
synthetic-fleet-01-unit-0002,124,0,540.0,1.35,48.5,530.0,2400.0,8300.0,8.7,0.03212225602948504,400.0,2400.0,102.0,660.0,40.0,24.5,1650.0,1470.0,15.2,22.0,560.0,2400.0,9250.0,0.7594153544895171,0.5328216398036902,0.6332531432970843,0.7292640691002898,0.7447757229226796,0.44552252627941374,0.35494724141344614,0.3548592906639519,0.5203542559710809,0.7092272589719937,0.5152470624092854,0.38979700220054125,0.32825626495339183,0.4859783870088814,0.623112209534675,0.8047144139069613,0.4237964251410577,0.3400916025288517,0.48680931012541834,0.5314953783898292,0.7490127575746718,0.7594153544895171,0.0,1.8879080344915438,0.5328216398036902,0.0,3.434650186229181,0.6332531432970843,0.0,2.5141431727763397,0.7292640691002898,0.0,2.526333475989623,0.7219563483371976,0.051025672777169025,2.989169072646721,0.44552252627941374,0.0,0.0,0.35494724141344614,0.0,0.0,0.3548592906639519,0.0,3.6494404831168703,0.5203542559710809,0.0,1.5516358498657339,0.7092272589719937,0.0,2.795099205477028,0.5152470624092854,0.0,0.0,0.38979700220054125,0.0,3.058299717733807,0.32825626495339183,0.0,0.0,0.4859783870088814,0.0,3.606734125601358,0.623112209534675,0.0,1.1698567346760373,0.7257585682872405,0.5091148796706207,2.6939793308641695,0.4237964251410577,0.0,1.6921801422351173,0.3400916025288517,0.0,3.5888619583281685,0.48680931012541834,0.0,1.7658182869822259,0.5314953783898292,0.0,0.9641778926806862,0.7490127575746718,0.0,2.787128395400759,31
synthetic-fleet-01-unit-0002,125,0,538.1035617342983,1.35,48.5,530.0,2400.0,8300.0,8.7,0.03185955821639357,400.0,2400.0,102.0,660.0,40.0,24.5,1650.0,1470.0,15.2,22.0,560.0,2400.0,9250.0,0.5430208247718485,0.5328216398036902,0.6332531432970843,0.7292640691002898,0.7447757229226796,0.44552252627941374,0.35494724141344614,0.3548592906639519,0.5203542559710809,0.7092272589719937,0.5152470624092854,0.38979700220054125,0.32825626495339183,0.4859783870088814,0.623112209534675,0.5091799994708361,0.4237964251410577,0.3400916025288517,0.48680931012541834,0.5314953783898292,0.7490127575746718,0.7161364485459835,0.09677457568156109,1.6715135047738752,0.5328216398036902,0.0,3.434650186229181,0.6332531432970843,0.0,2.5141431727763397,0.7292640691002898,0.0,2.526333475989623,0.7219563483371976,0.051025672777169025,2.989169072646721,0.44552252627941374,0.0,0.0,0.35494724141344614,0.0,0.0,0.3548592906639519,0.0,3.6494404831168703,0.5203542559710809,0.0,1.5516358498657339,0.7092272589719937,0.0,2.795099205477028,0.5152470624092854,0.0,0.0,0.38979700220054125,0.0,3.058299717733807,0.32825626495339183,0.0,0.0,0.4859783870088814,0.0,3.606734125601358,0.623112209534675,0.0,1.1698567346760373,0.6923623560428018,0.518570552470382,2.3984449164280446,0.4237964251410577,0.0,1.6921801422351173,0.3400916025288517,0.0,3.5888619583281685,0.48680931012541834,0.0,1.7658182869822259,0.5314953783898292,0.0,0.9641778926806862,0.7490127575746718,0.0,2.787128395400759,30
synthetic-fleet-01-unit-0002,126,0,540.0,1.35,48.5,530.0,2400.0,8300.0,8.7,0.032659006061086175,400.0,2400.0,102.0,660.0,40.0,24.5,1650.0,1470.0,15.2,22.0,560.0,2400.0,9250.0,0.7594153544895171,0.5328216398036902,0.6332531432970843,0.7292640691002898,0.7447757229226796,0.44552252627941374,0.35494724141344614,0.3548592906639519,0.5203542559710809,0.7092272589719937,0.5152470624092854,0.38979700220054125,0.32825626495339183,0.4859783870088814,0.623112209534675,1.4085569218481306,0.4237964251410577,0.3400916025288517,0.48680931012541834,0.5314953783898292,0.7490127575746718,0.7161364485459835,0.09677457568156109,1.8879080344915438,0.5328216398036902,0.0,3.434650186229181,0.6332531432970843,0.0,2.5141431727763397,0.7292640691002898,0.0,2.526333475989623,0.7447757229226796,0.0,2.989169072646721,0.44552252627941374,0.0,0.0,0.35494724141344614,0.0,0.0,0.3548592906639519,0.0,3.6494404831168703,0.5203542559710809,0.0,1.5516358498657339,0.7092272589719937,0.0,2.795099205477028,0.5152470624092854,0.0,0.0,0.38979700220054125,0.0,3.058299717733807,0.32825626495339183,0.0,0.0,0.4859783870088814,0.0,3.606734125601358,0.623112209534675,0.0,1.1698567346760373,0.671425247014618,0.47764012562477853,3.297821838805339,0.4237964251410577,0.0,1.6921801422351173,0.3400916025288517,0.0,3.5888619583281685,0.48680931012541834,0.0,1.7658182869822259,0.5314953783898292,0.0,0.9641778926806862,0.7490127575746718,0.0,2.787128395400759,29
synthetic-fleet-01-unit-0002,127,0,540.0,1.35,48.5,530.0,2400.0,8300.0,8.7,0.03187386715404925,400.0,2400.0,102.0,660.0,40.0,24.5,1650.0,1470.0,15.2,22.0,560.0,2400.0,9250.0,0.7594153544895171,0.5328216398036902,0.6332531432970843,0.7292640691002898,0.7447757229226796,0.44552252627941374,0.35494724141344614,0.3548592906639519,0.5203542559710809,0.7092272589719937,0.5152470624092854,0.38979700220054125,0.32825626495339183,0.4859783870088814,0.623112209534675,0.525277520274338,0.4237964251410577,0.3400916025288517,0.48680931012541834,0.5314953783898292,0.7490127575746718,0.7161364485459835,0.09677457568156109,1.8879080344915438,0.5328216398036902,0.0,3.434650186229181,0.6332531432970843,0.0,2.5141431727763397,0.7292640691002898,0.0,2.526333475989623,0.7447757229226796,0.0,2.989169072646721,0.44552252627941374,0.0,0.0,0.35494724141344614,0.0,0.0,0.3548592906639519,0.0,3.6494404831168703,0.5203542559710809,0.0,1.5516358498657339,0.7092272589719937,0.0,2.795099205477028,0.5152470624092854,0.0,0.0,0.38979700220054125,0.0,3.058299717733807,0.32825626495339183,0.0,0.0,0.4859783870088814,0.0,3.606734125601358,0.623112209534675,0.0,1.1698567346760373,0.7515752615322521,0.3881694827689904,2.4145424372315465,0.4237964251410577,0.0,1.6921801422351173,0.3400916025288517,0.0,3.5888619583281685,0.48680931012541834,0.0,1.7658182869822259,0.5314953783898292,0.0,0.9641778926806862,0.7490127575746718,0.0,2.787128395400759,28
synthetic-fleet-01-unit-0002,128,0,540.0,1.35,48.5,530.0,2400.0,8300.0,8.7,0.03155022847751339,400.0,2400.0,102.0,660.0,40.0,24.5,1650.0,1470.0,15.2,22.0,560.0,2400.0,9250.0,0.7594153544895171,0.5328216398036902,0.6332531432970843,0.7292640691002898,0.7447757229226796,0.44552252627941374,0.35494724141344614,0.3548592906639519,0.5203542559710809,0.7092272589719937,0.5152470624092854,0.38979700220054125,0.32825626495339183,0.4859783870088814,0.623112209534675,0.16118477951899013,0.4237964251410577,0.3400916025288517,0.48680931012541834,0.5314953783898292,0.7490127575746718,0.7161364485459834,0.09677457568156109,1.8879080344915438,0.5328216398036902,0.0,3.434650186229181,0.6332531432970843,0.0,2.5141431727763397,0.7292640691002898,0.0,2.526333475989623,0.7447757229226796,0.0,2.989169072646721,0.44552252627941374,0.0,0.0,0.35494724141344614,0.0,0.0,0.3548592906639519,0.0,3.6494404831168703,0.5203542559710809,0.0,1.5516358498657339,0.7092272589719937,0.0,2.795099205477028,0.5152470624092854,0.0,0.0,0.38979700220054125,0.0,3.058299717733807,0.32825626495339183,0.0,0.0,0.4859783870088814,0.0,3.606734125601358,0.623112209534675,0.0,1.1698567346760373,0.6817827270038511,0.4659991239656838,2.0504496964761985,0.4237964251410577,0.0,1.6921801422351173,0.3400916025288517,0.0,3.5888619583281685,0.48680931012541834,0.0,1.7658182869822259,0.5314953783898292,0.0,0.9641778926806862,0.7490127575746718,0.0,2.787128395400759,27
synthetic-fleet-01-unit-0002,129,0,540.0,1.35,48.5,530.0,2400.0,8300.0,8.7,0.03177374209418438,400.0,2400.0,102.0,660.0,40.0,24.5,1650.0,1470.0,15.2,22.0,560.0,2400.0,9250.0,0.7594153544895171,0.5328216398036902,0.6332531432970843,0.7292640691002898,0.7447757229226796,0.44552252627941374,0.35494724141344614,0.3548592906639519,0.5203542559710809,0.7092272589719937,0.5152470624092854,0.38979700220054125,0.32825626495339183,0.4859783870088814,0.623112209534675,0.41263706625105634,0.4237964251410577,0.3400916025288517,0.48680931012541834,0.5314953783898292,0.7490127575746718,0.7161364485459835,0.09677457568156109,1.8879080344915438,0.5328216398036902,0.0,3.434650186229181,0.6332531432970843,0.0,2.5141431727763397,0.7292640691002898,0.0,2.526333475989623,0.7447757229226796,0.0,2.989169072646721,0.44552252627941374,0.0,0.0,0.35494724141344614,0.0,0.0,0.3548592906639519,0.0,3.6494404831168703,0.5203542559710809,0.0,1.5516358498657339,0.7092272589719937,0.0,2.795099205477028,0.5152470624092854,0.0,0.0,0.38979700220054125,0.0,3.058299717733807,0.32825626495339183,0.0,0.0,0.4859783870088814,0.0,3.606734125601358,0.623112209534675,0.0,1.1698567346760373,0.6033672574726701,0.4730758374445304,2.301901983208265,0.4237964251410577,0.0,1.6921801422351173,0.3400916025288517,0.0,3.5888619583281685,0.48680931012541834,0.0,1.7658182869822259,0.5314953783898292,0.0,0.9641778926806862,0.7490127575746718,0.0,2.787128395400759,26
synthetic-fleet-01-unit-0002,130,0,540.0,1.35,48.5,530.0,2400.0,8300.0,8.7,0.03282415345553575,400.0,2400.0,102.0,660.0,40.0,24.5,1650.0,1470.0,15.2,22.0,560.0,2400.0,9250.0,0.7594153544895171,0.5328216398036902,0.6332531432970843,0.7292640691002898,0.7447757229226796,0.44552252627941374,0.35494724141344614,0.3548592906639519,0.5203542559710809,0.7092272589719937,0.5152470624092854,0.38979700220054125,0.32825626495339183,0.4859783870088814,0.623112209534675,1.5943473475084802,0.4237964251410577,0.3400916025288517,0.48680931012541834,0.5314953783898292,0.7490127575746718,0.7594153544895171,0.0,1.8879080344915438,0.5328216398036902,0.0,3.434650186229181,0.6332531432970843,0.0,2.5141431727763397,0.7292640691002898,0.0,2.526333475989623,0.7447757229226796,0.0,2.989169072646721,0.44552252627941374,0.0,0.0,0.35494724141344614,0.0,0.0,0.3548592906639519,0.0,3.6494404831168703,0.5203542559710809,0.0,1.5516358498657339,0.7092272589719937,0.0,2.795099205477028,0.5152470624092854,0.0,0.0,0.38979700220054125,0.0,3.058299717733807,0.32825626495339183,0.0,0.0,0.4859783870088814,0.0,3.606734125601358,0.623112209534675,0.0,1.1698567346760373,0.820400727080199,0.6389162027456033,3.4836122644656884,0.4237964251410577,0.0,1.6921801422351173,0.3400916025288517,0.0,3.5888619583281685,0.48680931012541834,0.0,1.7658182869822259,0.5314953783898292,0.0,0.9641778926806862,0.7490127575746718,0.0,2.787128395400759,25
synthetic-fleet-01-unit-0002,131,0,540.0,1.3485716048201495,48.5,530.0,2400.0,8300.0,8.7,0.03181471187978548,400.0,2400.0,102.0,660.0,40.0,24.5,1650.0,1470.0,15.2,22.0,560.0,2400.0,9250.0,0.7594153544895171,0.5328216398036902,0.6332531432970843,0.7292640691002898,0.7447757229226796,0.44552252627941374,0.35494724141344614,0.3548592906639519,0.5203542559710809,0.642392247676906,0.5152470624092854,0.38979700220054125,0.32825626495339183,0.4859783870088814,0.623112209534675,0.4587279775331338,0.4237964251410577,0.3400916025288517,0.48680931012541834,0.5314953783898292,0.7490127575746718,0.7594153544895171,0.0,1.8879080344915438,0.5328216398036902,0.0,3.434650186229181,0.6332531432970843,0.0,2.5141431727763397,0.7292640691002898,0.0,2.526333475989623,0.7447757229226796,0.0,2.989169072646721,0.44552252627941374,0.0,0.0,0.35494724141344614,0.0,0.0,0.3548592906639519,0.0,3.6494404831168703,0.5203542559710809,0.0,1.5516358498657339,0.6958602567129761,0.029889525706556484,2.72826419418194,0.5152470624092854,0.0,0.0,0.38979700220054125,0.0,3.058299717733807,0.32825626495339183,0.0,0.0,0.4859783870088814,0.0,3.606734125601358,0.623112209534675,0.0,1.1698567346760373,0.6304349382171995,0.5561699650630136,2.3479928944903423,0.4237964251410577,0.0,1.6921801422351173,0.3400916025288517,0.0,3.5888619583281685,0.48680931012541834,0.0,1.7658182869822259,0.5314953783898292,0.0,0.9641778926806862,0.7490127575746718,0.0,2.787128395400759,24
synthetic-fleet-01-unit-0002,132,0,540.0,1.35,48.5,530.0,2400.0,8300.0,8.7,0.032664969835128115,400.0,2400.0,102.0,660.0,40.0,24.5,1650.0,1470.0,15.2,22.0,560.0,2400.0,9250.0,0.7594153544895171,0.5328216398036902,0.6332531432970843,0.7292640691002898,0.7447757229226796,0.44552252627941374,0.35494724141344614,0.3548592906639519,0.5203542559710809,0.7092272589719937,0.5152470624092854,0.38979700220054125,0.32825626495339183,0.4859783870088814,0.623112209534675,1.415266153449919,0.4237964251410577,0.3400916025288517,0.48680931012541834,0.5314953783898292,0.7490127575746718,0.7594153544895171,0.0,1.8879080344915438,0.5328216398036902,0.0,3.434650186229181,0.6332531432970843,0.0,2.5141431727763397,0.7292640691002898,0.0,2.526333475989623,0.7447757229226796,0.0,2.989169072646721,0.44552252627941374,0.0,0.0,0.35494724141344614,0.0,0.0,0.3548592906639519,0.0,3.6494404831168703,0.5203542559710809,0.0,1.5516358498657339,0.6958602567129761,0.029889525706556484,2.795099205477028,0.5152470624092854,0.0,0.0,0.38979700220054125,0.0,3.058299717733807,0.32825626495339183,0.0,0.0,0.4859783870088814,0.0,3.606734125601358,0.623112209534675,0.0,1.1698567346760373,0.8084326648523158,0.6488039227246715,3.304531070407127,0.4237964251410577,0.0,1.6921801422351173,0.3400916025288517,0.0,3.5888619583281685,0.48680931012541834,0.0,1.7658182869822259,0.5314953783898292,0.0,0.9641778926806862,0.7490127575746718,0.0,2.787128395400759,23
synthetic-fleet-01-unit-0002,133,0,538.6031918146007,1.349647267122368,48.5,530.0,2400.0,8300.0,8.7,0.03194804775740778,400.0,2400.0,102.0,660.0,40.0,24.5,1650.0,1469.2993500794028,15.2,22.0,560.0,2400.0,9250.0,0.6000314948343566,0.5328216398036902,0.6332531432970843,0.7033668460934768,0.7447757229226796,0.44552252627941374,0.35494724141344614,0.3548592906639519,0.5203542559710809,0.692722788645265,0.5152470624092854,0.38979700220054125,0.32825626495339183,0.4859783870088814,0.623112209534675,0.6087305224828045,0.4237964251410577,0.3400916025288517,0.48680931012541834,0.5314953783898292,0.7490127575746718,0.727538582558485,0.07127862894104503,1.728524174836383,0.5328216398036902,0.0,3.434650186229181,0.6332531432970843,0.0,2.5141431727763397,0.7240846244989273,0.011581590214341094,2.5004362529828095,0.7447757229226796,0.0,2.989169072646721,0.44552252627941374,0.0,0.0,0.35494724141344614,0.0,0.0,0.3548592906639519,0.0,3.6494404831168703,0.5203542559710809,0.0,1.5516358498657339,0.6925593626476304,0.02894055301899809,2.7785947351502993,0.5152470624092854,0.0,0.0,0.38979700220054125,0.0,3.058299717733807,0.32825626495339183,0.0,0.0,0.4859783870088814,0.0,3.606734125601358,0.623112209534675,0.0,1.1698567346760373,0.8979418134450787,0.5622894723274638,2.497995439440013,0.4237964251410577,0.0,1.6921801422351173,0.3400916025288517,0.0,3.5888619583281685,0.48680931012541834,0.0,1.7658182869822259,0.5314953783898292,0.0,0.9641778926806862,0.7490127575746718,0.0,2.787128395400759,22
synthetic-fleet-01-unit-0002,134,0,540.0,1.35,48.5,530.0,2400.0,8300.0,8.7,0.03253118684952074,400.0,2400.0,102.0,660.0,40.0,24.5,1650.0,1470.0,15.2,22.0,560.0,2400.0,9250.0,0.7594153544895171,0.5328216398036902,0.6332531432970843,0.7292640691002898,0.7447757229226796,0.44552252627941374,0.35494724141344614,0.3548592906639519,0.5203542559710809,0.7092272589719937,0.5152470624092854,0.38979700220054125,0.32825626495339183,0.4859783870088814,0.623112209534675,1.264760613081279,0.4237964251410577,0.3400916025288517,0.48680931012541834,0.5314953783898292,0.7490127575746718,0.727538582558485,0.07127862894104503,1.8879080344915438,0.5328216398036902,0.0,3.434650186229181,0.6332531432970843,0.0,2.5141431727763397,0.7240846244989273,0.011581590214341094,2.526333475989623,0.7447757229226796,0.0,2.989169072646721,0.44552252627941374,0.0,0.0,0.35494724141344614,0.0,0.0,0.3548592906639519,0.0,3.6494404831168703,0.5203542559710809,0.0,1.5516358498657339,0.6925593626476304,0.02894055301899809,2.795099205477028,0.5152470624092854,0.0,0.0,0.38979700220054125,0.0,3.058299717733807,0.32825626495339183,0.0,0.0,0.4859783870088814,0.0,3.606734125601358,0.623112209534675,0.0,1.1698567346760373,1.068366522811123,0.5046013845269791,3.1540255300384876,0.4237964251410577,0.0,1.6921801422351173,0.3400916025288517,0.0,3.5888619583281685,0.48680931012541834,0.0,1.7658182869822259,0.5314953783898292,0.0,0.9641778926806862,0.7490127575746718,0.0,2.787128395400759,21
synthetic-fleet-01-unit-0002,135,0,540.0,1.35,48.5,530.0,2400.0,8300.0,8.7,0.032488052044769185,400.0,2400.0,102.0,660.0,40.0,24.5,1650.0,1470.0,15.2,22.0,560.0,2400.0,9250.0,0.7594153544895171,0.5328216398036902,0.6332531432970843,0.7292640691002898,0.7447757229226796,0.44552252627941374,0.35494724141344614,0.3548592906639519,0.5203542559710809,0.7092272589719937,0.5152470624092854,0.38979700220054125,0.32825626495339183,0.4859783870088814,0.623112209534675,1.2162340604082675,0.4237964251410577,0.3400916025288517,0.48680931012541834,0.5314953783898292,0.7490127575746718,0.7275385825584851,0.07127862894104503,1.8879080344915438,0.5328216398036902,0.0,3.434650186229181,0.6332531432970843,0.0,2.5141431727763397,0.7240846244989273,0.011581590214341094,2.526333475989623,0.7447757229226796,0.0,2.989169072646721,0.44552252627941374,0.0,0.0,0.35494724141344614,0.0,0.0,0.3548592906639519,0.0,3.6494404831168703,0.5203542559710809,0.0,1.5516358498657339,0.6925593626476304,0.02894055301899809,2.795099205477028,0.5152470624092854,0.0,0.0,0.38979700220054125,0.0,3.058299717733807,0.32825626495339183,0.0,0.0,0.4859783870088814,0.0,3.606734125601358,0.623112209534675,0.0,1.1698567346760373,0.9927438653910807,0.4286914036389002,3.105498977365476,0.4237964251410577,0.0,1.6921801422351173,0.3400916025288517,0.0,3.5888619583281685,0.48680931012541834,0.0,1.7658182869822259,0.5314953783898292,0.0,0.9641778926806862,0.7490127575746718,0.0,2.787128395400759,20
synthetic-fleet-01-unit-0002,136,0,540.0,1.35,48.5,530.0,2400.0,8300.0,8.7,0.03274573658517226,400.0,2400.0,102.0,660.0,40.0,24.5,1650.0,1470.0,15.2,22.0,560.0,2400.0,9250.0,0.7594153544895171,0.5328216398036902,0.6332531432970843,0.7292640691002898,0.7447757229226796,0.44552252627941374,0.35494724141344614,0.3548592906639519,0.5203542559710809,0.7092272589719937,0.5152470624092854,0.38979700220054125,0.32825626495339183,0.4859783870088814,0.623112209534675,1.5061285550028967,0.4237964251410577,0.3400916025288517,0.48680931012541834,0.5314953783898292,0.7490127575746718,0.7275385825584851,0.07127862894104503,1.8879080344915438,0.5328216398036902,0.0,3.434650186229181,0.6332531432970843,0.0,2.5141431727763397,0.7240846244989273,0.011581590214341094,2.526333475989623,0.7447757229226796,0.0,2.989169072646721,0.44552252627941374,0.0,0.0,0.35494724141344614,0.0,0.0,0.3548592906639519,0.0,3.6494404831168703,0.5203542559710809,0.0,1.5516358498657339,0.705926364906648,0.007381023516638657,2.795099205477028,0.5152470624092854,0.0,0.0,0.38979700220054125,0.0,3.058299717733807,0.32825626495339183,0.0,0.0,0.4859783870088814,0.0,3.606734125601358,0.623112209534675,0.0,1.1698567346760373,1.2022239808850332,0.3514564536759405,3.395393471960105,0.4237964251410577,0.0,1.6921801422351173,0.3400916025288517,0.0,3.5888619583281685,0.48680931012541834,0.0,1.7658182869822259,0.5314953783898292,0.0,0.9641778926806862,0.7490127575746718,0.0,2.787128395400759,19
synthetic-fleet-01-unit-0002,137,0,540.0,1.35,48.5,530.0,2400.0,8300.0,8.7,0.03285301900631338,400.0,2400.0,102.0,660.0,40.0,24.5,1650.0,1470.0,15.2,22.0,560.0,2400.0,9250.0,0.7594153544895171,0.5328216398036902,0.6332531432970843,0.7292640691002898,0.7447757229226796,0.44552252627941374,0.35494724141344614,0.3548592906639519,0.5203542559710809,0.7092272589719937,0.5152470624092854,0.38979700220054125,0.32825626495339183,0.4859783870088814,0.623112209534675,1.626821023425501,0.4237964251410577,0.3400916025288517,0.48680931012541834,0.5314953783898292,0.7490127575746718,0.727538582558485,0.07127862894104503,1.8879080344915438,0.5328216398036902,0.0,3.434650186229181,0.6332531432970843,0.0,2.5141431727763397,0.7240846244989273,0.011581590214341094,2.526333475989623,0.7447757229226796,0.0,2.989169072646721,0.44552252627941374,0.0,0.0,0.35494724141344614,0.0,0.0,0.3548592906639519,0.0,3.6494404831168703,0.5203542559710809,0.0,1.5516358498657339,0.705926364906648,0.007381023516638657,2.795099205477028,0.5152470624092854,0.0,0.0,0.38979700220054125,0.0,3.058299717733807,0.32825626495339183,0.0,0.0,0.4859783870088814,0.0,3.606734125601358,0.623112209534675,0.0,1.1698567346760373,1.2445349548801496,0.39371028179447587,3.5160859403827094,0.4237964251410577,0.0,1.6921801422351173,0.3400916025288517,0.0,3.5888619583281685,0.48680931012541834,0.0,1.7658182869822259,0.5314953783898292,0.0,0.9641778926806862,0.7490127575746718,0.0,2.787128395400759,18
synthetic-fleet-01-unit-0002,138,0,540.0,1.35,48.5,530.0,2400.0,8300.0,8.7,0.03240870047822857,400.0,2400.0,102.0,660.0,40.0,24.5,1650.0,1470.0,15.15810944830065,22.0,560.0,2400.0,9250.0,0.7594153544895171,0.5328216398036902,0.6332531432970843,0.7292640691002898,0.5722806470103432,0.44552252627941374,0.35494724141344614,0.3548592906639519,0.5203542559710809,0.7092272589719937,0.5152470624092854,0.38979700220054125,0.32825626495339183,0.4859783870088814,0.623112209534675,1.126963736928249,0.4237964251410577,0.3400916025288517,0.48680931012541834,0.5314953783898292,0.7490127575746718,0.7594153544895171,0.0,1.8879080344915438,0.5328216398036902,0.0,3.434650186229181,0.6332531432970843,0.0,2.5141431727763397,0.7292640691002898,0.0,2.526333475989623,0.7102767077402123,0.07714214310479416,2.8166739967343846,0.44552252627941374,0.0,0.0,0.35494724141344614,0.0,0.0,0.3548592906639519,0.0,3.6494404831168703,0.5203542559710809,0.0,1.5516358498657339,0.7092272589719937,0.0,2.795099205477028,0.5152470624092854,0.0,0.0,0.38979700220054125,0.0,3.058299717733807,0.32825626495339183,0.0,0.0,0.4859783870088814,0.0,3.606734125601358,0.623112209534675,0.0,1.1698567346760373,1.3481815977692384,0.20969842994550197,3.0162286538854577,0.4237964251410577,0.0,1.6921801422351173,0.3400916025288517,0.0,3.5888619583281685,0.48680931012541834,0.0,1.7658182869822259,0.5314953783898292,0.0,0.9641778926806862,0.7490127575746718,0.0,2.787128395400759,17
synthetic-fleet-01-unit-0002,139,0,540.0,1.35,48.5,530.0,2400.0,8300.0,8.7,0.032204190117862484,400.0,2400.0,102.0,660.0,40.0,24.5,1650.0,1470.0,15.2,22.0,560.0,2400.0,9250.0,0.7594153544895171,0.5328216398036902,0.6332531432970843,0.7292640691002898,0.7447757229226796,0.44552252627941374,0.35494724141344614,0.3548592906639519,0.5203542559710809,0.7092272589719937,0.5152470624092854,0.38979700220054125,0.32825626495339183,0.4859783870088814,0.623112209534675,0.8968900683063157,0.4237964251410577,0.3400916025288517,0.48680931012541834,0.5314953783898292,0.7490127575746718,0.7594153544895171,0.0,1.8879080344915438,0.5328216398036902,0.0,3.434650186229181,0.6332531432970843,0.0,2.5141431727763397,0.7292640691002898,0.0,2.526333475989623,0.7102767077402123,0.07714214310479416,2.989169072646721,0.44552252627941374,0.0,0.0,0.35494724141344614,0.0,0.0,0.3548592906639519,0.0,3.6494404831168703,0.5203542559710809,0.0,1.5516358498657339,0.7092272589719937,0.0,2.795099205477028,0.5152470624092854,0.0,0.0,0.38979700220054125,0.0,3.058299717733807,0.32825626495339183,0.0,0.0,0.4859783870088814,0.0,3.606734125601358,0.623112209534675,0.0,1.1698567346760373,1.2746074888142458,0.2939102594426162,2.786154985263524,0.4237964251410577,0.0,1.6921801422351173,0.3400916025288517,0.0,3.5888619583281685,0.48680931012541834,0.0,1.7658182869822259,0.5314953783898292,0.0,0.9641778926806862,0.7490127575746718,0.0,2.787128395400759,16
synthetic-fleet-01-unit-0002,140,0,540.0,1.35,48.5,530.0,2400.0,8300.0,8.7,0.03227614933330912,400.0,2400.0,102.0,660.0,40.0,24.5,1650.0,1470.0,15.2,22.0,560.0,2400.0,9250.0,0.7594153544895171,0.5328216398036902,0.6332531432970843,0.7292640691002898,0.7447757229226796,0.44552252627941374,0.35494724141344614,0.3548592906639519,0.5203542559710809,0.7092272589719937,0.5152470624092854,0.38979700220054125,0.32825626495339183,0.4859783870088814,0.623112209534675,0.977844014401405,0.4237964251410577,0.3400916025288517,0.48680931012541834,0.5314953783898292,0.7490127575746718,0.7594153544895171,0.0,1.8879080344915438,0.5328216398036902,0.0,3.434650186229181,0.6332531432970843,0.0,2.5141431727763397,0.7292640691002898,0.0,2.526333475989623,0.7102767077402123,0.07714214310479416,2.989169072646721,0.44552252627941374,0.0,0.0,0.35494724141344614,0.0,0.0,0.3548592906639519,0.0,3.6494404831168703,0.5203542559710809,0.0,1.5516358498657339,0.7092272589719937,0.0,2.795099205477028,0.5152470624092854,0.0,0.0,0.38979700220054125,0.0,3.058299717733807,0.32825626495339183,0.0,0.0,0.4859783870088814,0.0,3.606734125601358,0.623112209534675,0.0,1.1698567346760373,1.2269294796128736,0.32358464975072043,2.8671089313586133,0.4237964251410577,0.0,1.6921801422351173,0.3400916025288517,0.0,3.5888619583281685,0.48680931012541834,0.0,1.7658182869822259,0.5314953783898292,0.0,0.9641778926806862,0.7490127575746718,0.0,2.787128395400759,15
synthetic-fleet-01-unit-0002,141,0,540.0,1.35,48.5,530.0,2400.0,8300.0,8.7,0.03230069775573946,400.0,2400.0,102.0,660.0,40.0,24.5,1650.0,1470.0,15.2,22.0,560.0,2400.0,9250.0,0.7594153544895171,0.5328216398036902,0.6332531432970843,0.7292640691002898,0.7447757229226796,0.44552252627941374,0.35494724141344614,0.3548592906639519,0.5203542559710809,0.7092272589719937,0.5152470624092854,0.38979700220054125,0.32825626495339183,0.4859783870088814,0.623112209534675,1.0054609312036589,0.4237964251410577,0.3400916025288517,0.48680931012541834,0.5314953783898292,0.7490127575746718,0.7594153544895171,0.0,1.8879080344915438,0.5328216398036902,0.0,3.434650186229181,0.6332531432970843,0.0,2.5141431727763397,0.7292640691002898,0.0,2.526333475989623,0.7102767077402123,0.07714214310479416,2.989169072646721,0.44552252627941374,0.0,0.0,0.35494724141344614,0.0,0.0,0.3548592906639519,0.0,3.6494404831168703,0.5203542559710809,0.0,1.5516358498657339,0.7092272589719937,0.0,2.795099205477028,0.5152470624092854,0.0,0.0,0.38979700220054125,0.0,3.058299717733807,0.32825626495339183,0.0,0.0,0.4859783870088814,0.0,3.606734125601358,0.623112209534675,0.0,1.1698567346760373,1.126795954853026,0.29145783680871873,2.894725848160867,0.4237964251410577,0.0,1.6921801422351173,0.3400916025288517,0.0,3.5888619583281685,0.48680931012541834,0.0,1.7658182869822259,0.5314953783898292,0.0,0.9641778926806862,0.7490127575746718,0.0,2.787128395400759,14
synthetic-fleet-01-unit-0002,142,0,540.0,1.35,48.5,530.0,2400.0,8300.0,8.7,0.033095945619695595,400.0,2400.0,102.0,660.0,40.0,24.5,1650.0,1470.0,15.2,22.0,560.0,2400.0,9250.0,0.7594153544895171,0.5328216398036902,0.6332531432970843,0.7292640691002898,0.7447757229226796,0.44552252627941374,0.35494724141344614,0.3548592906639519,0.5203542559710809,0.7092272589719937,0.5152470624092854,0.38979700220054125,0.32825626495339183,0.4859783870088814,0.623112209534675,1.9001128852495164,0.4237964251410577,0.3400916025288517,0.48680931012541834,0.5314953783898292,0.7490127575746718,0.7594153544895171,0.0,1.8879080344915438,0.5328216398036902,0.0,3.434650186229181,0.6332531432970843,0.0,2.5141431727763397,0.7292640691002898,0.0,2.526333475989623,0.7102767077402123,0.07714214310479416,2.989169072646721,0.44552252627941374,0.0,0.0,0.35494724141344614,0.0,0.0,0.3548592906639519,0.0,3.6494404831168703,0.5203542559710809,0.0,1.5516358498657339,0.7092272589719937,0.0,2.795099205477028,0.5152470624092854,0.0,0.0,0.38979700220054125,0.0,3.058299717733807,0.32825626495339183,0.0,0.0,0.4859783870088814,0.0,3.606734125601358,0.623112209534675,0.0,1.1698567346760373,1.1814543272178288,0.4101362577967126,3.789377802206725,0.4237964251410577,0.0,1.6921801422351173,0.3400916025288517,0.0,3.5888619583281685,0.48680931012541834,0.0,1.7658182869822259,0.5314953783898292,0.0,0.9641778926806862,0.7490127575746718,0.0,2.787128395400759,13
synthetic-fleet-01-unit-0002,143,0,540.0,1.35,48.5,530.0,2400.0,8300.0,8.7,0.03190984031328173,400.0,2400.0,102.0,660.0,40.0,24.5,1650.0,1470.0,15.2,22.0,560.0,2400.0,9250.0,0.7594153544895171,0.5328216398036902,0.6332531432970843,0.7292640691002898,0.7447757229226796,0.44552252627941374,0.35494724141344614,0.3548592906639519,0.5203542559710809,0.7092272589719937,0.5152470624092854,0.38979700220054125,0.32825626495339183,0.4859783870088814,0.623112209534675,0.5657472387850346,0.4237964251410577,0.3400916025288517,0.48680931012541834,0.5314953783898292,0.7490127575746718,0.7594153544895171,0.0,1.8879080344915438,0.5328216398036902,0.0,3.434650186229181,0.6332531432970843,0.0,2.5141431727763397,0.7292640691002898,0.0,2.526333475989623,0.7447757229226796,0.0,2.989169072646721,0.44552252627941374,0.0,0.0,0.35494724141344614,0.0,0.0,0.3548592906639519,0.0,3.6494404831168703,0.5203542559710809,0.0,1.5516358498657339,0.7092272589719937,0.0,2.795099205477028,0.5152470624092854,0.0,0.0,0.38979700220054125,0.0,3.058299717733807,0.32825626495339183,0.0,0.0,0.4859783870088814,0.0,3.606734125601358,0.623112209534675,0.0,1.1698567346760373,1.069211027589186,0.49648267910286176,2.455012155742243,0.4237964251410577,0.0,1.6921801422351173,0.3400916025288517,0.0,3.5888619583281685,0.48680931012541834,0.0,1.7658182869822259,0.5314953783898292,0.0,0.9641778926806862,0.7490127575746718,0.0,2.787128395400759,12
synthetic-fleet-01-unit-0002,144,0,540.0,1.35,48.5,530.0,2400.0,8300.0,8.7,0.03235581874329178,400.0,2400.0,102.0,660.0,40.0,24.5,1650.0,1470.0,15.2,22.0,560.0,2400.0,9250.0,0.7594153544895171,0.5328216398036902,0.6332531432970843,0.7292640691002898,0.7447757229226796,0.44552252627941374,0.35494724141344614,0.3548592906639519,0.5203542559710809,0.7092272589719937,0.5152470624092854,0.38979700220054125,0.32825626495339183,0.4859783870088814,0.623112209534675,1.0674719109971709,0.4237964251410577,0.3400916025288517,0.48680931012541834,0.5314953783898292,0.7490127575746718,0.7594153544895171,0.0,1.8879080344915438,0.5328216398036902,0.0,3.434650186229181,0.6332531432970843,0.0,2.5141431727763397,0.7292640691002898,0.0,2.526333475989623,0.7447757229226796,0.0,2.989169072646721,0.44552252627941374,0.0,0.0,0.35494724141344614,0.0,0.0,0.3548592906639519,0.0,3.6494404831168703,0.5203542559710809,0.0,1.5516358498657339,0.7092272589719937,0.0,2.795099205477028,0.5152470624092854,0.0,0.0,0.38979700220054125,0.0,3.058299717733807,0.32825626495339183,0.0,0.0,0.4859783870088814,0.0,3.606734125601358,0.623112209534675,0.0,1.1698567346760373,1.103327396127357,0.48746001915639486,2.956736827954379,0.4237964251410577,0.0,1.6921801422351173,0.3400916025288517,0.0,3.5888619583281685,0.48680931012541834,0.0,1.7658182869822259,0.5314953783898292,0.0,0.9641778926806862,0.7490127575746718,0.0,2.787128395400759,11
synthetic-fleet-01-unit-0002,145,0,540.0,1.35,48.5,530.0,2400.0,8300.0,8.7,0.03282619891290288,400.0,2400.0,102.0,660.0,40.0,24.5,1650.0,1470.0,15.2,22.0,560.0,2400.0,9250.0,0.7594153544895171,0.5328216398036902,0.6332531432970843,0.7292640691002898,0.7447757229226796,0.44552252627941374,0.35494724141344614,0.3548592906639519,0.5203542559710809,0.7092272589719937,0.5152470624092854,0.38979700220054125,0.32825626495339183,0.4859783870088814,0.623112209534675,1.5966484821777593,0.4237964251410577,0.3400916025288517,0.48680931012541834,0.5314953783898292,0.7490127575746718,0.7594153544895171,0.0,1.8879080344915438,0.5328216398036902,0.0,3.434650186229181,0.6332531432970843,0.0,2.5141431727763397,0.7292640691002898,0.0,2.526333475989623,0.7447757229226796,0.0,2.989169072646721,0.44552252627941374,0.0,0.0,0.35494724141344614,0.0,0.0,0.3548592906639519,0.0,3.6494404831168703,0.5203542559710809,0.0,1.5516358498657339,0.7092272589719937,0.0,2.795099205477028,0.5152470624092854,0.0,0.0,0.38979700220054125,0.0,3.058299717733807,0.32825626495339183,0.0,0.0,0.4859783870088814,0.0,3.606734125601358,0.623112209534675,0.0,1.1698567346760373,1.2270882896826278,0.524763018439844,3.485913399134968,0.4237964251410577,0.0,1.6921801422351173,0.3400916025288517,0.0,3.5888619583281685,0.48680931012541834,0.0,1.7658182869822259,0.5314953783898292,0.0,0.9641778926806862,0.7490127575746718,0.0,2.787128395400759,10
synthetic-fleet-01-unit-0002,146,0,540.0,1.35,48.5,530.0,2400.0,8300.0,8.7,0.03309108490485286,400.0,2400.0,102.0,660.0,40.0,24.5,1650.0,1470.0,15.2,22.0,560.0,2400.0,9250.0,0.7594153544895171,0.5328216398036902,0.6332531432970843,0.7292640691002898,0.7447757229226796,0.44552252627941374,0.35494724141344614,0.3548592906639519,0.5203542559710809,0.7092272589719937,0.5152470624092854,0.38979700220054125,0.32825626495339183,0.4859783870088814,0.623112209534675,1.8946445926212532,0.4237964251410577,0.3400916025288517,0.48680931012541834,0.5314953783898292,0.7490127575746718,0.7594153544895171,0.0,1.8879080344915438,0.5328216398036902,0.0,3.434650186229181,0.6332531432970843,0.0,2.5141431727763397,0.7292640691002898,0.0,2.526333475989623,0.7447757229226796,0.0,2.989169072646721,0.44552252627941374,0.0,0.0,0.35494724141344614,0.0,0.0,0.3548592906639519,0.0,3.6494404831168703,0.5203542559710809,0.0,1.5516358498657339,0.7092272589719937,0.0,2.795099205477028,0.5152470624092854,0.0,0.0,0.38979700220054125,0.0,3.058299717733807,0.32825626495339183,0.0,0.0,0.4859783870088814,0.0,3.606734125601358,0.623112209534675,0.0,1.1698567346760373,1.4049250219661467,0.5787676815676358,3.7839095095784616,0.4237964251410577,0.0,1.6921801422351173,0.3400916025288517,0.0,3.5888619583281685,0.48680931012541834,0.0,1.7658182869822259,0.5314953783898292,0.0,0.9641778926806862,0.7490127575746718,0.0,2.787128395400759,9
synthetic-fleet-01-unit-0002,147,0,540.0,1.35,48.5,530.0,2400.0,8300.0,8.7,0.03365778613339423,400.0,2400.0,102.0,660.0,40.0,24.5,1650.0,1470.0,15.2,22.0,560.0,2400.0,9250.0,0.7594153544895171,0.5328216398036902,0.6332531432970843,0.7292640691002898,0.7447757229226796,0.44552252627941374,0.35494724141344614,0.3548592906639519,0.5203542559710809,0.7092272589719937,0.5152470624092854,0.38979700220054125,0.32825626495339183,0.4859783870088814,0.623112209534675,2.5321821258282453,0.4237964251410577,0.3400916025288517,0.48680931012541834,0.5314953783898292,0.7490127575746718,0.7594153544895171,0.0,1.8879080344915438,0.5328216398036902,0.0,3.434650186229181,0.6332531432970843,0.0,2.5141431727763397,0.7292640691002898,0.0,2.526333475989623,0.7447757229226796,0.0,2.989169072646721,0.44552252627941374,0.0,0.0,0.35494724141344614,0.0,0.0,0.3548592906639519,0.0,3.6494404831168703,0.5203542559710809,0.0,1.5516358498657339,0.7092272589719937,0.0,2.795099205477028,0.5152470624092854,0.0,0.0,0.38979700220054125,0.0,3.058299717733807,0.32825626495339183,0.0,0.0,0.4859783870088814,0.0,3.606734125601358,0.623112209534675,0.0,1.1698567346760373,1.5313388700818924,0.755890760989306,4.421447042785454,0.4237964251410577,0.0,1.6921801422351173,0.3400916025288517,0.0,3.5888619583281685,0.48680931012541834,0.0,1.7658182869822259,0.5314953783898292,0.0,0.9641778926806862,0.7490127575746718,0.0,2.787128395400759,8
synthetic-fleet-01-unit-0002,148,0,540.0,1.35,48.5,530.0,2400.0,8300.0,8.7,0.03287501077848462,400.0,2400.0,102.0,660.0,40.0,24.5,1650.0,1470.0,15.2,22.0,560.0,2400.0,9250.0,0.7594153544895171,0.5328216398036902,0.6332531432970843,0.7292640691002898,0.7447757229226796,0.44552252627941374,0.35494724141344614,0.3548592906639519,0.5203542559710809,0.7092272589719937,0.5152470624092854,0.38979700220054125,0.32825626495339183,0.4859783870088814,0.623112209534675,1.651561714771789,0.4237964251410577,0.3400916025288517,0.48680931012541834,0.5314953783898292,0.7490127575746718,0.7594153544895171,0.0,1.8879080344915438,0.5328216398036902,0.0,3.434650186229181,0.6332531432970843,0.0,2.5141431727763397,0.7292640691002898,0.0,2.526333475989623,0.7447757229226796,0.0,2.989169072646721,0.44552252627941374,0.0,0.0,0.35494724141344614,0.0,0.0,0.3548592906639519,0.0,3.6494404831168703,0.5203542559710809,0.0,1.5516358498657339,0.7092272589719937,0.0,2.795099205477028,0.5152470624092854,0.0,0.0,0.38979700220054125,0.0,3.058299717733807,0.32825626495339183,0.0,0.0,0.4859783870088814,0.0,3.606734125601358,0.623112209534675,0.0,1.1698567346760373,1.7485017652792432,0.531923652627493,3.540826631728997,0.4237964251410577,0.0,1.6921801422351173,0.3400916025288517,0.0,3.5888619583281685,0.48680931012541834,0.0,1.7658182869822259,0.5314953783898292,0.0,0.9641778926806862,0.7490127575746718,0.0,2.787128395400759,7
synthetic-fleet-01-unit-0002,149,0,540.0,1.35,48.5,530.0,2400.0,8300.0,8.7,0.03290931035357997,400.0,2400.0,102.0,660.0,40.0,24.5,1650.0,1470.0,15.2,22.0,560.0,2400.0,9250.0,0.7594153544895171,0.5328216398036902,0.6332531432970843,0.7292640691002898,0.7447757229226796,0.44552252627941374,0.35494724141344614,0.3548592906639519,0.5203542559710809,0.7092272589719937,0.5152470624092854,0.38979700220054125,0.32825626495339183,0.4859783870088814,0.623112209534675,1.6901486551117988,0.4237964251410577,0.3400916025288517,0.48680931012541834,0.5314953783898292,0.7490127575746718,0.7594153544895171,0.0,1.8879080344915438,0.5328216398036902,0.0,3.434650186229181,0.6332531432970843,0.0,2.5141431727763397,0.7292640691002898,0.0,2.526333475989623,0.7447757229226796,0.0,2.989169072646721,0.44552252627941374,0.0,0.0,0.35494724141344614,0.0,0.0,0.3548592906639519,0.0,3.6494404831168703,0.5203542559710809,0.0,1.5516358498657339,0.7092272589719937,0.0,2.795099205477028,0.5152470624092854,0.0,0.0,0.38979700220054125,0.0,3.058299717733807,0.32825626495339183,0.0,0.0,0.4859783870088814,0.0,3.606734125601358,0.623112209534675,0.0,1.1698567346760373,1.873037114102169,0.38530158525783725,3.579413572069007,0.4237964251410577,0.0,1.6921801422351173,0.3400916025288517,0.0,3.5888619583281685,0.48680931012541834,0.0,1.7658182869822259,0.5314953783898292,0.0,0.9641778926806862,0.7490127575746718,0.0,2.787128395400759,6
synthetic-fleet-01-unit-0002,150,0,540.0,1.35,48.5,530.0,2400.0,8300.0,8.7,0.031790944391965725,400.0,2400.0,102.0,660.0,40.0,24.5,1650.0,1470.0,15.2,22.0,560.0,2400.0,9250.0,0.7594153544895171,0.5328216398036902,0.6332531432970843,0.7292640691002898,0.7447757229226796,0.44552252627941374,0.35494724141344614,0.3548592906639519,0.5203542559710809,0.7092272589719937,0.5152470624092854,0.38979700220054125,0.32825626495339183,0.4859783870088814,0.623112209534675,0.43198961030894945,0.4237964251410577,0.3400916025288517,0.48680931012541834,0.5314953783898292,0.7490127575746718,0.7594153544895171,0.0,1.8879080344915438,0.5328216398036902,0.0,3.434650186229181,0.6332531432970843,0.0,2.5141431727763397,0.7292640691002898,0.0,2.526333475989623,0.7447757229226796,0.0,2.989169072646721,0.44552252627941374,0.0,0.0,0.35494724141344614,0.0,0.0,0.3548592906639519,0.0,3.6494404831168703,0.5203542559710809,0.0,1.5516358498657339,0.7092272589719937,0.0,2.795099205477028,0.5152470624092854,0.0,0.0,0.38979700220054125,0.0,3.058299717733807,0.32825626495339183,0.0,0.0,0.4859783870088814,0.0,3.606734125601358,0.623112209534675,0.0,1.1698567346760373,1.6401053397284069,0.762031892570102,2.321254527266158,0.4237964251410577,0.0,1.6921801422351173,0.3400916025288517,0.0,3.5888619583281685,0.48680931012541834,0.0,1.7658182869822259,0.5314953783898292,0.0,0.9641778926806862,0.7490127575746718,0.0,2.787128395400759,5
synthetic-fleet-01-unit-0002,151,0,540.0,1.35,48.5,530.0,2400.0,8300.0,8.7,0.03253191886790062,400.0,2400.0,102.0,660.0,40.0,24.5,1650.0,1470.0,15.2,22.0,560.0,2400.0,9250.0,0.7594153544895171,0.5328216398036902,0.6332531432970843,0.7292640691002898,0.7447757229226796,0.44552252627941374,0.35494724141344614,0.3548592906639519,0.5203542559710809,0.7092272589719937,0.5152470624092854,0.38979700220054125,0.32825626495339183,0.4859783870088814,0.623112209534675,1.2655841320162395,0.4237964251410577,0.3400916025288517,0.48680931012541834,0.5314953783898292,0.7490127575746718,0.7594153544895171,0.0,1.8879080344915438,0.5328216398036902,0.0,3.434650186229181,0.6332531432970843,0.0,2.5141431727763397,0.7292640691002898,0.0,2.526333475989623,0.7447757229226796,0.0,2.989169072646721,0.44552252627941374,0.0,0.0,0.35494724141344614,0.0,0.0,0.3548592906639519,0.0,3.6494404831168703,0.5203542559710809,0.0,1.5516358498657339,0.7092272589719937,0.0,2.795099205477028,0.5152470624092854,0.0,0.0,0.38979700220054125,0.0,3.058299717733807,0.32825626495339183,0.0,0.0,0.4859783870088814,0.0,3.606734125601358,0.623112209534675,0.0,1.1698567346760373,1.5142932476074042,0.7614300546208265,3.154849048973448,0.4237964251410577,0.0,1.6921801422351173,0.3400916025288517,0.0,3.5888619583281685,0.48680931012541834,0.0,1.7658182869822259,0.5314953783898292,0.0,0.9641778926806862,0.7490127575746718,0.0,2.787128395400759,4
synthetic-fleet-01-unit-0002,152,0,540.0,1.35,48.5,530.0,2400.0,8300.0,8.7,0.03243140171621922,400.0,2400.0,102.0,660.0,40.0,24.5,1650.0,1470.0,15.2,22.0,560.0,2400.0,9250.0,0.7594153544895171,0.5328216398036902,0.6332531432970843,0.7292640691002898,0.7447757229226796,0.44552252627941374,0.35494724141344614,0.3548592906639519,0.5203542559710809,0.7092272589719937,0.5152470624092854,0.38979700220054125,0.32825626495339183,0.4859783870088814,0.623112209534675,1.1525025756326477,0.4237964251410577,0.3400916025288517,0.48680931012541834,0.5314953783898292,0.7490127575746718,0.7594153544895171,0.0,1.8879080344915438,0.5328216398036902,0.0,3.434650186229181,0.6332531432970843,0.0,2.5141431727763397,0.7292640691002898,0.0,2.526333475989623,0.7447757229226796,0.0,2.989169072646721,0.44552252627941374,0.0,0.0,0.35494724141344614,0.0,0.0,0.3548592906639519,0.0,3.6494404831168703,0.5203542559710809,0.0,1.5516358498657339,0.7092272589719937,0.0,2.795099205477028,0.5152470624092854,0.0,0.0,0.38979700220054125,0.0,3.058299717733807,0.32825626495339183,0.0,0.0,0.4859783870088814,0.0,3.606734125601358,0.623112209534675,0.0,1.1698567346760373,1.2383573375682846,0.5082308781440225,3.041767492589856,0.4237964251410577,0.0,1.6921801422351173,0.3400916025288517,0.0,3.5888619583281685,0.48680931012541834,0.0,1.7658182869822259,0.5314953783898292,0.0,0.9641778926806862,0.7490127575746718,0.0,2.787128395400759,3
synthetic-fleet-01-unit-0002,153,0,540.0,1.35,48.5,530.0,2400.0,8300.0,8.7,0.0328151842666193,400.0,2400.0,102.0,660.0,40.0,24.5,1650.0,1470.0,15.2,22.0,560.0,2400.0,9250.0,0.7594153544895171,0.5328216398036902,0.6332531432970843,0.7292640691002898,0.7447757229226796,0.44552252627941374,0.35494724141344614,0.3548592906639519,0.5203542559710809,0.7092272589719937,0.5152470624092854,0.38979700220054125,0.32825626495339183,0.4859783870088814,0.623112209534675,1.5842570313265676,0.4237964251410577,0.3400916025288517,0.48680931012541834,0.5314953783898292,0.7490127575746718,0.7594153544895171,0.0,1.8879080344915438,0.5328216398036902,0.0,3.434650186229181,0.6332531432970843,0.0,2.5141431727763397,0.7292640691002898,0.0,2.526333475989623,0.7447757229226796,0.0,2.989169072646721,0.44552252627941374,0.0,0.0,0.35494724141344614,0.0,0.0,0.3548592906639519,0.0,3.6494404831168703,0.5203542559710809,0.0,1.5516358498657339,0.7092272589719937,0.0,2.795099205477028,0.5152470624092854,0.0,0.0,0.38979700220054125,0.0,3.058299717733807,0.32825626495339183,0.0,0.0,0.4859783870088814,0.0,3.606734125601358,0.623112209534675,0.0,1.1698567346760373,1.2248964008792405,0.495277008025656,3.473521948283776,0.4237964251410577,0.0,1.6921801422351173,0.3400916025288517,0.0,3.5888619583281685,0.48680931012541834,0.0,1.7658182869822259,0.5314953783898292,0.0,0.9641778926806862,0.7490127575746718,0.0,2.787128395400759,2
synthetic-fleet-01-unit-0002,154,0,540.0,1.35,48.5,530.0,2400.0,8300.0,8.7,0.03256973639885583,400.0,2400.0,102.0,660.0,40.0,24.5,1650.0,1470.0,15.2,22.0,560.0,2400.0,9250.0,0.7594153544895171,0.5328216398036902,0.6332531432970843,0.7292640691002898,0.7447757229226796,0.44552252627941374,0.35494724141344614,0.3548592906639519,0.5203542559710809,0.7092272589719937,0.5152470624092854,0.38979700220054125,0.32825626495339183,0.4859783870088814,0.623112209534675,1.3081287643249118,0.4237964251410577,0.3400916025288517,0.48680931012541834,0.5314953783898292,0.7490127575746718,0.7594153544895171,0.0,1.8879080344915438,0.5328216398036902,0.0,3.434650186229181,0.6332531432970843,0.0,2.5141431727763397,0.7292640691002898,0.0,2.526333475989623,0.7447757229226796,0.0,2.989169072646721,0.44552252627941374,0.0,0.0,0.35494724141344614,0.0,0.0,0.3548592906639519,0.0,3.6494404831168703,0.5203542559710809,0.0,1.5516358498657339,0.7092272589719937,0.0,2.795099205477028,0.5152470624092854,0.0,0.0,0.38979700220054125,0.0,3.058299717733807,0.32825626495339183,0.0,0.0,0.4859783870088814,0.0,3.606734125601358,0.623112209534675,0.0,1.1698567346760373,1.1484924227218631,0.43083563733177094,3.1973936812821204,0.4237964251410577,0.0,1.6921801422351173,0.3400916025288517,0.0,3.5888619583281685,0.48680931012541834,0.0,1.7658182869822259,0.5314953783898292,0.0,0.9641778926806862,0.7490127575746718,0.0,2.787128395400759,1
synthetic-fleet-01-unit-0002,155,0,540.0,1.35,48.5,530.0,2400.0,8300.0,8.7,0.03270719507385404,400.0,2400.0,102.0,660.0,40.0,24.5,1650.0,1470.0,15.2,22.0,560.0,2400.0,9250.0,0.7594153544895171,0.5328216398036902,0.6332531432970843,0.7292640691002898,0.7447757229226796,0.44552252627941374,0.35494724141344614,0.3548592906639519,0.5203542559710809,0.7092272589719937,0.5152470624092854,0.38979700220054125,0.32825626495339183,0.4859783870088814,0.623112209534675,1.4627694465091101,0.4237964251410577,0.3400916025288517,0.48680931012541834,0.5314953783898292,0.7490127575746718,0.7594153544895171,0.0,1.8879080344915438,0.5328216398036902,0.0,3.434650186229181,0.6332531432970843,0.0,2.5141431727763397,0.7292640691002898,0.0,2.526333475989623,0.7447757229226796,0.0,2.989169072646721,0.44552252627941374,0.0,0.0,0.35494724141344614,0.0,0.0,0.3548592906639519,0.0,3.6494404831168703,0.5203542559710809,0.0,1.5516358498657339,0.7092272589719937,0.0,2.795099205477028,0.5152470624092854,0.0,0.0,0.38979700220054125,0.0,3.058299717733807,0.32825626495339183,0.0,0.0,0.4859783870088814,0.0,3.606734125601358,0.623112209534675,0.0,1.1698567346760373,1.3546483899618953,0.16983060598864558,3.3520343634663186,0.4237964251410577,0.0,1.6921801422351173,0.3400916025288517,0.0,3.5888619583281685,0.48680931012541834,0.0,1.7658182869822259,0.5314953783898292,0.0,0.9641778926806862,0.7490127575746718,0.0,2.787128395400759,0
synthetic-fleet-01-unit-0003,1,0,521.0907190586657,1.2908578536568935,48.22128548403654,529.9630192091714,2400.0,8184.191356945723,8.33045949354891,0.029946079448346402,390.1917349956169,2390.9309457997724,101.88789090946172,632.2454012220103,39.21712610938889,24.158590402746988,1591.0526377472893,1364.5887160719392,14.553886326348575,21.722887092940137,556.3021391832684,2400.0,9000.0,-1.3982425195384904,-3.428986773710995,-2.023258686597482,-3.166917814417969,-1.9157628153231894,-1.2606801406254167,-0.5967399677972016,0.3548592906639519,-2.7520411204931006,-2.058050364627009,-0.03951129376732041,0.37962127401264595,0.32825626495339183,-1.1847855527649107,-2.7062453560264874,-1.6434790599857363,-2.8043071017240635,-1.3584582265166838,0.3542468360158944,-1.2683684050412725,-0.03998077562127564,-1.3982425195384904,0.0,0.0,-3.428986773710995,0.0,0.0,-2.023258686597482,0.0,0.0,-3.166917814417969,0.0,0.0,-1.9157628153231894,0.0,0.0,-1.2606801406254167,0.0,0.0,-0.5967399677972016,0.0,0.0,0.3548592906639519,0.0,0.0,-2.7520411204931006,0.0,0.0,-2.058050364627009,0.0,0.0,-0.03951129376732041,0.0,0.0,0.37962127401264595,0.0,0.0,0.32825626495339183,0.0,0.0,-1.1847855527649107,0.0,0.0,-2.7062453560264874,0.0,0.0,-1.6434790599857363,0.0,0.0,-2.8043071017240635,0.0,0.0,-1.3584582265166838,0.0,0.0,0.3542468360158944,0.0,0.0,-1.2683684050412725,0.0,0.0,-0.03998077562127564,0.0,0.0,125
synthetic-fleet-01-unit-0003,2,0,512.5064013612844,1.292549480094471,48.15938727691535,530.0,2384.4498634743627,8145.633204146234,8.39269262995733,0.030297918757445867,391.6503087985432,2380.0,98.0430495071301,646.0751246430493,38.46160173679207,23.511961678172362,1569.4472212622613,1368.4882155231342,14.547017050161575,21.710066493752247,547.1432572016337,2400.0,9007.141062353265,-2.3777626150078626,-1.4548737611494753,-2.996924721664836,-3.0227856252407266,-1.9440488194284498,-1.3396174256396094,-2.953884074777357,0.3548592906639519,-2.658567602781637,-1.9788986889161009,-0.16271459200289545,0.38979700220054125,-2.63953371152947,-1.7410615748531861,-2.1455588821137956,-1.2476606747214625,-2.32426019890125,-3.4057231021686043,-4.192054328364387,-3.0053543641400546,-1.5343320948960948,-1.8880025672731766,0.6926253018148874,-0.9795200954693721,-2.441930267430235,1.3959086980108544,1.9741130125615196,-2.510091704131159,0.6884858560071446,-0.9736660350673536,-3.0948517198293475,0.10191684835449015,0.14413218917724224,-1.9299058173758197,0.020001225315500065,-0.028286004105260387,-1.3001487831325131,0.05581708952199084,-0.07893728501419273,-1.7753120212872795,1.6667525822795768,-2.3571441069801553,0.3548592906639519,0.0,0.0,-2.705304361637369,0.06609575823513662,0.0934735177114634,-2.018474526771555,0.055968686637461885,0.07915167571090831,-0.10111294288510793,0.08711788764692371,-0.12320329823557505,0.3847091381065936,0.007195326405171889,0.010175728187895305,-1.1556387232880392,2.098544417508496,-2.967789976482862,-1.4629235638090483,0.39334654743009734,-0.5562760220882754,-2.4259021190701415,0.39646520782323863,0.5606864739126918,-1.4455698673535995,0.2798858643386775,0.3958183852642738,-2.5642836503126567,0.3394444202736111,0.4800469028228136,-2.382090664342644,1.4476348764585072,-2.0472648756519205,-1.9189037461742462,3.214720382649594,-4.5463011643802815,-2.1368613845906634,1.228234550504568,-1.7369859590987822,-0.7871564352586852,1.0566659513342882,-1.4943513192748192,125
synthetic-fleet-01-unit-0003,3,0,530.0535527058129,1.2678003044302382,46.870330856066744,518.4328575546552,2400.0,8227.018012431807,8.373588976318816,0.029892009994181522,390.9116959596042,2390.278763370701,102.0,633.990772717117,39.93160147012618,23.475564645378757,1605.0930005233556,1372.3418067048656,14.380212618388622,21.307368322423308,534.8763634525512,2400.0,9000.0,-0.3755315739256838,-3.1798450898648496,-1.3905180789561906,-2.8803502844569606,-2.6309087903281934,-3.819056947851071,-6.110910922549932,0.3548592906639519,-2.7520411204931006,-3.13691956324873,-2.728475541255473,-2.7930472474019163,0.32825626495339183,-0.5669281134567858,-2.317672338313929,-1.7043070672213154,-2.567353009841972,-1.4806059531646973,0.48680931012541834,0.3742439510064001,-1.6184452063397479,-1.3838455694906788,1.001193157985144,1.0227109456128067,-2.6879018749084396,1.075075179532769,0.24914168384614532,-2.136900495739503,0.809210368830886,0.6327406076412916,-3.0233512413718855,0.14328460227182174,0.2865675299610082,-2.163573475026611,0.4049712918258315,-0.715145975005004,-2.139784838038699,1.454827786315832,-2.5583768072256543,-3.220511655041497,2.7667377955776353,-5.51417095475273,0.3548592906639519,0.0,0.0,-2.720883281255946,0.05396696061281461,0.0,-2.3912895389306135,0.6469461699519038,-1.078869198621721,-0.9769004756752295,1.5181588095274672,-2.6889642474881525,-0.674542990396243,1.8346855593192006,-3.1726685214145625,-0.6610070605408955,1.7134543418206534,0.0,-1.1642584136916276,0.5873358229084732,0.6178574393081249,-2.389825525484737,0.2872227225017916,0.3885730177125586,-1.5318156006428378,0.24795771425809637,-0.06082800723557913,-2.5653067701557615,0.24002999302188055,0.2369540918820916,-2.0815957606166617,1.1483531378741387,-0.12214772664801354,-1.116999394074358,2.6639003996136195,0.13256247410952393,-1.2998262727249756,1.690018754633981,1.6426123560476726,-1.064252692285706,0.8880419321911284,-1.5784644307184723,125
synthetic-fleet-01-unit-0003,4,0,517.4884758852012,1.3192166441617865,47.56290102078738,530.0,2400.0,8159.333147816331,8.589520892529073,0.03001407247586568,385.7396207125303,2380.0,99.43931887586847,640.5421575392822,38.81174531555613,23.48003446954527,1591.1142569048454,1379.5474441567865,14.545008685105284,21.59969844792179,554.1048397263198,2400.0,9000.0,-1.809279214773133,-2.24467280666074,-2.0204817680935756,-2.6140175632035643,-1.952318776943714,-2.0191608512236225,-1.162240372388356,0.3548592906639519,-2.7520411204931006,-0.7311345989858921,-1.3499715017753242,0.38979700220054125,0.32825626495339183,-1.5434133574381637,-0.3722440393031121,-1.5669870658683267,-4.269590290220289,-3.4057231021686043,-2.5410470714631743,-2.2003578583472114,-1.6081154956629615,-1.4902039808112924,0.8446933998195774,-0.4110366952346425,-2.577094607846515,0.9053382956110245,1.184313967050255,-2.1077958138280213,0.6632766723263276,0.0027769185039066002,-2.921017821829805,0.23574456484260894,0.5529002512144046,-2.1107598005058867,0.3471190501843892,-0.03655596162052466,-2.10962884133493,1.189392055536444,-0.7584807105982059,-2.705943834378212,2.4824072029451263,-0.5655004045911545,0.3548592906639519,0.0,0.0,-2.7286727410652345,0.046736758855731635,0.0,-1.976250803944433,0.9838977779048022,1.3269157656411172,-1.0701682322002533,1.2535281986960174,-1.310460208008004,-0.40845799224704693,1.589733407213246,0.010175728187895305,-0.4136912291673237,1.483894988241431,0.0,-1.2590471496282616,0.5156696588801549,-0.35862780467325295,-1.885430153939331,1.0356914074954668,2.3340013167233753,-1.5406084669492102,0.20321895424621883,0.07649199411740959,-2.9913776501718936,0.8743884591859651,-1.4652831884962252,-2.4126275960046475,1.1478116528151618,-2.0472648756519205,-1.473011313421562,2.288643303992605,-2.895293907479069,-1.5249591691305344,1.45149860885875,-0.931989453305939,-1.2002183931300199,0.7743980475897673,-1.568134720041686,125
synthetic-fleet-01-unit-0003,5,0,513.3854393823523,1.3168277333968008,47.674780910632066,528.9287578073057,2400.0,8054.734987636434,8.483227454921401,0.03027086011526714,396.8311914960769,2380.0,100.9857637046755,641.7799136694235,39.06839822740778,23.049508969610393,1627.8134725793673,1377.4796807950297,15.158872781823632,21.599728992945874,536.144498082772,2380.0,9184.565460774927,-2.2774593134909225,-2.0679902795776255,-0.36660113863867283,-2.6904456442330833,0.5754238683013476,-2.018972783471356,-5.7845418224265615,-3.2945811924529185,-0.3361564785136848,-0.8429124040450461,-1.1272837685408064,0.09503128378226937,0.32825626495339183,-3.0524443726219657,-1.3298896951669419,-1.2781015827656503,-0.6191242038288151,-3.4057231021686043,-0.7124660741841262,-1.6103007795585231,-2.6030548238413624,-1.6476550473472185,0.8118401299151023,-0.879216793952432,-2.475273742192737,0.8164346364145323,1.3609964941333694,-1.7595568787901512,0.9676278920229423,1.6566575479588095,-2.8749033863104607,0.22872326227553275,0.4764721701848855,-1.5735230667444398,1.2383397218711927,2.491186683624537,-2.091497629762215,1.0308413071347977,-0.7582926428459393,-3.321663431987882,2.5529027116849665,-5.18780185462936,-0.3750288059594222,1.6320794000177992,-3.6494404831168703,-2.250169488554925,1.0707310851871172,2.4158846419794155,-1.7495831239645558,0.9914294295419145,1.2151379605819632,-1.0815913394683638,1.085887722369516,-1.087772474773486,-0.30776013704118366,1.3950410458917266,-0.28458999023037657,-0.26530173034318055,1.3272360260716363,0.0,-1.6177265942270025,0.9179820900788247,-1.867658819857055,-1.7743220621848532,0.9307080954502132,1.3763556608595455,-1.4881070901124982,0.21155479283733392,0.36537747722008596,-2.5169269609032776,1.303431496437587,2.1851828978952486,-2.611246697237439,1.088738457861352,-2.0472648756519205,-1.320902265574075,2.0109952615230067,-1.0667129102000206,-1.5420274912161323,1.25761392992176,-0.34193237451725067,-1.4807856792722884,0.9183459382767043,-2.563074048220087,125
synthetic-fleet-01-unit-0003,6,0,523.9290806257976,1.3059345377633365,46.38312206607607,530.0,2380.0,8135.601507834854,8.154164612460146,0.03028830693166512,394.0863269426996,2400.0,99.73240714946405,635.6714068797024,38.064185303878936,23.43385365617676,1631.9229894473362,1417.5538779272122,14.585891091346918,21.933822672522844,560.0,2386.031797948752,9021.798567429487,-1.0743691155914643,-2.9399442857267113,-0.1814023484348103,-1.2092345722808076,-1.7839749981665274,0.038064303462795754,0.35494724141344614,-2.1939468114451177,-2.4667069954139182,-1.3526080845347659,-3.698224628473652,0.38979700220054125,-3.4888034394291476,-1.8857882205488814,-4.294565677821209,-1.2584739558460587,-1.522516082164547,0.3400916025288517,-2.1944872475115864,-3.9190333782432942,-1.7148388080673356,-1.5828803665578133,0.8487945776697914,0.32387340394702613,-2.37746524459588,0.6936821532011185,0.4890424879842836,-1.391185611157617,1.171298539425078,1.841856338162672,-2.4833667378830286,0.7300569771125591,1.9576832421371613,-1.5471655033131073,1.2306125945274116,0.131787817156662,-1.831748740944573,1.3926561046213979,1.2987444440882123,-3.131325990145752,2.827559259792375,0.9516872092106478,-0.8847900263812362,1.7414919063627399,-2.5488061021090695,-2.1931026635390887,1.0445801155834586,0.2853341250791823,-1.608494667946107,0.9867416881214722,0.7054422800922433,-1.8133340064096302,1.39644288074577,-3.6587133347063316,-0.3057249914036046,1.396301375782342,0.010175728187895305,-1.0287136712196885,1.882211803500419,-3.8170597043825394,-1.7579271277837965,0.8883837308418517,-0.7010026677839707,-2.0919861265437976,1.4528820326657812,-1.588320321794722,-1.4111060692845627,0.21093059449603704,0.3850051041396776,-2.2605687569913746,1.3577005073352137,1.2817910195595166,-2.271536731428332,1.6811685089136414,1.6985498290455354,-1.830649082279571,1.791244322382774,-2.548734083527481,-2.0721604858565366,1.6199100220704177,-2.650664973202022,-1.8157572857615005,0.4447665849469277,-1.67485803244606,125
synthetic-fleet-01-unit-0003,7,0,514.0853928307736,1.2999124212043691,46.6863596824428,529.963024102029,2398.2719294338194,8169.814539911084,8.517651170309817,0.030491857842455037,392.97889665874357,2400.0,102.0,646.7484107265396,37.96433138198243,23.661725669295656,1626.8093088774087,1354.0098007004729,14.611232486573488,21.799375688012613,560.0,2380.0,9000.0,-2.197590593251119,-1.3587660677322073,-0.41185460972644644,-3.5579326743233772,-1.679625312712285,-0.7897347549156477,0.35494724141344614,-3.2945811924529185,-2.7520411204931006,-1.6343846082283087,-3.094655054764851,0.3796226203437329,-0.001551161271478197,-1.3921989792303529,-1.0197508734074543,-1.0294796657135707,-1.886994366937458,0.3400916025288517,0.48680931012541834,-4.14860222682858,-1.1882292862678832,-1.5468459622064643,0.8095287861994322,-0.7993480737126284,-2.3582437059124266,0.7262068143006939,2.0702207059787874,-0.8741715887699393,0.7956027112292784,1.6114040768710358,-2.5903961476995585,0.857084520659171,-0.3910148599054084,-1.4942808019698743,1.2148739345661026,0.23613750261090427,-1.7217722067997805,1.4612571495308908,0.47094538570976896,-2.4695597269075917,3.2370244031558535,0.9516872092106478,-1.61467812300461,1.8532306997896795,-3.6494404831168703,-2.211797367081381,1.0557695772261104,0.0,-1.5395918518085485,0.9662258788976178,0.4236657563987005,-2.399722098962021,1.1178321742381223,-3.0551437609975305,-0.3077598677749663,1.3950412117369602,1.3463310869488154e-06,-0.50111716116809,1.6762619369770022,-0.32980742622487,-1.6881546086592298,0.9036086296818004,-0.20741342646544214,-1.8668245248025297,1.5278084358655486,1.6864944826190331,-1.3674698674829844,0.26803478651944984,0.6139993942721655,-2.1731155905986164,1.3666257364439787,0.9173127347866055,-1.5223737904888406,1.8730528884832052,1.6985498290455354,-0.89487635458161,1.436162470322309,0.13256247410952393,-2.3008100583942417,1.8490396340055508,-2.880233821787308,-1.7465367240358582,0.5200728510526613,-1.1482485106466076,125
synthetic-fleet-01-unit-0003,8,0,514.2766239805272,1.321599952308157,47.184745679043886,522.2624137235592,2400.0,8210.187286960949,8.413890707826711,0.03087718542235204,397.9801903534666,2384.238553883574,101.56674546751718,644.5343405509135,38.746892675112946,23.380552563369093,1580.4693776250642,1409.2826264052553,14.606915511890303,21.660773437256225,550.5240219146175,2400.0,9000.0,-2.1757700175610366,-1.674811776772104,-2.500202092360298,-1.5149542175880817,-1.6974015616629332,-1.6431180649484665,-2.0838052118467636,0.3548592906639519,-2.7520411204931006,-0.619618942023928,-2.1026586556533373,-1.7392968601892862,0.32825626495339183,-0.8097439211142712,-1.9545758107109779,-0.5959870555131987,-0.24096483902309482,-2.6118812289814444,-0.025488956405211587,-2.349457119663043,-1.8380170018729394,-1.9068936509335352,0.4991852870336922,-0.7775274980225462,-2.057237043293878,0.6017745968174445,1.754174996938891,-1.0961083914507606,1.0797009395220558,-0.4769434057628157,-2.317316934325783,0.9536792125695637,1.6519635968298871,-1.3075793562368223,1.058149613412163,0.21836125366025616,-1.2865844302192593,0.8946690746833261,-0.3824379243230498,-1.6641385847669579,2.527803388386562,-1.487065244049562,-1.6146781230046099,1.8532306997896795,0.0,-2.211797367081381,1.0557695772261104,0.0,-1.0361317275635882,0.43643546191991395,1.4384314226030812,-2.2745587218415944,1.1068009743984437,-2.063147361886017,-0.09700979033244024,0.926704747396062,-2.118918134201932,-0.50111716116809,1.6762619369770022,0.0,-1.736717770190727,0.8319703723242289,0.37504163165063953,-1.7942052192819393,1.5095415849163323,0.7516695453155096,-1.145805865141361,0.3617396741804871,1.0474920044725375,-1.707837956434841,1.5784510297963934,2.5633422627009685,-1.7486288456521897,1.9340781814977284,-1.2534230024647606,-0.9973360078877361,1.327077600775674,-0.379735792421106,-2.8455502725281305,1.1223338798436935,-1.0810887146217707,-1.7904510831424965,0.5158056638058799,-1.7980362262516638,125
synthetic-fleet-01-unit-0003,9,0,523.9477973468414,1.3092209504478733,47.36920267669305,530.0,2400.0,8146.125821788819,8.363786481617005,0.030664479628455036,400.0,2400.0,98.0,658.1533870613748,38.46755343127317,23.21629599092691,1551.230393646087,1426.2078671027264,14.840013349275608,21.85416901971517,560.0,2380.0,9078.535990846683,-1.0722334299109015,0.2692283255831979,-3.8178811854681345,-0.8893682867243917,-0.7375615136407494,-0.45236855399991327,0.35494724141344614,-3.2945811924529185,-1.7240378671622192,-1.1988359128068307,-1.7355121493173034,0.38979700220054125,0.32825626495339183,-1.7339546114036453,-2.405987446744853,-0.8352805673500654,0.4237964251410577,0.3400916025288517,-4.242957864794501,-2.9916711394533646,-2.2176119941770747,-1.7594844939610887,0.6275399612330756,0.3260090896275889,-1.5544568168450899,1.1791840217026297,3.6982150992941927,-1.4555882749256726,1.6256128494286903,-1.7946224988706523,-1.9723870790299483,1.1173785407805357,2.2775495276935773,-1.0646279035762294,1.0115368006123409,1.17820130168244,-0.9732259707745176,0.8470553859954812,0.8083115866255034,-1.3607010620065974,2.689033004081271,0.9516872092106478,-2.344566219627984,1.5824956269695438,-3.6494404831168703,-2.0061967164152046,1.0238756613566453,1.0280032533308814,-1.1296719903277759,0.4036100064883352,0.8592144518201785,-2.3516668513499903,1.0375469807888549,-1.696000855549983,-0.09700979033244024,0.926704747396062,0.010175728187895305,-0.50111716116809,1.6762619369770022,0.0,-1.7748260209838231,0.8252391542555384,-0.5491690586387346,-2.2009539007702874,1.2884045010571221,0.3002579092816342,-0.9994645654377088,0.28955821704478246,0.8081984926356709,-0.7691606133625715,0.9409762163487962,3.2281035268651213,-0.9994659047126987,1.8556130943617144,1.6985498290455354,-1.3377181665540014,1.9115606944625283,-4.597204700810396,-3.003812928749361,1.062823605548373,-1.7233027344120921,-1.9123503828453188,0.533653659307956,-2.177631218555799,125
synthetic-fleet-01-unit-0003,10,0,536.2902843724206,1.327132987866203,47.30917397727526,530.0,2391.38910694888,8117.01917296522,8.568622688676642,0.030680828393756708,383.3898824337932,2380.0,100.82324591575954,648.6235654767568,39.34423026660333,23.998710703645507,1604.1209395434794,1395.5929204421561,14.590611357494392,22.0,553.7697685276324,2400.0,9038.661766107305,0.3361154331924242,-1.0910985750230835,-1.4343248142151777,-2.0209492342176087,-1.7645380933179409,0.44552252627941374,-1.2484748170496662,0.3548592906639519,-2.2459747818711615,-0.360726655607218,-1.8549943459919827,0.38979700220054125,-1.315158379255497,-2.1538743857795253,-0.5605254100543826,-0.8168882453001632,-5.042937913006947,-3.4057231021686043,-0.9046339000229477,-0.9761499876979295,-0.40946086550550753,-1.2367695446244196,1.0407103537363676,1.7343579527309148,-1.3590784759341816,1.1534752479559292,2.3378881986879114,-1.6691330100409734,1.513028496691005,0.5889338723823045,-1.8384877970268534,1.0477648000431108,1.14596858020036,-1.532620295900087,0.44661136877397706,0.1512247220052485,-0.4803269088243636,0.8022662873146139,1.7062026669048305,-0.45348766093121834,1.1457138461679301,-0.6517348492524646,-1.61467812300461,1.8532306997896795,0.0,-2.3881603770866997,0.4278619560587921,0.5060663386219391,-1.0332348406402103,0.5277663776743965,1.6973237090197912,-2.4972089668402253,0.8584392897256463,-1.8154830522246623,-0.03805664664878585,0.9510323954450481,0.010175728187895305,-0.8298000900098679,1.6335587540443919,-1.6434146442088888,-1.5951120236153353,0.5181607021539053,-0.9690888330146146,-2.0470810437477756,1.4537720880183325,2.145719945972105,-0.9072218979446115,0.24926282361744134,0.826590814685573,-1.653923355198198,2.1136686646092198,-2.238630811282883,-0.9994659047126987,1.8556130943617144,-2.0472648756519205,-1.3761517317217655,1.8977284620502588,-1.258880736038842,-2.876982770377242,1.285251678976803,0.292218417343343,-1.473631591178148,0.6997103504450629,-0.36948008988423187,125
synthetic-fleet-01-unit-0003,11,0,534.022035201815,1.2890671854959748,47.40005990046522,523.4049506225748,2398.2757406636247,8121.255912453292,8.459338801285053,0.029522315832920767,398.1654730907408,2400.0,99.87689817067604,649.2405382001754,39.97027574966642,23.58800683995724,1552.2533103335145,1390.443290469694,14.630545615909133,21.930084973404018,547.3521068686113,2380.0,9250.0,0.0772951375715302,-1.0030292879798386,-3.7717825955176907,-2.211288392018046,-1.6000985560639946,0.015051040485293243,-2.900134199765526,-3.2945811924529185,0.5203542559710809,-2.141836230365703,-1.6740933793732613,-1.424913509575855,-0.0008237766857899204,-2.0927512142078757,-1.5451133806001172,-2.1202121186676686,-0.1799844457124634,0.3400916025288517,-2.0236350252118034,0.4631579331043719,-1.3585926272248177,-1.0064366939918206,1.2007745563529253,1.4755376571100207,-0.971695476384807,0.7415063999320192,2.425957485731156,-2.3872090594575495,1.4821139987607137,-1.7485239089202085,-2.038898560974301,0.9916454250486929,0.9556294223999227,-1.4958450074795806,0.42791905745242914,0.3156642592591947,-0.484929561419864,0.7986063994042081,1.27573118111071,-1.1045039491670128,1.4546513436321231,-2.3033942319683245,-1.8348049992061704,1.9988808748756612,-3.6494404831168703,-1.7907481268097005,1.3602430140718673,3.2723953764641815,-1.1910804698063977,0.7274219815151021,-0.08378586573869384,-2.092382717020147,0.5838088824058891,-1.634582085605941,-0.40099874900406507,1.0839198348872097,-1.8045347835885008,-0.1322041574611962,0.681498221191267,-0.32908004163918175,-1.6365046223471342,0.5541992938978503,-0.907965661442965,-1.497190584303557,0.7318982004205885,1.1611319754263703,-1.0795695305089335,0.6016594876024343,-0.4767330586819323,-1.385417027907781,2.2172691928089496,2.6243226560116,-0.9994659047126987,1.8556130943617144,1.6985498290455354,-1.341981287261809,1.8807722327062442,-2.377881861227698,-2.0005445081077093,1.791468519476494,1.7315263381456445,-1.4023823550096446,0.6870314897358896,-1.318611851603542,125
synthetic-fleet-01-unit-0003,12,0,523.8740311871073,1.31862402619696,47.79295178973806,530.0,2386.0733776952766,8050.0,8.198940208695522,0.03000994283234271,388.8306353955198,2400.0,101.20588974411497,646.9135955654292,37.79436389658285,23.372555692757985,1631.0147979819408,1416.676275703086,14.734164854632363,21.579190106594105,560.0,2387.390692247261,9250.0,-1.080650573634179,-1.3351868875850705,-0.2223307509863836,-1.241672255981815,-1.1734198009637251,-2.145432077772915,0.35494724141344614,-1.9459866181822882,0.5203542559710809,-0.7588633598579346,-0.8920743377934608,0.38979700220054125,-2.3296811759223517,-3.1207557385924765,-3.891162079362134,-1.5716329050020001,-3.252273221881379,0.3400916025288517,-0.45217984526265037,-4.5393654455288015,-1.8564976750840496,-0.7830486900684324,1.0129890457779913,0.3175919459043115,-0.9669796403553796,0.7384981605162644,2.0937998861259244,-2.3493042877095367,1.5462969193447336,1.8009279356110985,-1.5756464773059886,0.5450998245318479,1.9252455584361539,-1.3946039051298686,0.43341460753657796,0.7423430143594643,-0.7560690259913174,1.1008937368417708,-0.8847519371474981,-1.1045039491670128,1.4546513436321231,0.9516872092106478,-1.5650860843520442,1.8371018181263459,-2.3008459088462403,-1.1362690515168636,1.5553488301129308,3.2723953764641815,-1.0159762201323228,0.6988484342985314,1.2991870047690746,-1.651866573625869,0.4553156180010661,-0.8525630440261404,-0.3989638726327035,1.0857596796804596,0.010175728187895305,-0.5978301603913708,1.1816890951277506,-2.6579374408757435,-1.9822159742195589,0.8328087812002593,-1.9359701858275657,-2.071472825494493,1.224423362443686,-1.1849167233356468,-1.1880001783666192,0.6381237926680438,0.07184615498373614,-1.6584727988965653,2.373073199730505,-0.4479661201573153,-0.9994659047126987,1.8556130943617144,1.6985498290455354,-1.529779118339423,1.6896854881589571,-0.8064266812785448,-2.078697151847753,1.91300538654592,-3.2709970404875293,-1.5360360327728777,0.6998377902649009,-1.816516899462774,125
synthetic-fleet-01-unit-0003,13,0,539.1071433579208,1.3288811727525867,48.5,530.0,2380.0,8288.659844461574,8.580861637017339,0.030470834983874907,398.36701583369955,2380.0,100.65327333786674,644.3934878281495,38.911962821698516,23.61261004051454,1609.0950562696137,1407.3361361931693,14.743649513273942,21.493564105042513,539.7170749499609,2400.0,9203.81529020881,0.6575352687190807,-1.6949176881050834,-1.2101621134381035,-1.5868998349657324,-1.134364289732366,-2.672637085124535,-4.865097885261113,0.3548592906639519,-0.08418426716504597,-0.278928594205491,0.5152470624092854,0.38979700220054125,-3.4888034394291476,0.32237468312860545,-0.4502591887842561,-1.0531303315761327,-0.11365254714850448,-3.4057231021686043,-1.1056165799114273,-1.9699531125321965,-1.3017349223101982,-0.21638763281240897,0.8115837764327523,2.055777788257571,-0.9710008226219756,0.7433546849968231,1.7340690856059116,-2.091296291925098,1.6206611897164045,0.8130965731593787,-1.5900356007815186,0.5440457536171907,1.5800179794522364,-1.2819964507437551,0.4074398516370439,0.7813985255908233,-0.9619728300265311,1.3713372419342882,-1.4119569444991182,-1.660762483849883,2.241648953794219,-4.268357917463911,-1.5650860843520442,1.8371018181263459,0.0,-0.602697680851253,1.298952550128912,2.6678568533280544,-0.9478381505686354,0.7609997806901112,1.779121770421518,-1.1282854300133445,0.9939480857319235,0.5547583561766058,0.02685489984526206,0.811563212763091,0.010175728187895305,-1.3612421012678788,1.594651838624483,-3.8170597043825394,-1.7557922533709835,1.2702746494347192,1.507160235893516,-1.7706095011091487,1.42819162982253,2.255986167242231,-1.2794288335792061,0.5600719244099176,0.5903487284096036,-1.6330103405216474,2.3926870227367036,2.690654554575559,-1.1582342793501308,2.0516672099973494,-2.0472648756519205,-1.7458046430406662,1.5086283527331443,-1.4598634159273216,-2.002796350421584,1.907096489656755,-0.701584707490924,-1.4287796168603295,0.6828756368521363,-1.2617541466889226,125
synthetic-fleet-01-unit-0003,14,0,515.8905534711478,1.338115810976607,48.143538975314,521.5418294526681,2380.0,8052.758753153862,8.473775238335678,0.030603916531463108,396.34698256330466,2400.0,100.15028655535903,634.7998534920475,39.07523251769942,23.233357478494536,1624.6762270988038,1394.3545720641869,14.575504905672574,21.913109532717073,545.1355952079296,2400.0,9132.901860364973,-1.9916113663480575,-3.064353489825049,-0.5079837113935189,-2.0667207146126376,-1.8267427778604717,-0.08946788098700671,-3.470579086980476,0.3548592906639519,-1.0124113869657985,0.15316271967936454,-0.1942593348885147,-1.9375746555736364,-3.4888034394291476,-3.080955382015899,-1.4150489896194576,-0.9034139073094493,-0.7784874105654901,0.3400916025288517,-1.700369173242309,-1.5945884257185352,-2.1781830986045088,-0.4002632200998402,1.1050530555555913,-0.593368846809567,-1.6377171857036252,0.8413840169701472,0.36463328388594585,-1.4293167971101748,1.4000776623721096,1.5152749752039631,-1.8255060863591681,0.40093808530272956,1.1001970998053312,-1.4998327035876995,0.3267663254190251,0.0890200374627177,-0.8893926954239498,1.4139918946658576,1.17121225963841,-2.4258677495286673,2.02394294823161,-2.873839119183274,-0.8351979877286702,1.6978755922321358,0.0,-0.4603723848119688,1.178801294538701,1.739629733527302,-0.6774384240713964,0.880355843399553,2.2112130843063738,-0.8200348671275869,0.9975369164423409,-0.1547480411211943,-0.4386194317095734,1.1487454173032112,-2.3171959295862825,-2.1246540421443867,1.494137000623087,-3.8170597043825394,-2.025192407493434,1.4006327998170398,-1.896169829250988,-1.5724218096840694,1.3861143228779045,1.2911963664070298,-1.2930555015710827,0.5472461406966268,0.740065152676287,-1.8734671076629568,2.1857757683094605,2.0258196911585733,-1.1582342793501308,2.0516672099973494,1.6985498290455354,-1.2372869047302275,0.627928488125778,-2.0546160092582033,-1.7233798076746178,1.8266403876412602,-0.32622002067726275,-1.4208938377458165,0.6716239038723121,-2.138202322983233,125
synthetic-fleet-01-unit-0003,15,0,509.9283694370538,1.2908623775791124,47.399610407589684,527.4482884760557,2400.0,8250.646313324614,8.430174350395097,0.031188275125038762,386.03667838675926,2384.405583338415,98.0,660.0,38.98091936275933,23.447285775948878,1612.1041053000142,1382.1467944964188,14.98511884254034,21.456902473430993,558.2333043403204,2380.0,9000.0,-2.6719309071850885,0.5328216398036902,-1.0745568201643703,-2.5179411155520564,-0.1400524797268947,-2.898365198233116,-0.09973230041180292,-3.2945811924529185,-2.7520411204931006,-2.057838689036907,-1.6749880580299694,-0.3123384118834253,0.32825626495339183,-0.226044116816521,-1.8078691097308945,-0.24601188046818628,-4.171822445914261,-2.580598159578354,-4.242957864794501,-1.811418791264748,-1.6837973384584375,-1.001872488175343,1.3868238014183705,-1.273688387646598,-1.3129331427382702,1.2958329146459266,3.961808413514685,-1.3573631983000134,1.4089723916557055,0.9487018664331119,-1.9249044626260576,0.5086436504496405,0.6489766988659125,-1.1749355808694903,0.6477359681631969,1.7757103355962947,-1.5581702403264557,1.4155517614875335,-1.6376850576076991,-2.1961192462010946,2.2442209320311006,0.4970076673853987,-1.5650860843520442,1.8371018181263459,-3.6494404831168703,-0.5615856525363566,1.375721539222423,0.0,-1.0168608307573341,1.0403444550318088,0.0002116755901022671,-0.7840336095351842,0.9531058416648838,-1.635476764262649,-0.5790465145263668,1.061783689735617,-0.6919596858960713,-1.795971113302609,1.8541241135907252,0.0,-1.6396263537008333,1.6065614344631614,0.9587414359483897,-1.821890549619372,1.2654623177756388,0.8983762462955929,-1.1788802286046873,0.7075129818230096,1.39746717951755,-1.6992440142444196,1.8838515387931987,-1.3675153441901973,-0.9932092908320806,1.8488577640816666,-1.22213993306167,-1.9049516976845382,1.4380277522251612,-4.597204700810396,-1.8904335683879818,1.7787863901390504,-0.5430503862234755,-1.6757611323364023,0.3625084747641088,-1.643816562837162,125
synthetic-fleet-01-unit-0003,16,0,520.7377142616201,1.2985206546898953,48.493438089482176,526.0032574212123,2400.0,8050.0,8.492983033539074,0.030570407687352228,395.606035054927,2400.0,99.24808258390878,646.368982725173,40.0,23.10092752756476,1572.1982954471148,1411.9412006453251,15.020657019658808,21.52530753312736,558.0365318183855,2380.0,9250.0,-1.438522400210749,-1.4129272199132046,-2.872945279028373,-1.4166887529797818,0.0062850668356964805,-2.4771906794348513,-0.15037398259796514,-3.2945811924529185,0.5203542559710809,-1.6995057539918437,0.5021861183832359,-0.7099568215414076,0.32825626495339183,-3.1207557385924765,-1.2419972749581296,-0.941111277174086,-1.022348609661042,0.3400916025288517,-2.7671728555542523,0.5314953783898292,-2.4842271457717504,-1.3050359957317987,1.2509637129402191,-0.04027988067225863,-1.3949127291249437,1.284239748262986,2.01605955379779,-1.17759573500215,1.0303881689990892,-0.8496865924308907,-1.7659845348184047,0.5207838293899564,1.750229061438187,-0.8536588562895522,0.7708230231567439,1.9220478821588858,-2.0566185843104847,1.1338503835162468,-1.2165105388094346,-1.646167202767582,2.3623775494930417,0.4463659851992365,-1.5650860843520442,1.8371018181263459,-3.6494404831168703,-0.5615856525363566,1.375721539222423,3.2723953764641815,-0.9283947354825622,0.934153297362074,0.3585446106351655,-0.34877770998388474,0.9418810017452008,0.5416974121505563,-0.43605517691947726,0.9629320247517485,-1.0895780955540535,-1.7301551049747725,1.9377328359453492,0.0,-1.8452272585777532,1.7393405378164342,-1.9359701858275657,-1.7612673284909743,1.2890766312410873,1.4642480810683578,-0.9430600603059709,0.472935266692238,0.7023677828116502,-1.8677168470341354,1.746690352930596,1.7819584920630216,-0.9932092908320806,1.8488577640816666,1.6985498290455354,-2.053659263753028,1.490844153197625,-3.121419691570147,-1.8767660793308902,1.8015088782069097,1.7998637834311015,-1.9008880360457887,0.4542192195074015,-2.444246370150475,125
synthetic-fleet-01-unit-0003,17,0,521.0805398754271,1.310517249837065,48.07557526836172,530.0,2400.0,8230.331916499727,8.570400446973041,0.029800524308291602,390.9921045660229,2400.0,102.0,639.868565377523,39.268328267596914,23.418269854207846,1579.0630890922907,1391.3694081201695,15.16087552783549,21.49148102073804,560.0,2383.824954592351,9208.061235862637,-1.3994040229787388,-2.340824190980207,-2.5635776528737972,-2.1770574949325687,0.5836706879619701,-2.68546277423945,0.35494724141344614,-2.5966339856824647,-0.028606615459836435,-1.1381817006248076,-0.3295355124431167,0.38979700220054125,0.32825626495339183,-0.5191186298938439,-0.5445087814831451,-1.8072282460868234,-2.5408888690531044,0.3400916025288517,0.48680931012541834,-1.1506522424544872,-1.7508527897333692,-1.3687866856007107,1.2447767469505786,-0.001161503440248346,-1.5960401898039709,1.3496302238390945,1.0881625827307877,-1.6458451153796325,1.0196722992111527,-0.540318966276315,-1.9530615826085556,0.44831676623930755,0.9898603194854001,-0.5022407585044132,0.9647367894792277,2.4994335032851596,-2.164624723603792,1.169582972341098,-1.4247826336140335,-1.6461672027675824,2.3623775494930417,0.9516872092106478,-1.6952155578520796,1.8930207221100719,-2.9514932763464166,-0.67137782682254,1.286821675154676,2.7234345050332642,-1.0042584036359368,0.9323441873288707,0.9198686640022016,-0.23626994491381592,0.8930941070466488,-0.29002421867579625,-0.43605517691947726,0.9629320247517485,0.010175728187895305,-1.198567616799624,2.090689703434318,0.0,-1.324899836838027,1.6491748003650148,0.6656669228710668,-1.0919366689151766,0.5811424733950143,2.161736574543342,-0.9901791285229355,0.555709651077649,-0.16374918610108713,-1.7254399764684805,1.630847895474347,0.2634182326709591,-0.9932092908320806,1.8488577640816666,1.6985498290455354,-1.8658614326754144,1.775061215615014,0.13256247410952393,-1.1990234387160275,1.0152422663730423,0.1177161625867853,-1.8797590589756528,0.4592298716626607,-1.7108720141120937,125
synthetic-fleet-01-unit-0003,18,0,520.9791193628835,1.288971385158124,48.20957397185905,519.1496261974843,2380.0,8176.589649322664,8.395005089688045,0.03018032119307095,400.0,2380.0,98.57670119480471,659.398297056469,39.05652988194197,23.863341713218524,1613.5675990398142,1425.541763133741,14.901009646370005,21.524072166485006,556.2164568241545,2400.0,9194.47346242473,-1.4109766876483627,0.4469320255027946,-1.0086032594929324,-0.9139886320972068,-0.4863936375721068,-2.484796914316347,-0.6187913129572811,0.3548592906639519,-0.20646488335842778,-2.1463187550568064,-0.0628220970151116,-2.5958193699115766,-3.4888034394291476,-1.2944549059526365,-2.124724886475668,-1.3799576547292638,0.4237964251410577,-3.4057231021686043,-3.5610422695633943,-1.6375866622905335,-0.7222969981201459,-1.782489076874199,0.556310971935402,-0.012734168109872268,-1.1676702470823952,1.6226877116460652,3.8759187992137893,-1.6055333445905984,1.0448754353398588,1.0146554271045498,-1.8184793420348502,0.6440085335660157,2.252929182320762,-0.3726466280723613,0.8999397300925629,1.4293691777510826,-2.127056689442154,1.1520714173885764,-1.2241167736909302,-0.796905888306816,1.5338736359672929,-0.02205134516007945,-1.6952155578520796,1.8930207221100719,0.0,-0.6958339500612165,1.273969912642116,2.545576237134673,-1.3777364358061999,0.9431108161099127,-0.08826839042979717,-0.35188377679869537,0.8045094606645563,-0.02331080324779119,-1.033178451341901,1.2153930290711266,-2.9754406439242227,-1.198567616799624,2.090689703434318,-3.8170597043825394,-1.6482657546542754,1.3823617520656033,-0.10966935318772575,-1.426829808453459,0.6010492360884988,0.5815204695508194,-1.0555445931535616,0.5834925215667324,0.2635214052564725,-1.6179501820105682,1.7749822214475153,3.2281035268651213,-0.9932092908320806,1.8488577640816664,-2.0472648756519205,-2.3569465706058077,1.8502170174630959,-3.915289105579289,-1.1325501486676948,0.9616105091685502,-0.36921825724926105,-1.7638714741376424,0.667462575404665,-0.6823162224988703,125
synthetic-fleet-01-unit-0003,19,0,524.9534574808013,1.3208669607915537,47.7919242539975,520.8491345363603,2395.5015579545498,8250.614381146665,8.473753541926234,0.03034187844852027,391.11415686775814,2400.0,101.89348297075566,645.5836473226921,38.84485170032774,23.400580151655376,1643.1966867160165,1408.7007329239286,14.818766593799706,21.392716962061264,560.0,2389.864386820134,9170.25374170078,-0.9574818159618297,-1.5250293054042603,0.3266561806730299,-1.5364619988767498,-0.8250504711749002,-3.2935596763164643,0.35494724141344614,-1.4946065623268685,-0.5234908918236539,-0.6539158207745994,-0.8941195633045049,-2.12817834542328,-0.5302848282560234,-0.22650480032018605,-1.4152444623854126,-1.1982061268987028,-2.500718924061044,0.3400916025288517,0.3608591230029475,-2.124244727400621,-1.7917334826909126,-1.5756631667969536,0.6443887904809069,0.44076070357666075,-0.8598054101982374,1.2834383528654516,1.9039574683067346,-1.4386053661772886,1.2996610246356843,2.349914867270512,-1.7124275988876725,0.6365263362350524,1.630455815541219,-0.17230816673524701,0.531310220155567,1.0907123441482893,-2.7678750485080457,0.34087916573193694,-2.0328795356910474,-0.03180062262803156,0.40693373101636593,0.9516872092106478,-2.0651087284502436,1.5400845848235367,-1.8494658529908203,-0.5980498510327875,1.2623063771645373,2.2285502286694467,-1.5391521438969928,0.6339993987063536,1.4041345438524098,-0.4918558224818933,0.8306857415430163,-0.8546082695371845,-1.0712991893118295,1.2532504918163163,-2.507799619435926,-0.6068638945649991,1.6533896267865624,-0.8585410932094153,-1.0773756383151327,1.2230007228683817,0.9582807524447247,-1.4268689030066501,0.6010482846077069,1.2910008936410748,-1.1145030370714124,0.5791550241485993,0.44527293308703353,-1.9623964847096786,1.7380746658229842,0.3035881776630194,-0.9932092908320806,1.8488577640816664,1.6985498290455354,-1.9447009113567564,2.2247951331794154,0.006612286987053073,-1.2384814090041119,1.0503155113844902,-0.8558763223593486,-1.6865815509549233,0.6287445161764054,-1.751752707069637,125
synthetic-fleet-01-unit-0003,20,0,519.1287827256862,1.2879413841924194,47.30498460419171,510.88326076196773,2400.0,8123.694210448994,8.364246744107557,0.03064756621600715,398.45597989254577,2400.0,102.0,629.9652284814356,39.5117713250278,23.967098042538737,1625.789366542842,1372.6816508430406,14.685594324070394,21.835647640929576,560.0,2400.0,9034.142527030926,-1.622110756005462,-3.7544682414899353,-0.45781915799531353,-2.867789062118741,-1.3734214007640781,-0.5664059195417016,0.35494724141344614,0.3548592906639519,-2.3051297301058726,-2.194512789276392,-1.8633329490862847,-4.870413446699759,0.32825626495339183,-2.0575740438499306,-2.4018407337910266,-0.8543081160954447,-0.0843726294467123,0.3400916025288517,0.48680931012541834,-0.5909652383885273,-0.48251735068062274,-1.3656991365610283,0.24539641559770045,-0.22386823646697152,-1.7172633864569626,1.529080436376712,-0.3254814677789404,-1.3152578337434773,1.3702018363499053,1.5654395286021687,-1.7823971882010095,0.7553463568010214,0.29912875229922786,-0.41898195094268365,0.752754108707777,0.5423414145591112,-2.301483192769763,1.0255030782062495,0.6942742210837151,0.05913528573701825,0.43760505770010355,0.9516872092106478,-1.3352206318268696,1.6709579303109756,0.0,-0.508667572955342,1.0733320695123196,0.44691139038722794,-1.56648696394489,0.6641812312365765,-0.13646242464938263,-0.5295248006931563,0.8991952050611884,-1.8238216553189643,-1.9829141962750962,1.9990363463029932,-5.250034720712405,-0.6068638945649991,1.6533896267865624,0.0,-1.4436816237218146,1.1777145507866444,-0.8727884910850199,-1.5456632278186764,0.7382216159428115,0.30440462223546083,-1.236162284196864,0.38115017176117105,0.7891709438902916,-1.144906521416169,1.35900473678043,2.7199344722773513,-0.4090713384106396,1.6751792621643626,1.6985498290455354,-0.9987474763727725,1.99718370248161,0.13256247410952393,-0.9943906984288677,1.025398613478048,0.6774031666527451,-1.4463255533993602,0.8280137062910673,-0.44253657505934707,124
synthetic-fleet-01-unit-0003,21,0,511.8608574415197,1.3043570004505107,47.856736271778196,522.4068599010459,2400.0,8090.075437849949,8.664385370937236,0.029825948986009692,393.12985212731,2400.0,100.76385130888272,644.8684650942303,39.95574765770305,24.219416246805743,1548.2976653027465,1402.6345772310638,14.569773782374105,21.513777574240166,549.9801940364196,2380.0,9250.0,-2.4514228946257073,-1.6271174311444574,-3.950047023602691,-1.7606775195725335,-1.850342145935821,-2.5481814059634615,-2.2237656001208106,-3.2945811924529185,0.5203542559710809,-1.426421498083359,-0.7651165642313533,-1.6995506836757006,0.32825626495339183,-2.5425899414251716,0.30224390783346555,-1.7786255441715753,-1.8373117900228688,0.3400916025288517,-0.974864565516264,0.4297571684591036,0.10058702914953557,-1.56827923544402,0.5498129163481604,-1.0531803750872168,-1.7601014287032133,1.5214038110668697,1.8018693425665375,-1.5306781826583409,1.717083759861061,-1.9267883370052088,-1.8511949415195599,0.7289128728859291,1.4062402948454353,-0.7903073934969872,0.92804661017991,0.06542066938736846,-2.3156813380754846,1.029029300422753,-1.2875012653380449,-0.35554303776755086,1.1262708940690338,-1.627025632323609,-1.3352206318268696,1.6709579303109756,-3.6494404831168703,-0.508667572955342,1.0733320695123196,3.2723953764641815,-1.511870112763193,0.6617318501032297,0.6316288665436502,-0.7829853372160742,0.6899407416317159,-0.7256052704640329,-2.180832968701955,1.8873659194331323,-2.0791719576883465,-0.6068638945649991,1.6533896267865624,0.0,-1.3280484642883537,0.9844050257241603,-1.3578043886602609,-1.2368149912603574,1.120880928324051,3.008489263859953,-1.403665137596362,0.40250064469720054,-0.13514648418583897,-1.3078991574885346,1.389167656868496,0.9669953117011947,-0.4090713384106396,1.6751792621643626,1.6985498290455354,-0.6402858183651748,1.7454039100035446,-1.3291114015321583,-1.0147383404150128,0.987872456437474,1.6981255735003762,-0.929362718415103,0.8249049566537392,0.1405678047708112,123
synthetic-fleet-01-unit-0003,22,0,516.4067918264456,1.257139567150316,47.31693856158978,530.0,2400.0,8205.264352030164,8.673543296362617,0.031192593228334852,396.1554908432206,2400.0,101.50432411892314,658.4157938900364,39.464224089861354,24.004083112494335,1589.2021981075768,1421.2147326591169,14.570341603304685,21.87582721548981,554.9498060647765,2400.0,9250.0,-1.9327055964438877,0.3066853823351644,-2.1066502855689184,-1.07392310131558,-1.8480039978200338,-0.31901759686438996,-0.9447785217734683,0.3548592906639519,0.5203542559710809,-3.635738452144783,-1.83953957853637,0.38979700220054125,0.32825626495339183,-0.8807667907661703,0.3847518001147469,-0.2411540245383375,-0.8415113089504318,0.3400916025288517,-0.09929856780379619,-0.7002785615235843,-0.39704529232445035,-1.67493955013705,0.5604869743106008,-0.5344630769053973,-1.2305995140401387,1.7169147935185545,3.735672156046159,-1.439292709197365,1.6595641428908239,-0.08339159897143622,-1.630568062796162,0.771336488961913,2.0929947131023887,-1.276642330653388,0.6110196448638028,0.0677588175031556,-1.8423923026004725,1.3196136209081646,0.9416625437610266,-0.6154881904049337,1.069870215751761,-0.3480385539762667,-0.7449219765575863,1.634881157954172,0.0,-0.39887539866915855,1.1593449356853998,3.2723953764641815,-2.011381463067188,1.1039895735482033,-1.5776880875177737,-1.084986150434725,0.7679095931805612,-1.8000282847690496,-2.180832968701955,1.8873659194331323,0.010175728187895305,-0.6068638945649991,1.6533896267865624,0.0,-1.400378096462819,0.9213778484865407,0.30401876199874045,-1.050962874940779,1.3231574119331453,3.0909971561412344,-1.0904502932866649,0.5801030701297467,1.4023250354473988,-0.9680236454679999,1.208182963549173,1.9627957927736317,-0.4090713384106396,1.6751792621643626,1.6985498290455354,-0.7575073939510177,1.668783877851716,-0.4535454038196906,-0.9246636042288323,0.9929014344371041,0.5680898435176882,-0.6586012189333191,0.7006835424934705,-0.35706451670317474,122
synthetic-fleet-01-unit-0003,23,0,510.8002877377924,1.3091042740306058,47.555781658991094,530.0,2400.0,8175.952728242252,8.54374829878133,0.030383892452362272,398.95534603822375,2400.0,101.37171579546356,660.0,40.0,23.548296938811696,1608.0009181077983,1407.7940181097495,14.688155827107034,21.657177234693965,557.7509111899038,2397.5585768373467,9076.27770854896,-2.572440006767747,0.5328216398036902,-1.2594703582742508,-1.5699757338477938,-1.362873755941302,-1.6652601241818636,-0.22388175162560958,-0.0906321356463636,-1.753597837361508,-1.204295235111994,-1.364142006793625,0.38979700220054125,0.32825626495339183,-1.3036437259367752,-0.7846300392924752,-1.1509404725811307,0.07997913055770917,0.3400916025288517,-0.2561001916588656,0.5314953783898292,-1.4503617381689,-1.907232213960927,0.6562419260521485,-1.1741974872292567,-1.2134215911799597,1.7381924754831601,3.961808413514685,-1.4894661289536288,1.6470328163875818,0.7637883283232314,-1.7617654831462797,0.6678250989425089,1.596942080570175,-1.451938354327227,0.42505276373915246,0.5528890593818874,-1.6784849445735763,1.269831135165828,-0.404579983556447,-0.5365062781385995,1.084048326201313,0.37285821617159204,-0.8340202618196495,1.5708460650664753,-0.44549142631031546,-0.7083019894697745,1.293817000547168,0.9984432831315926,-1.8229767590782253,1.1544338827074707,0.8537551295150152,-1.3452501323904276,0.5131185320454738,-1.3246307130263046,-1.5837096942795312,2.1738068086411886,0.010175728187895305,0.1565480463115088,0.3839512491786478,0.0,-1.4022158604596466,0.9211228864811444,-0.11885817317186453,-0.7829439055041403,1.179171279867147,1.9216153167340122,-1.0446468568570382,0.5602305470548794,0.49253858740460554,-1.0367871043846697,1.1153843437172584,2.884286232281773,0.3400916025288517,0.0,1.6985498290455354,-0.096518978370112,0.5801791705986173,-0.61034702767476,-0.49084719609275973,1.0740774355387024,1.7998637834311015,-0.80421416694307,0.7875026382937272,-1.4103809625476245,121
synthetic-fleet-01-unit-0003,24,0,519.2337117379549,1.3085316732155925,48.18048359508323,518.935582456141,2400.0,8300.0,8.41185710471712,0.030747944735808448,400.0,2380.0,100.15778341327307,659.4802104469313,40.0,23.72306493305378,1596.5847370991967,1419.3098466115168,14.433099582631769,21.47301635260127,554.0162413403626,2400.0,9244.132855990316,-1.6101377513080346,0.4586246881173407,-1.773950035440352,-1.1443309574032738,-2.413133169291524,-2.7991509685308187,-1.1850421907506545,0.3548592906639519,0.44355579624972147,-1.231087387927151,-0.12072410310519845,-2.6547161885957853,0.32825626495339183,0.4859783870088814,-1.9728974609227212,-0.7413825202469847,0.4237964251410577,-3.4057231021686043,-1.691504575123099,0.5314953783898292,-1.0464749746563804,-2.037763401030168,0.45377891348253935,-0.21189523176954417,-0.8166907924756396,1.8706225625877955,3.8876114618283357,-1.9095873721763053,1.2991333599290225,0.2493086511571303,-1.6833392748515845,0.7217464641285699,2.022586857014695,-1.769554893950552,0.4327774055183379,-0.49737035396833473,-1.579603203016447,1.1234347334644166,-1.538470827905402,-0.8445041645714196,0.9813560842464207,-0.5883022229534529,-0.4641270912214853,1.5939875299197999,0.0,-0.5148926518550996,1.39655245882013,3.195596916742822,-1.9384110725087353,1.0305186200162249,0.8269629766998583,-1.1905710403505663,0.7465721013699695,-0.08121280933787803,-1.6890172629140323,2.2190597414169537,-3.0343374626084314,0.32825626495339183,0.0,0.0,-1.2597192229938332,1.1699705176617796,1.6707639397737921,-0.8944745052116021,1.2763002904410394,0.7333478951037662,-0.9532821355266945,0.5661458094737141,0.9020965397387516,-0.45188403454424914,0.902216549027371,3.2281035268651213,-0.4090713384106396,1.6751792621643624,-2.0472648756519205,-0.5069917179953214,0.8424334478673571,-2.0457514111389936,0.04030082506533035,0.6287239244195093,1.7998637834311015,-0.6551624653361635,0.6027137530572808,-1.0064941990351048,120
synthetic-fleet-01-unit-0003,25,0,528.8833133504739,1.3449753311181807,48.04059670936463,523.5608350364807,2400.0,8235.167171479026,8.429965967469975,0.030304457656993633,400.0,2400.0,101.05139963729926,649.658957658326,39.72035009192301,23.460801314294013,1614.5774120330393,1420.555686779636,14.505634211607195,22.0,555.3938543352809,2400.0,9005.799011714973,-0.5090626250205516,-0.9433023309108675,-0.9630951984030526,-1.0982825675923864,-2.1144532564274634,0.44552252627941374,-0.8304975684722721,0.3548592906639519,-2.676134483996544,0.4741215919915163,-0.3991574617110759,-1.382019958921705,0.32825626495339183,-0.44936071333454514,-1.8097465257547836,-1.2403044282945728,0.4237964251410577,0.3400916025288517,-0.63485540427936,-0.11143287304887188,-1.652563089515895,-1.8151537748331859,0.8276540524524942,0.8891798945179389,-0.2544576103598259,0.9749203137972035,2.4856844428001272,-2.0106425802578527,1.1713395813584133,1.0601634881944295,-1.3294379759463137,0.3149647755090821,2.0686352468255826,-1.9177612650832287,0.38774754180468,-0.19869044110427403,-1.377217513852224,1.4069637566174331,1.7062026669048305,-1.0815931265485632,0.7301875934148855,-0.23375760067507045,-0.46412709122148527,1.5939875299197999,0.0,-0.5890936026332338,1.5198621348759358,0.0759066364965566,-1.404684196255154,1.464434906420638,2.5321719566185257,-0.8977359428755246,0.7025746410914354,-0.3596461679437555,-0.9913385653584218,1.3449992923090717,-1.761641232934351,0.32825626495339183,0.0,0.0,-0.9380765568907563,1.1155898243211437,0.7354248394303655,-0.7760556636043535,1.119288226933634,0.8964988302717039,-1.0304813979665202,0.5755153385783204,0.4031746316911635,-0.3502502236266952,0.9792960842290259,3.2281035268651213,-0.4090713384106396,1.6751792621643624,1.6985498290455354,-0.7313246608762769,0.6355821640061349,-0.9891022402952545,0.13620729813326143,0.5384494189204562,1.1569355319924006,-0.8891716131032179,0.7321638709680963,-1.6125823138946194,119
synthetic-fleet-01-unit-0003,26,0,527.1489951324726,1.3178652778460214,48.5,524.2321893812597,2384.7233760517356,8050.0,8.334853416213118,0.03079171553313188,400.0,2386.6643911396004,100.15459160537402,651.5138119695508,39.364407515885944,23.146094889172552,1565.2690071629036,1434.493497758113,14.889413941876883,22.0,560.0,2391.346652400998,9191.137636358606,-0.7069583234741608,-0.6785326084286205,-3.1852194096475164,-0.5831171639786259,-0.5341419207924742,0.44552252627941374,0.35494724141344614,-1.2241345614500134,-0.2501294505403239,-0.7943654081149256,0.5152470624092854,-1.1972883948537598,-2.5873330196428723,-3.1207557385924765,-2.6666585193761208,-0.6921404774444488,0.4237964251410577,-2.1575443857400716,-1.695278702180485,-0.9297615454870336,-2.379845908375952,-1.4662608606028764,0.8594580210479795,0.6912841960643297,-0.06474064581665853,0.6923800365823194,2.7504541652823744,-1.8576770574668182,0.864507740984329,-1.1619607230500342,-1.093925904827532,0.35018165693744374,2.583800650439343,-1.6545212200545596,0.735658407557097,1.3816208945307151,-0.7784767274036488,1.4209996675074958,1.7062026669048305,-0.5658505582417119,0.6248667801795098,0.9516872092106478,-0.05003776502090429,0.6841008820741226,-1.5789938521139653,-0.7431903439355148,1.4146745874194004,2.5019116699527766,-1.2782729782614672,1.4891604944788388,1.2636849565120836,-0.6416632175473969,0.9520387827664754,0.5547583561766058,-0.8908861075940336,1.2967738653704042,-1.5769096688664057,-0.25486159196586095,1.3038911669654454,-2.915589284596264,-1.053709716324217,1.3323787651974854,-1.9359701858275657,-1.369836149046271,1.189537452945486,0.039586836650366664,-0.8131843846210949,0.401103657023436,0.9513385825412874,0.10197141940609009,0.5480322350064835,3.2281035268651213,-0.9085985360644241,1.765869334118701,-0.7990861592233878,-0.875407488209121,0.7716792001447906,-2.0495255381963795,-0.135696444655966,0.6782645002928481,0.33860685955423886,-1.3852582006083154,0.734206018254504,-2.3398651327546762,118
synthetic-fleet-01-unit-0003,27,0,516.350496751711,1.318329293190819,47.04891163942684,525.5783361982977,2400.0,8300.0,8.515700898838174,0.030320171957520268,400.0,2392.6733475604647,100.34711711330246,632.6093652491724,39.817402304397504,24.32382597529616,1603.5725190151409,1383.6542155224745,14.318696957922668,21.884753428425313,547.0285032965169,2400.0,9140.82117391689,-1.939129188734191,-3.3770330143876612,-1.4590398407339646,-2.462224248498612,-2.884215278102069,-0.2640583079683833,-2.983417318217049,0.3548592906639519,-0.9087508867575546,-0.7726539999219282,-2.37302515691106,-0.8268792228413075,0.32825626495339183,0.4859783870088814,-1.0373217512020652,-1.2226258776063899,0.4237964251410577,-1.032122519682096,-1.4676284952468084,0.1116947142032054,0.34187667432794683,-1.467545579060937,0.8603339281091918,-0.5408866691957006,-0.8014843251612236,1.5840555273936232,0.05195375932333368,-1.7281549684998274,0.866391747636192,0.5642188458635176,-1.3715861342641382,0.703006579185528,0.704693565919357,-1.8617634761109667,0.9253024232739444,-0.9684524627788798,-0.7674848696244476,1.4256471980434753,0.9966218326570333,-0.9735783175304279,1.268036570924314,-2.3866773504198475,-0.050037765020904276,0.6841008820741226,0.0,-1.0290113724812417,1.227559956657182,1.8432902337355461,-0.7056560878168965,0.6944336699532621,1.285396364705081,-0.7483603332223348,1.1326182490097947,-2.3335138631437395,-1.1342213526024032,1.0948033245630266,-1.2065004968539534,-0.254861591965861,1.3038911669654454,0.0,-0.7803606807692068,1.5056613513376216,1.6707639397737921,-1.6542508593096332,0.7562284251801511,1.6689236048244223,-1.0094787552347053,0.26986236230667104,0.42085318237934644,0.35503296622438796,0.15375976850569983,3.2281035268651213,-1.1830413605066137,1.6242394230525985,0.3263357068345878,-1.1490734736977235,0.6625463113098565,-1.8218753312627027,0.026698210489391933,0.6022375420309853,1.3800631192444779,-1.237473807277836,1.0066606799868671,0.38185744994922244,117
synthetic-fleet-01-unit-0003,28,0,517.3098526857126,1.3120109132406852,48.5,530.0,2380.0,8300.0,8.530793377187,0.031840531940932816,393.6117458970767,2400.0,102.0,660.0,39.89138490780596,23.77734270152553,1650.0,1399.8985651237854,14.572639054393896,22.0,560.0,2400.0,9250.0,-1.8296611507154006,0.5328216398036902,0.6332531432970843,-1.8618052205949371,-1.83854365452156,0.44552252627941374,0.35494724141344614,0.3548592906639519,0.5203542559710809,-1.068292770824262,0.5152470624092854,0.38979700220054125,-3.4888034394291476,0.4859783870088814,-0.9013467874388331,0.48777548486516137,-1.6787105514691683,0.3400916025288517,0.48680931012541834,0.28178418847967923,-0.9210396949656915,-1.3189898078504678,0.6634549299840498,-0.43141863117691015,-0.8014843251612238,1.5840555273936232,3.961808413514685,-1.3496102681855602,1.3822663633871584,2.6565118298945665,-1.429952031613567,0.7349823860177828,1.3051125938230317,-1.956897455827018,0.8847505488564478,0.07721916080162927,-0.3453283395321921,1.4057191743446675,1.7062026669048305,-0.8578125189226169,1.3754629766016153,0.9516872092106478,0.03906052024115881,0.7061475178762152,0.0,-0.574220953814724,1.3104341331921432,3.2723953764641815,-0.67845559495935,0.672331301972465,0.9897575938027472,-0.37248251938175275,1.1876860189103895,0.5547583561766058,-1.1342213526024034,1.0948033245630266,0.010175728187895305,-1.0182735328423689,1.871155604266653,-3.8170597043825394,-0.42243625818007546,1.5618342139484387,1.6707639397737921,-1.6775942089389049,0.7237792023771045,1.8048985685876544,-0.681735563745447,0.7028484229447259,2.1312545448508975,0.0032950298190125072,0.9402697045736051,1.1255965502548952,-1.1830413605066137,1.6242394230525985,1.6985498290455354,-1.0004915733408668,0.9386424709289763,0.13256247410952393,-0.023244027492638052,0.5586899336617276,1.5501525935209517,-1.1316093986371945,1.0065082972531845,-0.8810589193444158,116
synthetic-fleet-01-unit-0003,29,0,532.8653137207143,1.2928023419643149,48.5,520.9834719536258,2400.0,8153.887519539499,8.690777033023622,0.03051996968659406,400.0,2400.0,101.79237160922489,642.931512607963,39.77289122246396,23.68663259859634,1650.0,1454.3782897731408,14.077608255594559,21.855291010266814,557.861328903749,2400.0,9083.977572065058,-0.05469344620896785,-1.9036061931710757,0.6332531432970843,0.1518588605934001,-3.876959759200405,-0.44546038327711807,-0.1954644771134644,0.3548592906639519,-1.65280984628357,-1.9670672110691378,0.5152470624092854,-2.0912137210080393,0.32825626495339183,-1.621977090803715,0.5400183285022117,-0.9978539079709544,0.4237964251410577,0.3400916025288517,0.24130082330802413,0.009361649715665438,-1.1306696678267967,-1.0079009468306546,0.8352374728644396,1.3435490733295226,-1.2739305014189068,1.4618223724825696,1.5253805805399192,-0.8681696324380731,1.599640493922326,2.6565118298945665,-1.1707140680142323,1.0302088529567053,3.3187766750113687,-2.2496627738087946,1.2430873561758782,-1.9611969438772157,0.12540977751854795,0.44299961790543224,0.8152197573482987,-0.6598969761951788,1.3877469564104037,0.40127549068373725,0.03906052024115881,0.7061475178762152,0.0,-0.9934940823213825,1.236677522061309,1.0992312742095305,-0.8256515595877474,0.8739139341216347,0.09098315355787134,-0.24528828627885596,1.2536129749257225,0.5547583561766058,-1.0215208590848541,0.9130717549302486,-2.4708349950206854,-1.0182735328423689,1.871155604266653,0.0,-0.8440273537425946,1.5396663786101,-0.4371915380388043,-1.1750110510539182,1.1898610777954428,3.246263684528699,-0.733029841290241,0.7174958460045816,0.6456251520147819,0.003295029819012518,0.9402697045736051,3.2281035268651213,-0.43387841956712253,1.1320345789302364,1.6985498290455354,-0.6139304936546421,0.9800001019169108,-0.11294601270787027,-0.1276707732274708,0.4709937270079415,1.277730054756938,-1.1484483372712775,1.0054316328614614,-1.0906888922055211,115
synthetic-fleet-01-unit-0003,30,0,530.5727232203449,1.3224075588585615,47.88471681725085,528.8071214071599,2380.6345536362232,8300.0,8.450205449146942,0.03095740044031752,400.0,2400.0,102.0,653.2193755131669,40.0,23.9290279576222,1568.9735622721312,1449.0565759259855,14.495793149195556,22.0,543.9642651399259,2400.0,9250.0,-0.31629122776347357,-0.43507327936633805,-3.018270557382172,-0.04484081241983216,-2.154976351466576,0.44552252627941374,-3.7720344144603675,0.3548592906639519,0.5203542559710809,-0.5818308049035538,-0.7094235862116222,0.06156150344752271,-3.367696983674289,0.4859783870088814,-1.6273998810219015,-0.5057453512354493,0.4237964251410577,0.3400916025288517,0.48680931012541834,0.5314953783898292,-0.5704968657529789,-0.9693466673792388,0.8678333241743021,1.081951291775017,-1.172284691110001,1.5075149827490741,2.993913494344657,-1.279204704233897,1.8711342023172046,-0.99501187078469,-0.9600257169797215,1.1495344146591098,3.1220770019981368,-2.257767392816617,1.242117162456556,-0.23921353614338647,0.12540977751854795,0.44299961790543224,1.7062026669048305,-1.2482043453927978,1.9766849476719066,-3.175294446663166,0.03906052024115881,0.7061475178762152,0.0,-0.35419633432785746,0.9400046796878374,3.2723953764641815,-1.0368420389667616,0.548163634089904,1.4762195597234555,-0.3073415111789652,1.2706961481311585,-0.6699122924443017,-0.7328045666110085,0.9951284381867417,-0.31805977056512325,-1.7574641825679052,1.9351697053018884,-3.695953248627681,-0.6569595336739095,1.6523068643977739,1.6707639397737921,-1.1385417221073417,1.1681389053401496,1.078845475004586,-0.5861180258784162,0.6606089012033486,1.137733708750287,0.003295029819012518,0.9402697045736051,3.2281035268651213,-0.43387841956712264,1.1320345789302364,1.6985498290455354,-0.3895975507736865,1.0955780114238312,0.13256247410952393,0.0009148770602694034,0.5565306285954688,1.7998637834311015,-0.9320350925186943,0.986064631617987,-0.5305160901317032,114
synthetic-fleet-01-unit-0003,31,0,532.9802290321944,1.2726278714262362,48.08909693503623,524.2285075715307,2400.0,8095.567050109648,8.537499421686341,0.0300600467102347,396.8124233977237,2400.0,102.0,660.0,38.399140169258665,23.04528084550425,1625.2233624072746,1440.250307232866,14.914394601392036,21.51200947320694,559.1096086988342,2385.3742065401525,9230.849006110617,-0.04158094724982279,0.5328216398036902,-0.48332660437531705,-0.3703356101773701,-0.4312776570240546,-2.5590677220511977,0.1257947517692135,-2.3139388468397195,0.26967576053783476,-2.911036348815684,-0.30262174531767316,-1.1983014909558716,0.32825626495339183,-2.4633628000586536,-0.8409289994044806,-1.5152661616342777,-0.6253011744203896,0.3400916025288517,0.48680931012541834,-3.148956436719016,-2.6128259685430253,-0.8362711921343712,0.9638328293928161,1.3566615722886677,-0.9300138414635389,1.692669958267073,3.961808413514685,-0.7388261431794572,1.5447538443608226,1.5399320822221652,-0.9174694062194702,1.170719506195893,2.7965822042405986,-2.2371945400629327,1.2781318356168816,1.4844851582991347,-0.4755082721475743,1.2332304536827001,-1.298387581425781,-1.2940348433216442,1.9323825879876486,0.7225347195664151,-0.1789003368367824,1.193522810736608,-2.6687981375036713,-0.2502352921122257,0.9821891587543349,3.0217168810309354,-1.460176227106913,0.9694951907144792,-0.8529859841886749,-0.4709152727243569,1.1883037533563066,-0.26311045155035273,-0.7330071858314309,0.9952467518855158,-1.5779227649685175,-1.1743463256486522,2.0579688090713715,0.0,-0.5254809459671448,1.416583903520325,-1.278577247293743,-0.7733958181130138,0.797647907801051,1.8653163566220068,-0.750743162716382,0.7845675243317666,0.12821289835145855,-0.20652449009327692,0.9400291324197109,2.179005927303674,0.06564877808666206,0.613672811389777,1.6985498290455354,0.04682005168749416,0.8532509616847491,0.13256247410952393,-0.44292410118612713,1.5255712748909542,-1.8805880316777437,-0.9786311045521092,1.0732357266274213,-2.5728451929217497,113
synthetic-fleet-01-unit-0003,32,0,535.5662903390001,1.2912675268031644,47.904595600626266,530.0,2400.0,8300.0,8.7,0.03142954256860819,397.13160049131335,2400.0,102.0,652.0025590414568,39.851677977881074,23.66403655483551,1588.278546933618,1441.997316179803,14.646417132854058,21.840091194796713,556.6669696843184,2380.0,9018.52941900945,0.2535035437289668,-0.6087667913455992,-2.148275392724667,-0.3057631625630733,-1.5347435199234407,-0.5390466617608757,-0.5028466228102423,-3.2945811924529185,-2.509498780112733,-2.0388816431523478,-0.6698565003351776,0.38979700220054125,0.32825626495339183,0.4859783870088814,0.623112209534675,0.025413419265716906,-0.5202533702418876,0.3400916025288517,0.48680931012541834,0.19049609472648718,-1.1828888571716603,-0.3977446456417396,0.8254817451690732,1.6517460632674572,-0.3763605968551265,1.0053809736492343,2.820219982365396,-0.8766732535775976,1.6521113798971754,-0.12501670612718474,-0.48617718903236257,0.7968984834191131,2.8611546518548954,-1.9673001884272072,1.249506977960455,0.38101929539974866,-0.5305059429060728,1.227561783396331,0.721633478864541,-0.7979207042402832,1.6939398841341333,0.09389334498695934,-0.9087884334601565,1.7647146713516586,-3.6494404831168703,-0.5703848707832615,1.415709374351169,0.2425423403803677,-1.7134217557529972,0.9084644126305612,0.01916872147466142,-0.13028154140918044,0.6102585818603433,-0.6303452065678572,-0.48967194082306104,1.1088148477730642,0.010175728187895305,-1.1743463256486524,2.0579688090713715,0.0,-0.5254809459671449,1.416583903520325,1.6707639397737921,-0.4413090259656657,0.9841415453088427,3.3293575655611622,-0.5011353033419607,0.7953631445413902,1.6688924792514532,-0.395334449169866,0.8742846261395589,2.284053731482176,0.3400916025288517,0.0,1.6985498290455354,0.4377076127619395,0.10979473311535604,0.13256247410952393,-0.42716382508147077,1.533121655461601,1.4588644997677596,-1.2835842108520306,0.7810790852805098,-1.1429080815503847,112
synthetic-fleet-01-unit-0003,33,0,519.2242416133957,1.3220212917348162,47.77329894500992,530.0,2400.0,8291.907192895475,8.558048411263195,0.030628084488521095,394.49658090222965,2400.0,101.7397659342303,660.0,39.48732369116792,23.98480389296491,1639.2196941773552,1452.3005232623645,15.097287504423253,22.0,560.0,2400.0,9063.487725598347,-1.6112183470687316,0.5328216398036902,0.1474297094178152,0.07506104601605419,0.3218307149692183,0.44552252627941374,0.35494724141344614,0.3548592906639519,-1.9210133616520775,-0.599904352016154,-0.9311917113464326,0.38979700220054125,0.32825626495339183,0.3692239727856766,-0.6557938580112828,-0.876225013145482,-1.3874929916304386,0.3400916025288517,0.17909767460705553,-0.6471714949806734,-0.44159934017832475,-0.3540560849124058,0.7311413237687137,-0.21297582753024114,-0.3763605968551265,1.0053809736492345,3.961808413514685,-0.9738379403534514,1.552384643008843,2.170688396015297,-0.09880393571016426,0.2305072991334266,3.241978860434023,-1.5352253145290515,1.6228962779917637,2.2375935302924077,-0.5305059429060728,1.227561783396331,1.7062026669048305,-0.7979207042402832,1.6939398841341333,0.9516872092106478,-0.9087884334601565,1.7647146713516584,0.0,-1.058658394307893,1.3655916702423414,0.8310277588410231,-1.6197440719913754,1.010084453785884,1.4581460126108552,-0.41956929616032407,0.5692044983248777,-0.8916804175791122,-0.48967194082306104,1.1088148477730642,0.010175728187895305,-0.41093438477214433,1.6528805411185354,0.0,-0.5488318288117858,1.3965636768135197,1.5540095255505872,-0.3921984400801556,0.9613074531306063,2.050451498015205,-0.7739354029440892,0.5746865229045475,0.7672540468402543,-0.3370909372021201,0.7710151182059932,1.416814110093625,0.3400916025288517,0.0,1.6985498290455354,0.37616528565826696,0.15309340856264053,-0.17514916140883888,-0.6129549617735414,1.4811357465047554,0.6211969100605991,-1.1876961398945571,0.8619549778751471,-0.40161856455704914,111
synthetic-fleet-01-unit-0003,34,0,534.1967213517229,1.2671348195514156,48.5,530.0,2400.0,8159.051926622993,8.7,0.030968957110650185,394.16993589336676,2400.0,102.0,660.0,40.0,23.712233448842788,1586.9006296387117,1446.9019032319004,15.112615822750714,21.868215317543918,560.0,2400.0,9116.48293823327,0.09722783347899067,0.5328216398036902,-2.210372379844159,-0.12448121146226375,0.38494899167467456,-0.3658845606348062,0.35494724141344614,0.3548592906639519,-1.2273282064470379,-3.168057787474233,0.5152470624092854,0.38979700220054125,0.32825626495339183,-1.5474705177375794,0.623112209534675,-0.4927441246192006,-1.4949986416788417,0.3400916025288517,0.48680931012541834,0.5314953783898292,-1.071506406303728,-0.32367182897481406,0.7496155200821069,1.495470353017481,0.11092496973982668,0.5809605665693196,3.961808413514685,-1.5425630449817,1.3199078343888506,-0.1871136932466766,-0.15407195012129704,0.18377239847820548,3.0424366029557053,-0.6828435643540357,1.129794808047646,2.300711806997864,-0.5145907783776104,1.2294544235350067,0.8947955799906104,-0.687838360534901,1.7594949351145532,0.9516872092106478,-0.9087884334601565,1.7647146713516584,0.0,-0.9735620663405866,1.3321588748921542,1.5247129140460627,-1.8599421872723945,1.2317922654419495,-1.1100074228472239,-0.41956929616032407,0.5692044983248777,0.5547583561766058,0.006530203818654989,0.6883545911987885,0.010175728187895305,-0.4109343847721442,1.6528805411185354,0.0,-0.5339305141985587,1.3825780850803038,-0.36268496497266867,-0.37557966387366293,0.9819489257033615,3.3293575655611622,-0.6729134462737385,0.5698596884096697,1.1507349353665357,-0.7208499505660999,0.7751295088937272,1.3093084600452218,0.3400916025288517,0.0,1.6985498290455354,0.42526698302174576,0.13761282689733575,0.13256247410952393,-0.5085282160387086,1.5526603208958492,1.7998637834311015,-1.1758634875899436,0.8633385073231103,-1.0315256306824525,110
synthetic-fleet-01-unit-0003,35,0,521.3460691799085,1.3313562191852348,48.5,530.0,2391.668795577819,8300.0,8.389812340724939,0.030346119895712755,393.26108741952004,2400.0,98.42622918089992,657.358735668991,40.0,23.87608012926954,1616.3804751137234,1418.1333968024333,14.910089515262786,21.867614973667518,560.0,2387.503308140392,9162.495963259456,-1.369105599872286,0.1557964364270859,-0.8818386634057956,-1.1878145605073602,-0.4490049518088985,-0.3695809179565961,0.35494724141344614,-1.9254373682105421,-0.625036965035746,-0.16312047708540356,0.5152470624092854,0.38979700220054125,-1.2617789694906714,0.4859783870088814,-2.171508710561444,-1.1934345089029457,-1.7941195323256072,0.3400916025288517,-3.7389666675911357,0.5314953783898292,-0.6928586695896162,-0.5342347033965765,0.8830185993832126,0.029136919666204353,0.22909891289851148,0.49601781115235366,3.584783210138081,-1.1152766661864246,1.0385810709638934,1.1414200231916865,-0.3826666997388027,0.48231310450020803,1.9791032539106086,-0.3416492844225002,0.7763992374579223,1.4667578635142908,-0.6776114672248124,1.119437838278436,0.8910992226688206,0.13755797063986175,0.3714938430757068,0.9516872092106478,-1.3648477652350555,1.647246976054698,-2.280296658874494,-1.202640310541952,1.0869554533367678,2.1270041554573544,-1.7762001217087646,1.3490571043795034,1.8949298875416056,-0.17463516643614255,0.6681836422201969,0.5547583561766058,0.0721773035692587,0.7102192371325448,0.010175728187895305,0.01024921806457928,0.7110853741673481,-1.5900352344440631,-0.5339305141985586,1.3825780850803038,1.6707639397737921,-0.48440142978157147,1.1679031607713868,0.5347366454650433,-0.8104512778072378,0.6015342856032161,0.4500445510827906,-1.164433142059433,0.5615080260034055,1.0101875693984563,0.3400916025288517,0.0,1.6985498290455354,-0.41988821252156505,1.8601993896225746,-4.09321350360703,-0.5085282160387086,1.5526603208958492,1.7998637834311015,-1.200335848357271,0.8433925447377965,-0.6528778939683405,109
synthetic-fleet-01-unit-0003,36,0,531.2925297825487,1.316193687713532,47.70557733946925,518.9964903068455,2400.0,8300.0,8.38117072263903,0.030331615504892145,400.0,2400.0,100.25236761593224,645.2987372547274,39.8330762817499,23.758183013533802,1650.0,1452.6762013537054,14.869817712699803,21.916179456283455,560.0,2400.0,9138.090729302741,-0.23415715288592162,-1.5656985693841339,0.6332531432970843,0.08894675273523246,-0.6148344135473159,-0.0705661566619674,0.35494724141344614,0.3548592906639519,-0.9444912640816714,-0.8725795794882595,-1.0659860059224198,-2.6379566299332526,0.32825626495339183,0.4859783870088814,-2.249364956495928,-1.2097519140517632,0.4237964251410577,0.3400916025288517,-1.579664260872261,0.14772992308834143,-0.9653175068525155,-0.5727499445237964,0.8600594574368524,1.1640853666525688,-0.19060512893905335,0.898947686161012,1.863288204326861,-0.8919607166519444,1.296461348373426,2.6565118298945665,-0.2908102271562821,0.5269209755975521,3.255864567153201,-0.37836063572715245,0.7859773146738467,1.3009284017758733,-0.17991115414696632,0.3881567522084584,1.1901139839634494,0.18338846856870827,0.3836170782172874,0.9516872092106478,-0.8310881377343209,1.6945362328424916,0.0,-1.4454737154658532,0.7632127217309749,1.8075498564114292,-1.3685087678432795,1.2224397638935518,1.1854707851387496,-0.3273080185570919,0.7822177246022939,-1.0264747121550994,-0.21575372422621752,1.3540525881146108,-3.0175779039458988,0.01024921806457928,0.7110853741673481,0.0,0.055937723214948276,0.8977570911546104,1.6707639397737921,-0.766088621199861,1.418382630449584,0.45688039953055926,-0.7493484282907348,0.5223464304392879,0.4337271459339731,-0.9546136221471435,0.9045515156672059,3.2281035268651213,0.3400916025288517,0.0,1.6985498290455354,-0.833182926721101,1.8378169493611298,-1.9339110968881554,0.150809055922763,0.48171611296362826,1.416098328129614,-0.8708341560191689,0.30103670583090714,-0.9253367312312398,108
synthetic-fleet-01-unit-0003,37,0,529.7805124475368,1.3147111613097597,47.785401303553314,526.107742903274,2400.0,8142.280860558559,8.467264451753406,0.03143411931380724,396.1753937212911,2400.0,102.0,652.2256619922097,38.66480082786122,23.841493995165028,1629.548050749866,1440.8767517660337,14.838527574204079,21.82431677847936,546.2825064713122,2400.0,9000.0,-0.40668704012367196,-0.5769201357897827,-0.28843093298888917,-0.3471811455868115,-0.7436795730444906,-0.6361707960175305,-3.175408221024075,0.3548592906639519,-2.7520411204931006,-0.9419474059407071,-0.9071029605033523,-0.6812063313215108,0.32825626495339183,-1.7894256229268197,-1.473707610763902,0.030562246720755117,-0.8349608588080945,0.3400916025288517,0.48680931012541834,-2.538190125777223,-0.7727868156237905,-0.704788061294324,0.7443992244207237,0.9915554794148185,-0.18423579782789007,0.8953497970813424,2.852066637921212,-0.519991824704789,1.0974248793056012,1.734827753608593,-0.2990938237610298,0.5275400123219507,2.8197366688311574,-0.22014784635136248,0.5343504173802631,1.1720832422786986,-0.19933598099829727,0.4123016449214727,0.6245093446078862,-0.3511238510740583,1.5788229597496006,-2.5786682532268737,-0.10120004111094694,1.019779667621803,0.0,-1.4939821835419267,0.8504672719680946,0.0,-1.1491219204009515,1.169330766374201,1.116102958686302,-0.3747573105907268,0.8147121900544834,-0.8675916667360318,-0.4299543909306279,1.3185577788451541,-1.0608276053341568,0.01024921806457928,0.7110853741673481,0.0,-0.39914307877219196,1.1628423586147083,-0.604640070161909,-1.1854525852595763,1.197784638401562,1.2325377452625854,-0.7483186627997273,0.5242572393524055,1.6740413067064914,-1.017555119860385,0.8773103174833438,1.969346242915969,0.3400916025288517,0.0,1.6985498290455354,-0.833182926721101,1.8378169493611298,0.13256247410952393,-0.39492818817797903,1.2911426619564523,-1.2698217207359506,-0.7888137477095951,0.24550499006180432,-0.7328060400025148,107
synthetic-fleet-01-unit-0003,38,0,538.4135398260581,1.3150284179719427,47.40039109853199,530.0,2400.0,8300.0,8.417202798698057,0.030831412556113096,397.9227421175986,2400.0,102.0,651.5660142528244,39.45405468923413,23.981203665516972,1650.0,1427.9277219448072,15.2,21.8682628453775,558.4097429741871,2400.0,9106.759443618046,0.5783911105345277,-0.6710810344847042,0.6332531432970843,-0.8257995014075404,0.7447757229226796,-0.3655919285908043,-0.05432377927390468,0.3548592906639519,-1.35460468173477,-0.9271028776900183,-1.6734341568191233,0.38979700220054125,0.32825626495339183,0.4859783870088814,-1.9247356859943683,-0.6474814210802219,-0.25987224545376664,0.3400916025288517,0.48680931012541834,-0.7236584904082473,-0.4499194231440985,-0.2668661697736723,0.7215566211244059,1.9766336300730183,-0.425016332685569,0.8123385412337819,2.757905739226291,-0.4228271379289351,1.1889788720899832,2.6565118298945665,-0.4792659332457487,0.5216107067317711,2.3411183130104285,-0.1355588447606702,0.6602427038363857,2.660538538245869,-0.3615588719723409,0.200117340291497,0.8950882120346124,-0.43297805521152843,1.5432742055633812,0.542416188523297,-0.10120004111094696,1.019779667621803,0.0,-1.3807004475584652,0.81640753076361,1.3974364387583305,-1.2145616255357243,1.1396905838450455,1.1309474869369909,-0.5232057996852649,0.9901743974556463,-1.633922863051803,-0.4299543909306279,1.3185577788451541,0.010175728187895305,0.01024921806457928,0.7110853741673481,0.0,-0.375792195927551,1.1831245885971873,1.6707639397737921,-1.4392409508561934,1.1919218329114327,0.7815096700321191,-0.7025699443866753,0.5202706028429497,0.9959976389055144,-0.7920309706250505,0.9029973937405098,2.5444348562702968,0.3400916025288517,0.0,1.6985498290455354,-0.7716405996174284,1.8847423402695727,0.13256247410952393,-0.4102255872634938,1.2953247052167762,0.5447099146330252,-0.7904777643027497,0.24257394452531797,-0.40993864752282283,106
synthetic-fleet-01-unit-0003,39,0,527.4112712473832,1.3166939036657093,48.13074529199716,521.910157004329,2400.0,8050.0,8.462505854605176,0.030734171233741697,400.0,2380.0,101.40573329585469,653.0986405793334,38.98952361178672,24.085718573843984,1614.834313783692,1421.48370906294,15.195210641441069,22.0,560.0,2400.0,9250.0,-0.6770311080363001,-0.45230749271213544,-0.9515177076782938,-1.0639812720102364,0.7250543123735086,0.44552252627941374,0.35494724141344614,0.3548592906639519,0.5203542559710809,-0.8491743347175214,-0.21972411092201935,-1.8362247123777946,0.32825626495339183,-3.1207557385924765,-1.5165799647828655,-0.756877677287423,0.4237964251410577,-3.4057231021686043,-0.21587647747816774,-1.7916372192979815,-0.20838670860980577,-0.4217179580767304,0.7068152661102539,0.7212114115021904,-0.6220421591887341,0.6182173902888649,2.9766792809988596,-0.17105620349576217,0.7781284827435074,1.0717409789191885,-0.6671659453553431,0.530989329772837,2.1029365424077326,-0.06753778062090336,0.7399787132892826,2.640817127696698,-0.19927745458949692,0.41227211257373747,1.7062026669048305,-0.4329780552115284,1.5432742055633812,0.9516872092106478,-0.10120004111094694,1.019779667621803,0.0,-1.0311639550748415,1.1880332664460238,3.2723953764641815,-0.750784934984382,0.3307170360404217,1.2088760299094878,-0.6702000343515259,0.8407528788239799,-0.18021281715469895,-0.8751587338462951,1.348049312924052,-2.2158459863904407,0.01024921806457928,0.7110853741673481,0.0,-0.6904492400985304,1.678249434090548,-1.9359701858275657,-1.8671793857197017,0.36046319778085495,1.189665391243622,-0.7553966549203197,0.5068765010367329,0.8866013826983133,-0.40827195726107063,0.9366609552643291,3.2281035268651213,-0.4090713384106396,1.6751792621643624,-2.0472648756519205,-0.9121777571381455,1.7913290371763595,-0.5701233134940622,-0.874852106801056,1.289722361058857,-0.523268814256709,-0.6178538247639652,0.29420496734149904,-0.16840593298853013,105
synthetic-fleet-01-unit-0003,40,0,515.0771276772199,1.3174200756868415,48.49285845664262,525.1633153823692,2400.0,8300.0,8.684175181261107,0.0314077688487534,400.0,2400.0,102.0,651.3341924523053,39.255550097279546,23.625766327558352,1612.6557813267746,1421.8504256915871,14.874256305779964,22.0,560.0,2380.0,9107.209370175386,-2.084427934817854,-0.7041722554055828,-1.0496950819058333,-1.050426796325312,-0.5965573696973947,0.44552252627941374,0.35494724141344614,-3.2945811924529185,-1.3487153313908251,-0.8151965420735939,0.5010324068151641,-0.9410774030474358,0.32825626495339183,0.4859783870088814,0.4805392599602346,0.0009180362564151762,0.4237964251410577,0.3400916025288517,0.48680931012541834,-1.1800298551818607,-1.2713308988675132,-0.564782425065844,0.9699323682581127,-0.6861854152793636,-0.7940358975552678,0.4423161223352642,2.724814518305412,-0.2046274871957697,0.8190078083447174,0.9735636046916489,-0.6396883925189336,0.49995937165122467,2.116491018092657,-0.09704826419860262,0.7616206674277867,1.3192054456257947,-0.03625676574229494,0.4831558237144325,1.7062026669048305,-0.43297805521152843,1.5432742055633812,0.9516872092106478,-0.37502880595942223,1.6320794000177992,-3.6494404831168703,-1.1758996283458574,1.1701335220505311,1.4033257891022755,-0.88120014798202,0.053041806279257385,1.2428538225534154,-0.6730429654703501,0.8357514304114523,0.5405437005824846,-1.1413336148958906,1.1531407893859558,-1.3206986770600817,0.32825626495339183,0.0,0.0,-0.6904492400985305,1.678249434090548,1.6707639397737921,-1.336769791615366,1.0644516994141362,3.186784615986722,-0.5165261458884476,0.5297485958818794,1.6443970962421515,0.03531123423226239,0.5694885936677587,3.2281035268651213,-0.4090713384106396,1.6751792621643624,1.6985498290455354,-0.06702256159483476,0.8986700764276865,0.13256247410952393,-1.217157153515394,1.0226181543511805,0.08833854985941181,-0.7335482706195448,0.41854115295156946,-1.2313501232462376,104
synthetic-fleet-01-unit-0003,41,0,538.5002575738339,1.3246331683246995,47.578352406635716,519.7770987897223,2400.0,8300.0,8.7,0.030430748028542565,400.0,2400.0,102.0,649.1740366939426,39.822655201499856,24.146705869287246,1626.4810413213415,1442.688480183885,15.2,21.697745985365724,560.0,2400.0,9136.531170807832,0.5882861050553058,-1.0125219932792986,-0.42664825973447545,-0.2802165553034324,0.7447757229226796,-1.415475618207189,0.35494724141344614,0.3548592906639519,-0.9649052321139425,-0.4776939134423689,-1.3192167871016265,-2.42316242015716,0.32825626495339183,0.4859783870088814,0.623112209534675,-1.098228060907233,0.4237964251410577,0.3400916025288517,0.48680931012541834,0.12377137094958558,-0.06744579160276436,-0.40029377347759854,1.1009140041375018,1.986528624593796,-0.6834005823343008,0.20835440862342613,2.4164647804316965,-0.4166077678020817,0.6718754044040457,1.5966104268630068,-0.7135210541266666,0.3777869804726824,2.8867012591145365,0.17487376309539648,0.7731625554192341,2.660538538245869,-0.30523865805133926,0.7862997864515824,-0.15479547758177237,-0.43297805521152843,1.5432742055633812,0.9516872092106478,-0.37502880595942223,1.6320794000177992,0.0,-1.1799824219523116,1.1691594519009376,1.787135888379158,-0.802223014772842,0.1889508944904574,1.5803564511846404,-0.7236891217061915,0.8723865288325009,-1.2797054933343062,-1.0983747729406719,1.0854621189762914,-2.8027836941698063,0.32825626495339183,0.0,0.0,-0.6904492400985304,1.678249434090548,1.6707639397737921,-0.7622743584092453,1.2134982685543514,3.3293575655611622,-0.4942213752595415,0.49443450973868963,0.5452509990785033,0.03531123423226239,0.5694885936677587,3.2281035268651213,-0.4090713384106396,1.6751792621643624,1.6985498290455354,0.3462721526047011,0.3142506375809174,0.13256247410952393,-1.221948863943145,1.0146488717574023,1.392139775990858,-0.5539739275695944,0.48203931300654707,-0.02746501598148872,103
synthetic-fleet-01-unit-0003,42,0,527.093370679567,1.3213189019767235,47.12347789758773,530.0,2400.0,8300.0,8.7,0.030565591195137663,400.0,2400.0,101.85720442762725,660.0,39.67174032109027,24.5,1633.5505450504443,1427.0000728296561,14.996492403527887,22.0,560.0,2400.0,9250.0,-0.71330539395096,0.5328216398036902,-0.10805520365618498,-0.860087004054601,-0.09321892928762104,0.44552252627941374,0.35494724141344614,0.3548592906639519,0.5203542559710809,-0.6327693658987878,-2.224607143372789,0.38979700220054125,0.32825626495339183,0.4859783870088814,0.623112209534675,-0.9465298194509193,0.4237964251410577,0.3400916025288517,0.31796185739228716,-0.22318901550297832,0.7490127575746718,-0.46161744424305606,1.1098624932549606,0.6849371255875304,-0.4614522272156062,0.5905927710355405,3.961808413514685,-0.3805326219355408,0.685188758533774,1.9152034829412972,-0.8161022258202244,0.3184156778559435,2.3068308103633677,0.3049658918467704,0.6194019290754871,1.8225438860355683,-0.08889999359195043,0.8205460992463642,1.7062026669048305,0.2730930372759758,0.18303156469552806,0.9516872092106478,-0.37502880595942223,1.6320794000177992,0.0,-0.5255033466594753,0.9677031133733851,3.2723953764641815,-0.740387406764458,0.1822657288518907,1.4252809987282213,-0.9871899582800788,1.108623452742099,-2.1850958496054687,-0.8841741062362616,1.2771186458676151,0.010175728187895305,0.32825626495339183,0.0,0.0,-0.23536843811139016,1.61298053632258,1.6707639397737921,-0.34291039434952986,1.267294380704593,3.3293575655611622,-0.6896397884938764,0.42311500662204504,0.696949240534817,0.28706269102209286,0.3057459243073883,3.2281035268651213,-0.4090713384106396,1.6751792621643624,1.6985498290455354,0.31250266205807486,0.3042871754577287,-0.036284978623607245,-0.7589486418882961,0.7601370730371162,1.0451793895382941,-0.24961401292990198,0.7273527394982635,0.7889935331959474,102
synthetic-fleet-01-unit-0003,43,0,520.9509888724189,1.3154447209984623,48.33534416507639,530.0,2400.0,8231.876041088271,8.522053250762509,0.030849033504234062,400.0,2380.0,102.0,648.1847349423772,39.48404187563924,23.817228601198863,1624.5681150656826,1461.6933323555038,14.94919009299052,22.0,560.0,2400.0,9192.858937312067,-1.4141865386437302,-1.153739095144415,-0.5128558699425163,0.42223538314878606,-0.28799830831161777,0.44552252627941374,0.35494724141344614,0.3548592906639519,-0.22759834141389065,-0.9076239422580684,0.18751314442030217,0.38979700220054125,0.32825626495339183,-0.4968416425031031,-0.9800905395508739,-0.6276578963867522,0.4237964251410577,-3.4057231021686043,0.48680931012541834,-0.6547165427652698,-0.8288638535096571,-0.8601329740787076,0.9948462147151538,-0.015944019105239793,-0.5579838393475484,0.6678181628938018,2.27524767856658,-0.6097544245834609,0.38889883948567755,1.510402816654966,-0.5664952489089592,0.6378522473185317,3.589153197566755,0.09841108559991094,0.6081702915733818,1.6277645070115716,0.07332289738209317,0.8322636714146039,1.7062026669048305,0.35494724141344614,0.0,0.9516872092106478,-0.3750288059594222,1.6320794000177992,0.0,-0.3001020785952994,0.8504567850032436,2.52444277907921,-0.7364916196780681,0.17742089053398083,1.1504264223689407,-0.6150004980321937,1.132757161503139,0.22702443818762258,-0.8841741062362616,1.2771186458676151,0.010175728187895305,0.32825626495339183,0.0,0.0,-0.4319324440137871,1.562183151445734,0.6879439102618077,-0.15398136506083093,1.0185156580869816,1.7261548164756135,-0.6856750835551825,0.42370127091355086,1.015821163598984,0.4237964251410577,0.0,3.2281035268651213,-1.1582342793501308,2.0516672099973494,-2.0472648756519205,0.3125026620580749,0.3042871754577287,0.13256247410952393,-0.7451602523597007,0.7615611952576239,0.6136518622760027,-0.32540289900301367,0.7718251704259349,-0.7888830778883814,101
synthetic-fleet-01-unit-0003,44,0,528.3262669070359,1.305374480927015,48.5,525.9594356275903,2400.0,8287.967379814814,8.7,0.030225054557917345,400.0,2400.0,102.0,660.0,38.84218312756036,24.5,1647.7561298278056,1448.309173905612,14.718812930664326,22.0,560.0,2400.0,9076.536232728908,-0.5726248328386213,0.5328216398036902,0.5321312706740574,-0.07246607323604358,-1.2366352799402907,0.44552252627941374,0.35494724141344614,0.3548592906639519,-1.750213864036845,-1.3788133010668997,0.5152470624092854,-0.7220149374067604,0.32825626495339183,0.31238453963964385,0.623112209534675,-1.3296327257545657,0.4237964251410577,0.3400916025288517,0.48680931012541834,-2.1303799013220583,0.7490127575746718,-0.839251719039172,1.0007285430629111,0.8256176866998691,-0.3609580128443833,0.8319431495488873,3.961808413514685,-0.31302462891299065,0.5813405135077924,2.5553899572715397,-0.3681922091541206,0.5973637842621731,3.0944517411819255,-0.29392683286284893,0.7244836553318903,0.6791275353828987,0.07332289738209317,0.8322636714146039,1.7062026669048305,0.35494724141344614,0.0,0.9516872092106478,-0.37502880595942223,1.6320794000177992,0.0,-0.7542157025968846,0.9071502974231055,1.0018272564562556,-0.8424194129479436,0.34266928326371365,0.6792370635601095,-0.4680062633659328,1.2395296233146305,0.5547583561766058,-0.6613321512420548,1.1614356092078175,-1.1016362114194063,0.32825626495339183,0.0,0.0,0.254695611632637,0.42679369235196724,1.4971700924045546,0.2739570698026772,0.7037470324305913,3.3293575655611622,-0.8002260932486109,0.5152894900875874,0.3138463342311706,0.4237964251410577,0.0,3.2281035268651213,-0.4090713384106395,1.6751792621643629,1.6985498290455354,0.4530398195787921,0.07551087642778356,0.13256247410952393,-0.8129087887645161,0.8832711827495229,-0.8620114962807859,-0.1339230057661182,0.9138120487177804,0.7889935331959474,100
synthetic-fleet-01-unit-0003,45,0,536.2608701554335,1.33875736805173,48.05567691793472,530.0,2380.718457750435,8300.0,8.64422255805139,0.03121649661310647,392.48416832370043,2400.0,100.29627293320566,660.0,40.0,23.99295325143295,1650.0,1396.9042027121386,14.96104110897849,21.870917215821716,560.0,2400.0,9199.33248771934,0.3327591016064956,0.5328216398036902,0.6332531432970843,-1.9724819920581151,-0.23919871461911096,-0.3492487925783939,0.35494724141344614,0.3548592906639519,-0.14286227572560353,0.18318135525525325,-0.3691415449288997,0.38979700220054125,-3.3516836330048214,0.4859783870088814,0.1205880069170325,-0.21426277356678003,-2.0498197272309633,0.3400916025288517,-1.5277487787612023,0.5314953783898292,-0.42276626933697975,-0.35581431175430206,0.8155392984340629,1.7310016211449861,-0.1135592338025286,0.8865005482456202,3.961808413514685,0.02356501612759281,0.5334141193072841,2.6565118298945665,-0.5526032483006812,0.9172838276392461,1.1944358223598537,-0.22245510184719217,0.7045167050542683,1.6765641007040784,-0.08563136638946836,0.8191998008079328,0.9114313480470227,0.35494724141344614,0.0,0.9516872092106478,0.3548592906639519,0.0,0.0,-0.5130450914638403,0.8690790432979917,2.609178844767497,-0.6427438334821743,0.5747723716035898,2.241231719882262,-0.6420410537147455,1.1252813531828993,-0.3296302511615793,-0.3951572701924594,1.2316757337205477,0.010175728187895305,-0.4077317146382507,1.6457191529896409,-3.679939897958213,0.254695611632637,0.42679369235196724,1.6707639397737921,0.20196681919403675,0.6956961315592657,2.82683336294352,-0.84326225521325,0.43426765190601513,1.4292162864189564,-0.07092680533334654,1.1062347733890634,0.7544873744931002,-0.4090713384106396,1.6751792621643629,1.6985498290455354,0.05012820180146797,0.8850849964774298,-1.8819956147770966,-0.47060374205017813,1.0256038332766455,1.7998637834311015,0.03578992013998846,0.7046153509273698,-0.38278549371570414,99
synthetic-fleet-01-unit-0003,46,0,534.7306207416397,1.3175060669653318,48.5,530.0,2400.0,8300.0,8.652022636873946,0.03069684811050579,394.7338222967946,2400.0,99.24683397591353,660.0,39.14975120468515,24.242895974092797,1647.9289758469547,1434.358632615224,15.190871255763746,22.0,560.0,2400.0,9181.269551327889,0.1581488291618324,0.5328216398036902,0.5399207200586006,-0.5881020110164559,0.7071857804144432,0.44552252627941374,0.35494724141344614,0.3548592906639519,-0.3792985538566232,-0.8111729860225444,0.5152470624092854,0.38979700220054125,0.32825626495339183,0.4859783870088814,0.19086244500029184,-0.7988661020886996,-1.3094119261034343,0.3400916025288517,-2.7686492618318224,-1.4232664701609623,0.15484840065093783,-0.4418417669329967,0.7064429005834416,1.556391348700323,0.19550949281406912,0.7542528903051955,3.961808413514685,0.21687881208620804,0.5037863116901463,2.563179406656083,-0.6141803394432859,0.9046747264429458,2.578815803401513,-0.22997309034883945,0.6916988599878061,2.6229485957376326,0.28656826250785217,0.35543253910664385,1.7062026669048305,0.35494724141344614,0.0,0.9516872092106478,0.3548592906639519,0.0,0.0,-0.3959237558123764,0.8316124468898786,2.3727425666364774,-0.7094396479982095,0.5701618984082054,1.2468773786044647,-0.2751482838125632,1.1481212677768315,0.5547583561766058,0.16743461427908093,0.4972174150315632,0.010175728187895305,-0.4077317146382507,1.6457191529896409,0.0,0.254695611632637,0.42679369235196724,1.6707639397737921,0.11551686628716011,0.6560038729685918,2.8971078010267792,-0.7833898634495433,0.41030278875161164,0.8446129578970367,-0.41756847558224486,1.1814518163316847,1.4948951756206292,-0.4090713384106395,1.6751792621643629,1.6985498290455354,-0.6009635125899802,1.4806008662306434,-3.122896097847717,-0.7800113102722878,1.034779224465224,-0.15489806511968984,0.08024875859072891,0.7034851702542493,0.19482917627221347,98
synthetic-fleet-01-unit-0003,47,0,511.8501876383298,1.3185869013634077,48.5,528.3695929705063,2398.8433693128136,8150.447026683937,8.7,0.03077033209446951,394.41856308586733,2400.0,101.91429578985245,660.0,40.0,24.406903686593097,1641.537420872319,1419.8829302075158,14.995989122804783,21.771042678728794,560.0,2400.0,9163.58302831117,-2.452640380628398,0.5328216398036902,0.2518799875700076,-1.1231488045893843,-0.09529131656864875,-0.964182984391476,0.35494724141344614,0.3548592906639519,-0.6108077384391728,-0.7606004412376484,0.5152470624092854,-0.058829930756765535,0.10750984550781578,-1.671612862767892,0.623112209534675,-0.7161967950412533,-1.413170273804704,0.3400916025288517,0.38546907014833315,0.5314953783898292,0.5338682805786263,-0.7897087642684844,1.1576708958085349,-1.0543978610899074,0.19550949281406912,0.7542528903051955,3.961808413514685,0.28886585033144657,0.47035489013818255,2.27513867416749,-0.6667926995502425,0.9298499813533455,2.0437690098285843,-0.23038756780504502,0.691597041689909,1.8204714987545407,0.004627160373674233,0.6416750458193528,0.2964971562339407,0.35494724141344614,0.0,0.9516872092106478,0.3548592906639519,0.0,0.0,-0.6221561546944272,0.6551757945163946,2.1412333820539278,-0.7350058630659816,0.5687286917830463,1.2974499233893608,0.27282255734385175,0.38590948631410515,0.5547583561766058,0.07770922768761958,0.4874417962756907,-0.43845120476941146,-0.4518809985273659,1.6238546644424894,-0.22074641944557605,-0.17682263832271766,0.929347087941932,-0.4868273100029812,0.11551686628716011,0.6560038729685918,3.3293575655611622,-0.7373232585676102,0.40021341700418045,0.927282264944483,-0.7849618153713973,1.1392708513673637,1.3911368279193594,-0.4090713384106396,1.6751792621643629,1.6985498290455354,-0.587462070038771,1.4913441638558518,0.031222234132438742,-0.6290744314937262,1.1810124039479477,1.7998637834311015,0.03721986319151982,0.6574255650386882,0.573849056199902,97
synthetic-fleet-01-unit-0003,48,0,536.9803896503804,1.3469422930188102,46.764800637123685,523.6829045669998,2400.0,8300.0,8.624653616465011,0.030331195880212724,400.0,2400.0,102.0,660.0,40.0,24.051969988749274,1591.9280328020134,1466.5835429008125,14.956645465508588,22.0,560.0,2400.0,9250.0,0.41486042045650134,0.5328216398036902,-1.9838082815270024,0.6029859538962672,-0.25729890244824555,0.44552252627941374,0.35494724141344614,0.3548592906639519,0.5203542559710809,0.5661562912820373,-2.938524775991006,-1.348430997335029,0.32825626495339183,0.4859783870088814,-0.05571743885486684,-1.2102239908172916,0.4237964251410577,0.3400916025288517,0.48680931012541834,0.5314953783898292,-0.2863792888081475,-0.423899372448438,1.1992434580174014,1.8131029399949918,0.5328216398036902,0.0,3.961808413514685,-0.005324631985450701,1.1151776410215863,0.03945040507047981,-0.6306425854007462,0.984670688779689,3.769903768314236,-0.22424768663237055,0.6910938076888377,1.6584639128749439,0.004627160373674244,0.6416750458193528,1.7062026669048305,0.35494724141344614,0.0,0.9516872092106478,0.3548592906639519,0.0,0.0,-0.47256563521743294,0.8298778283205486,3.2723953764641815,-0.44024981635796034,0.7941394107330788,2.6242066559090462,-0.3523850267384099,1.495556410664817,-2.8990134822236855,-0.26993637221949446,0.755411786011316,-1.728052271347675,-0.4518809985273659,1.6238546644424894,0.0,0.01974136757967925,0.9484790500488958,1.6707639397737921,0.3003914864263615,0.3079922073167699,2.6505279171716207,-0.8538364774537179,0.4428360522317102,0.4332550691684447,-0.7849618153713973,1.1392708513673637,3.2281035268651213,0.3400916025288517,0.0,1.6985498290455354,-0.587462070038771,1.4913441638558518,0.13256247410952393,-0.3918320472627065,1.2887984922477442,1.7998637834311015,0.1457167761318217,0.5061104129826454,-0.24639851318687186,96
synthetic-fleet-01-unit-0003,49,0,535.1750576008716,1.3144689559143725,48.5,530.0,2400.0,8203.956160315909,8.685350408205352,0.03116744787607076,400.0,2400.0,102.0,660.0,39.29594438136034,24.14060598826101,1640.6131601393654,1453.6301732777151,14.6323339802422,21.92667364811435,560.0,2400.0,9250.0,0.20886163478385214,0.5328216398036902,0.2102274101319841,0.12420719155360631,-1.5927345078746753,-0.005952717039633148,0.35494724141344614,0.3548592906639519,0.5203542559710809,-0.9532802643574718,0.5152470624092854,0.38979700220054125,0.32825626495339183,-0.8996399895607055,0.49112741105535723,-0.2694424859827101,0.4237964251410577,0.3400916025288517,0.48680931012541834,-1.0871615019942205,-0.08154254436451133,-0.26760207892394333,1.2256490623624774,1.6071041543223425,0.5328216398036902,0.0,3.961808413514685,-0.06970540409386534,1.0852838454304194,2.2334860967294663,-0.5913079324428163,1.0159732469148177,3.2911250059715753,-0.2954675322192475,0.8265755883321254,0.3230283074485141,-0.08566788829013514,0.5941263941224965,1.2547274235857835,0.35494724141344614,0.0,0.9516872092106478,0.3548592906639519,0.0,0.0,-0.018452011215847698,0.5189407085460925,3.2723953764641815,-0.3551432090160748,0.6835043466206504,1.1047701002695374,-0.35238502673840993,1.495556410664817,0.5547583561766058,-0.047573984298034146,0.7527011033920478,0.010175728187895305,-0.4518809985273659,1.6238546644424894,0.0,-0.22266353826039062,1.0080019091442654,0.28514556320420525,0.27399452673049796,0.27757176076017925,3.197372767081845,-0.641798429499347,0.4107154352752698,1.3740365740030263,-0.7849618153713973,1.1392708513673637,3.2281035268651213,0.3400916025288517,0.0,1.6985498290455354,-0.5874620700387709,1.4913441638558518,0.13256247410952393,-0.1831883673971389,0.9858092739602136,0.181206903047052,-0.02039428425601489,0.37891533887181233,-0.041561768743235694,95
synthetic-fleet-01-unit-0003,50,0,533.907309655026,1.3334370871330334,48.42409095392156,530.0,2400.0,8209.956549843406,8.544213604586508,0.030156608378360497,386.2774902442322,2400.0,102.0,658.9542408677854,39.794164994171,23.940965207195365,1640.4520287426421,1470.0,15.181574672895048,22.0,557.6344376721945,2400.0,9250.0,0.06420429185669274,0.3835455734602933,0.20296588993490247,0.7292640691002898,0.6689047193491552,0.44552252627941374,-0.2538575572357587,0.3548592906639519,0.5203542559710809,-0.06575608188403409,0.3641563397899699,0.38979700220054125,0.32825626495339183,-0.8130727508578115,-0.7804378888360917,-1.4066345148356183,-4.09256626695989,0.3400916025288517,0.48680931012541834,0.05827104839619614,-0.54291002345811,-0.3213130408739039,1.1983426137498034,1.4624468113951832,0.5029664265350109,0.06675828635152083,3.812532347171288,-0.1557628547663017,1.0313260386227396,2.2262245765323847,-0.050958720211135365,0.7913894152525225,3.896181883518259,-0.11384684542559424,0.9347226999637912,2.5846675346723447,0.0732863754814264,0.612025481973863,1.7062026669048305,0.233186281683605,0.27226578296153886,0.3428824105614429,0.3548592906639519,0.0,0.0,0.11419129512348918,0.562152310767876,3.2723953764641815,-0.40493069644393226,0.6423142476092241,1.992294282742975,-0.20572544979463597,1.529081546339205,0.40366763355729035,-0.047573984298034146,0.7527011033920478,0.010175728187895305,0.28410698106427673,0.0987207999339965,0.0,-0.4824737658337292,0.9451420903316534,0.3717128019070992,0.09378934757987314,0.5554522830988264,1.9258074671903957,-0.8802727777531146,0.4451365244385545,0.236844545150118,-1.1935111233171827,1.8505115020556238,-1.2882591652358268,0.3400916025288517,0.0,1.6985498290455354,-0.1845504522614469,1.445221497315182,0.13256247410952393,-0.27783323339586546,0.9206005157215909,1.3266394534374686,-0.044423035080240945,0.4130798697390172,-0.5029292478368343,94
synthetic-fleet-01-unit-0003,51,0,532.8874104574775,1.35,48.12185857966593,530.0,2400.0,8300.0,8.7,0.031130230290962475,399.68440878463025,2400.0,102.0,654.0730716802238,39.534273365335984,24.3744300219035,1611.5782254948065,1422.2815405747365,14.774358882825638,22.0,560.0,2400.0,9250.0,-0.052172081265727845,-0.3132130902032549,-1.0982560302774198,-1.034492050680928,-1.0079105951126797,0.44552252627941374,0.35494724141344614,0.3548592906639519,0.5203542559710809,0.7092272589719937,-0.23741238204648207,0.38979700220054125,0.32825626495339183,0.4859783870088814,0.623112209534675,-0.3113121806416206,0.319928807888926,0.3400916025288517,0.48680931012541834,-0.5392319926005109,0.4588220263273784,-0.36337722295941594,1.1808689887073494,1.3460704382727626,0.3337594805336218,0.3673994393349602,3.11577368350774,-0.48339820483350576,1.015151063672382,0.9250026563200624,-0.14023672814402982,0.8865876874399427,2.1324257637370407,-0.4568661205310189,0.8705989897265974,0.9078522202105097,0.0732863754814264,0.612025481973863,1.7062026669048305,0.23318628168360495,0.27226578296153886,0.9516872092106478,0.3548592906639519,0.0,0.0,0.29412185708902994,0.5058710226131117,3.2723953764641815,-0.10085064744502463,0.7523732686482566,2.7672776235990026,-0.35625733868578946,1.4765047368597046,-0.19790108827916167,-0.047573984298034146,0.7527011033920478,0.010175728187895305,0.28410698106427673,0.0987207999339965,0.0,-0.4824737658337293,0.9451420903316534,1.6707639397737921,0.18023930048674977,0.6057021729686994,3.3293575655611622,-0.7827619934636987,0.5152992942252093,1.3321668793441157,-0.8676429765187106,1.964922928561954,3.1242359096129895,0.3400916025288517,0.0,1.6985498290455354,0.46654126213000124,0.045320733088968175,0.13256247410952393,-0.10102633788377524,0.7053420904270283,0.7291364124407615,0.016371690055047183,0.46840324743906037,0.498802801948654,93
synthetic-fleet-01-unit-0003,52,0,537.4865629815705,1.35,48.5,530.0,2400.0,8300.0,8.564295224915282,0.030949170292151378,400.0,2400.0,101.99010284855004,659.3817663412706,40.0,23.941104998340812,1630.0219117657518,1447.6864990830175,14.903838903508975,21.699873721312983,560.0,2400.0,9250.0,0.4726177131348256,0.4445723615394126,-0.2670759928131096,-0.09548120285699846,-0.47474344665400287,-1.4023750059470124,0.35494724141344614,0.3548592906639519,0.5203542559710809,0.7092272589719937,0.5152470624092854,0.38979700220054125,0.32825626495339183,0.4859783870088814,-0.5995134883896663,-0.5150042483323848,0.4237964251410577,0.3400916025288517,0.4751065046121075,0.5314953783898292,-0.5425869677776517,0.22167439579322873,0.2237444312824754,1.8708602326733161,0.31610962488076627,0.3574302576780821,3.8735591352504075,-0.5871894009101293,0.9453074824593866,1.7561826937843725,0.06529679220244736,0.7015728182398359,3.07143661156097,-0.5327565465480897,0.8474309529064163,1.4410193686691866,-0.014352028829680874,0.8001768793139693,-0.1416948653215957,0.233186281683605,0.27226578296153886,0.9516872092106478,0.3548592906639519,0.0,0.0,0.5203542559710809,0.0,3.2723953764641815,0.19311489259690376,0.7164390888101902,2.7672776235990026,-0.3562573386857894,1.4765047368597046,0.5547583561766058,0.04215140229342722,0.7773591934710015,0.010175728187895305,0.32825626495339183,0.0,0.0,-0.05095551587837455,0.7358637890145469,1.6707639397737921,-0.06428583909811851,0.6285729408952866,2.106731867636821,-0.742523484121925,0.5294575164218894,1.1284748116533514,-0.5002496367295584,2.0086696359918164,3.2281035268651213,0.3400916025288517,0.0,1.6985498290455354,0.4844687490227561,0.00523365373104446,0.12085966859621311,-0.10102633788377527,0.7053420904270283,1.7998637834311015,-0.19891935961620844,0.41547782385636395,-0.502606192156376,92
synthetic-fleet-01-unit-0003,53,0,540.0,1.2940892245705424,47.70256937301182,530.0,2400.0,8234.70855239082,8.7,0.030815740090794675,400.0,2400.0,101.5680355225577,660.0,40.0,24.160821437767748,1640.1436728463652,1423.5122938848365,15.121771642250906,22.0,560.0,2400.0,9239.788243505085,0.7594153544895171,0.5328216398036902,0.18906957540999467,-0.9890012970234325,0.42265042351687626,0.44552252627941374,0.35494724141344614,0.3548592906639519,0.38668663701293077,-1.9068536128044993,-1.0719731161437542,0.38979700220054125,0.32825626495339183,-0.4559771817988773,0.623112209534675,-0.6651129072587427,0.4237964251410577,0.3400916025288517,-0.023963541409096407,0.5314953783898292,-0.0348248801283654,0.2905853825998319,0.3272411802252198,2.1576578740280077,0.31610962488076627,0.3574302576780821,3.961808413514685,-0.1526138295227298,0.5661667179293178,2.212328262007477,-0.2531006579814926,0.7557062627264824,2.1779165173945363,-0.39676668135506526,0.9509227396790846,2.3384132388400656,-0.014352028829680886,0.8001768793139693,1.7062026669048305,0.23318628168360495,0.27226578296153886,0.9516872092106478,0.3548592906639519,0.0,0.0,0.4936207321794507,0.05977797647619265,3.1387277575060315,-0.30148708822040354,1.129235594694872,0.1511967518225099,0.0170529932836609,0.6833018894376564,-1.032461822376434,0.38979700220054125,0.0,0.010175728187895305,0.32825626495339183,0.0,0.0,-0.2393466296399263,0.682691463804307,0.7288083709660333,0.07148009057978987,0.7001243620918193,3.3293575655611622,-0.6335012674102153,0.4607386627867402,0.9783661527269936,-0.5002496367295584,2.0086696359918164,3.2281035268651213,0.3400916025288517,0.0,1.6985498290455354,0.38231417871585316,0.22717267610788408,-0.3782103774249908,-0.10102633788377527,0.7053420904270283,1.7998637834311015,-0.14860847788025197,0.41746530494897394,0.005155895492910241,91
synthetic-fleet-01-unit-0003,54,0,524.7704854054667,1.3187758493472013,48.5,530.0,2398.773187400014,8300.0,8.519518785018775,0.030793922485865762,400.0,2400.0,102.0,651.4944676641352,39.99717073706973,23.575569187650466,1607.486002087418,1422.4337543131571,14.503887990730838,21.722119172744186,560.0,2400.0,9250.0,-0.9783599836879127,-0.6812938961187193,-1.282675476319707,-1.0288659697913165,-2.121643768139713,-1.2654082765329187,0.35494724141344614,0.3548592906639519,0.5203542559710809,-0.7517595120542089,0.5152470624092854,0.38979700220054125,0.0941154179416621,0.4859783870088814,-1.0029246877734677,-0.6896576608719749,0.4237964251410577,0.3400916025288517,0.48680931012541834,0.5249907702491469,-1.3873358943067724,0.053141058905478954,0.661436258745596,0.4198825358505778,0.07328651769628436,0.5394580465133194,2.7476928775922755,-0.45119440681306805,0.7038843592266409,0.7405832102777752,-0.4837152902504771,0.7870677996049493,2.138051844626652,-0.5025485334080728,1.1298151561960186,-0.20588095281652352,-0.266243140728338,0.9758275562267164,-0.004728135907501985,0.233186281683605,0.27226578296153886,0.9516872092106478,0.3548592906639519,0.0,0.0,0.4936207321794507,0.05977797647619265,3.2723953764641815,-0.261182937759751,1.10345830254116,1.3062908525728003,0.0170529932836609,0.6833018894376564,0.5547583561766058,0.38979700220054125,0.0,0.010175728187895305,0.281428095551046,0.10471097004552123,-0.2341408470117297,0.03777704567399108,0.6265764000759853,1.6707639397737921,-0.2273303291859751,0.7893826557729994,1.7033206682530198,-0.7175443023880682,0.41364811346625374,0.9538213991137614,-0.5002496367295584,2.0086696359918164,3.2281035268651213,0.3400916025288517,0.0,1.6985498290455354,0.38231417871585316,0.22717267610788408,0.13256247410952393,0.2214041165648982,0.4716083454817036,1.7933591752904192,-0.4097671478687042,0.6866654282768024,-1.3473551186854968,90
synthetic-fleet-01-unit-0003,55,0,525.4459461551456,1.3313469600482741,48.5,530.0,2400.0,8300.0,8.60944491185624,0.03143751422407741,397.21693918950064,2400.0,102.0,660.0,40.0,23.890253777845686,1625.1852154284434,1424.832706639987,14.860215066163589,22.0,560.0,2400.0,9082.553967969472,-0.9012860214540682,0.5328216398036902,-0.48504572965365517,-0.9401965764690857,-0.6543757701546886,0.44552252627941374,0.35494724141344614,0.3548592906639519,-1.6714442281248105,-0.16355371470205257,0.5152470624092854,0.38979700220054125,0.32825626495339183,0.4859783870088814,-0.19273953756300313,0.03438151269389102,-0.4921666339563825,0.3400916025288517,0.48680931012541834,0.5314953783898292,-0.6601035357024908,-0.13995700375667325,0.7865058876312399,0.4969564980844222,0.10314173096496375,0.564472123705407,3.961808413514685,-0.5887967307307795,0.6042269824193738,1.538212956943827,-0.8176074193643522,0.4054440016006282,2.226721237948883,-0.7672046313088415,0.9228303858677461,1.2613870451685008,-0.266243140728338,0.9758275562267164,1.7062026669048305,0.35494724141344614,0.0,0.9516872092106478,0.3548592906639519,0.0,0.0,0.0552610353602724,0.9669913531092611,1.08059689236829,-0.28074246432335465,1.0999895267215607,1.8944966499249567,0.047271137807524,0.7054709073555102,0.5547583561766058,0.38979700220054125,0.0,0.010175728187895305,0.281428095551046,0.10471097004552123,0.0,0.29758727324732964,0.4212553367277264,1.6707639397737921,-0.10979065893135738,0.7277861273832631,2.5135058184634844,-0.4293410968821664,0.29985859970702694,1.6778605726796274,0.21983028987114323,0.40055145919720725,2.312140467767681,0.3400916025288517,0.0,1.6985498290455354,0.38231417871585316,0.22717267610788408,0.13256247410952393,0.31604898256362485,0.4781248962202287,1.7998637834311015,-0.4332058503175803,0.6943039787177651,-0.6201227600812151,89
synthetic-fleet-01-unit-0003,56,0,538.1270176454138,1.345823723528797,48.5,530.0,2400.0,8300.0,8.7,0.03138880206419226,400.0,2400.0,102.0,655.6958959814856,39.807245370810406,24.254223408431425,1650.0,1420.4153163765254,15.04745035317927,22.0,557.9357618114859,2400.0,9184.042760457198,0.5456972793376239,-0.08156430933550464,0.6332531432970843,-1.103470898492094,0.11661348009525391,0.44552252627941374,-0.17630830825036667,0.3548592906639519,-0.34299840692574474,0.5138181109563483,0.5152470624092854,0.38979700220054125,0.32825626495339183,0.4859783870088814,0.623112209534675,-0.02041955122879574,0.4237964251410577,0.3400916025288517,0.48680931012541834,0.0883434476283782,0.18102596716573185,-0.020383131636002895,0.8463586848898017,1.9439397988761145,0.14947148713851383,0.530223506278231,3.3474224643754904,-0.24249489601587876,0.7236354914970858,2.6565118298945665,-0.8314031889265854,0.4157122571095119,2.0634469159258746,-0.5422998162672548,0.9844729425197485,2.0323762954184432,-0.26624314072833793,0.9758275562267164,1.7062026669048305,0.2486961314806834,0.2375847044944602,0.4204316595468349,0.3548592906639519,0.0,0.0,-0.1174094972190927,0.9398819637802858,2.4090427135673558,-0.3198242939264838,1.058720612733855,2.5718684755833574,0.1978030266986775,0.7098264429007876,0.5547583561766058,0.38979700220054125,0.0,0.010175728187895305,0.281428095551046,0.10471097004552123,0.0,0.29758727324732964,0.4212553367277264,1.6707639397737921,-0.10979065893135735,0.7277861273832631,3.3293575655611622,-0.3711625709996014,0.3521445088079319,1.6230595087569406,0.2406038133215696,0.4096311330041058,3.2281035268651213,0.3400916025288517,0.0,1.6985498290455354,0.38231417871585316,0.22717267610788408,0.13256247410952393,0.44156407060940256,0.19747641825617543,1.3567118526696507,-0.48876506214990967,0.611221097937004,0.2210067427870075,88
synthetic-fleet-01-unit-0003,57,0,538.218365767175,1.3227704572552101,48.5,525.0241774095447,2400.0,8081.793417297918,8.666756580366624,0.031054836088251478,400.0,2400.0,102.0,660.0,40.0,24.28042360594738,1619.3644148812334,1462.4252590645492,15.2,22.0,560.0,2400.0,9250.0,0.5561206262013727,0.5328216398036902,-0.7473649399149921,0.4492886499109294,0.7447757229226796,0.44552252627941374,0.35494724141344614,0.3548592906639519,0.5203542559710809,-0.5648506870894379,0.5152470624092854,-0.979362960504552,0.32825626495339183,-2.6620741260409413,0.323607206079383,-0.39613047923291783,0.4237964251410577,0.3400916025288517,0.48680931012541834,0.5314953783898292,0.24157431312574745,-0.003682549022693449,0.8592444786717172,1.9543631457398631,0.1671213427913693,0.5437975480115119,3.961808413514685,-0.3385526854362553,0.7587402939382829,1.27589374668249,-0.7224492183729998,0.6577427880318778,3.616206464328898,-0.29839598235191833,1.1436019934538748,2.660538538245869,0.10333636571694726,0.765151515977333,1.7062026669048305,0.2486961314806834,0.2375847044944602,0.9516872092106478,0.3548592906639519,0.0,0.0,-0.1174094972190927,0.9398819637802858,3.2723953764641815,-0.5746398831387701,0.8888184932265211,1.4931996775375713,0.1978030266986775,0.7098264429007876,0.5547583561766058,0.11596500965952261,0.612306949735933,-1.3589842345171979,0.281428095551046,0.10471097004552123,0.0,-0.3320232293626349,1.364906745586964,-1.4772885732760306,0.07483347996245249,0.6885247790090638,3.0298525621058703,-0.347387817179708,0.34392215472471915,1.2473485807528184,0.2406038133215696,0.4096311330041058,3.2281035268651213,0.3400916025288517,0.0,1.6985498290455354,0.38465473981851533,0.22842456341851658,0.13256247410952393,0.44156407060940267,0.19747641825617543,1.7998637834311015,-0.3319328059692298,0.6895436797100473,0.28155508874702306,87
synthetic-fleet-01-unit-0003,58,0,528.5260342381637,1.35,47.0154253282327,530.0,2400.0,8300.0,8.65680307761397,0.0311358375181351,400.0,2400.0,102.0,660.0,40.0,24.357321188172733,1637.5553600107355,1453.6966479816554,15.2,22.0,560.0,2400.0,9173.150966294836,-0.5498302296848243,0.5328216398036902,0.07242510813356251,0.12666421064637176,0.7447757229226796,0.44552252627941374,0.35494724141344614,0.3548592906639519,-0.48556743435899924,0.7092272589719937,-2.439676909469633,0.38979700220054125,0.32825626495339183,0.4859783870088814,0.2339315978175706,-0.30500406341913244,0.4237964251410577,0.3400916025288517,0.48680931012541834,0.5314953783898292,0.41928371433289796,-0.26553166585756177,0.7626169378074444,0.8484122898536661,0.1671213427913693,0.5437975480115119,3.961808413514685,-0.3618815788915417,0.7400242639434155,2.0956837947310447,-0.49931611683903904,0.7299835615510694,3.2935820250643406,-0.2339709224707577,1.2019617738610133,2.660538538245869,0.10333636571694726,0.765151515977333,1.7062026669048305,0.2486961314806834,0.2375847044944602,0.9516872092106478,0.3548592906639519,0.0,0.0,-0.2918603114934787,0.903157564393446,2.2664736861341015,-0.05142370878347147,0.645123795707589,2.7672776235990026,-0.07573773196649825,1.3214821738929876,-2.4001656157023126,0.11596500965952261,0.612306949735933,0.010175728187895305,0.2814280955510459,0.10471097004552123,0.0,-0.14363211560108313,1.4078518831836897,1.6707639397737921,-0.003002642380968401,0.6306099867061914,2.940176953844058,-0.27536604841178597,0.2949751124572973,1.3384749965666038,0.24060381332156955,0.4096311330041058,3.2281035268651213,0.3400916025288517,0.0,1.6985498290455354,0.48680931012541834,0.0,0.13256247410952393,0.44156407060940267,0.19747641825617543,1.7998637834311015,-0.24111108707697718,0.7643121356123015,0.45926448995417357,86
synthetic-fleet-01-unit-0003,59,0,540.0,1.35,48.5,530.0,2400.0,8300.0,8.63994744360199,0.03083512674592497,400.0,2400.0,102.0,660.0,40.0,24.41388936419008,1641.6547340626257,1461.4695874099252,15.0306195512024,22.0,560.0,2400.0,9171.487798579648,0.7594153544895171,0.5328216398036902,0.25716680390822594,0.4139653861332203,0.0473083421371241,0.44552252627941374,0.35494724141344614,0.3548592906639519,-0.5073376037248519,0.7092272589719937,0.5152470624092854,0.38979700220054125,0.32825626495339183,0.4859783870088814,0.08207156721076561,-0.6433029663826402,0.4237964251410577,0.3400916025288517,0.48680931012541834,0.5314953783898292,0.5500120987177719,0.0820234017779242,0.7524556355601948,2.1576578740280077,0.4099444499758512,0.2747617493391937,3.961808413514685,-0.0539131228459551,0.5593925933569632,2.280425490505708,-0.21074984565413163,0.7531287395128434,3.580883200551189,0.1998194995846097,0.5817617691933707,1.9630711574603135,0.44552252627941374,0.0,1.7062026669048305,0.2486961314806834,0.2375847044944602,0.9516872092106478,0.3548592906639519,0.0,0.0,-0.49739868343266525,0.7807499908186153,2.2447035167682485,0.24077364542176904,0.5757521245150578,2.7672776235990026,-0.0757377319664982,1.3214821738929876,0.5547583561766058,0.11596500965952261,0.612306949735933,0.010175728187895305,0.32825626495339183,0.0,0.0,-0.14363211560108313,1.4078518831836897,1.6707639397737921,0.21399660861587827,0.3010921665138882,2.788316923237253,-0.26609510951391907,0.27899442278814846,1.0001760936030961,0.2406038133215696,0.4096311330041058,3.2281035268651213,0.3400916025288517,0.0,1.6985498290455354,0.48680931012541834,0.0,0.13256247410952393,0.44286499223753906,0.19818356830856124,1.7998637834311015,0.14635851152793172,0.47383364690436264,0.5899928743390476,85
synthetic-fleet-01-unit-0003,60,0,540.0,1.3405800886926595,48.02310248557027,530.0,2400.0,8300.0,8.658861257851125,0.03139775395112556,400.0,2400.0,101.72435086108051,660.0,40.0,23.8195503751828,1650.0,1443.2490567767238,15.2,22.0,560.0,2400.0,9250.0,0.7594153544895171,0.5328216398036902,0.6332531432970843,-0.2594966827816892,0.7447757229226796,0.44552252627941374,0.35494724141344614,0.3548592906639519,0.5203542559710809,0.26846696552807675,-0.43397827755985036,0.38979700220054125,0.32825626495339183,0.4859783870088814,0.2524746744877515,-0.010348699736745508,0.4237964251410577,0.3400916025288517,0.16087024786133142,0.5314953783898292,-0.823498261348195,0.41416367696664125,0.5488931038268277,2.1576578740280077,0.4099444499758512,0.2747617493391937,3.961808413514685,0.1697466517441928,0.5674248789121994,2.6565118298945665,-0.0746098669166523,0.6415654380304724,2.9074211316362795,0.4796497982000834,0.36386459389921966,2.660538538245869,0.44552252627941374,0.0,1.7062026669048305,0.2486961314806834,0.2375847044944602,0.9516872092106478,0.3548592906639519,0.0,0.0,-0.05903898661348694,0.5326641010828379,3.2723953764641815,0.32717778146779486,0.5305468800537143,2.326517330155086,-0.26558279996032536,1.2829777916806935,-0.3944669837925299,0.11596500965952261,0.612306949735933,0.010175728187895305,0.32825626495339183,0.0,0.0,-0.14363211560108313,1.4078518831836897,1.6707639397737921,0.3030394510260292,0.19939226474872634,2.9587200305142387,-0.27504115200004636,0.2674282235606638,1.6331303602489908,0.4237964251410577,0.0,3.2281035268651213,0.3400916025288517,0.0,1.6985498290455354,0.42162149767260093,0.14576437994900698,-0.193376588154563,0.4428649922375391,0.19818356830856124,1.7998637834311015,0.11367956639879087,0.5438232384588757,-0.7835174857269194,84
synthetic-fleet-01-unit-0003,61,0,535.3026449298532,1.35,47.92815656352485,530.0,2400.0,8194.220197738341,8.7,0.031232585964407315,400.0,2400.0,102.0,650.2779201825613,40.0,24.24652685387783,1650.0,1450.181358838899,14.90388003263497,22.0,560.0,2400.0,9250.0,0.22342008393151577,-0.8549490113121633,0.6332531432970843,-0.0032669064310235077,-0.4745740869434507,0.44552252627941374,0.35494724141344614,0.3548592906639519,0.5203542559710809,0.7092272589719937,-0.6229603384959751,0.38979700220054125,0.32825626495339183,-1.0401001034570743,0.623112209534675,-0.1961622916503352,0.4237964251410577,0.3400916025288517,0.48680931012541834,0.5314953783898292,0.16323932080447684,0.34970823788541966,0.5485079920361441,1.6216626034700061,0.2552675095805196,0.6206299026148385,2.5740377623988318,0.1697466517441928,0.5674248789121994,2.6565118298945665,0.1454309314955618,0.29617135073630774,3.1636509079869453,0.3614122847923425,0.556425439211054,1.4411887283797387,0.44552252627941374,0.0,1.7062026669048305,0.35494724141344614,0.0,0.9516872092106478,0.3548592906639519,0.0,0.0,0.11363154596587818,0.5569811916465244,3.2723953764641815,0.366259611070924,0.5543938607576108,2.7672776235990026,-0.4932242801413775,1.2086199019305066,-0.5834490447286547,0.11596500965952261,0.612306949735933,0.010175728187895305,0.32825626495339183,0.0,0.0,-0.44884781369427423,1.4026448282064023,0.14468544930783644,0.30303945102602914,0.19939226474872634,3.3293575655611622,-0.3101897000843542,0.23520418358089965,1.4473167683354011,0.4237964251410577,0.0,3.2281035268651213,0.3400916025288517,0.0,1.6985498290455354,0.4216214976726008,0.14576437994900698,0.13256247410952393,0.5314953783898292,0.0,1.7998637834311015,0.11012223712653987,0.5433305203451972,0.20322009642575248,83
synthetic-fleet-01-unit-0003,62,0,540.0,1.3155198795701517,48.5,530.0,2400.0,8300.0,8.514205160492738,0.03062566155008494,400.0,2400.0,102.0,660.0,40.0,24.323709929327066,1649.0057948260433,1435.0677041284846,15.142867790803459,21.60500182388469,560.0,2400.0,9250.0,0.7594153544895171,0.5328216398036902,0.5884484615432876,-0.5618935114978443,0.5095192184696796,-1.986507611403402,0.35494724141344614,0.3548592906639519,0.5203542559710809,-0.9041072515980594,0.5152470624092854,0.38979700220054125,0.32825626495339183,0.4859783870088814,-1.0507975344776352,-0.8789508131189065,0.4237964251410577,0.3400916025288517,0.48680931012541834,0.5314953783898292,0.3416084934686358,0.3903671835430485,0.5745502953062266,2.1576578740280077,0.25526750958051947,0.6206299026148385,3.961808413514685,0.43690933203584875,0.2574985524737851,2.61170714814077,-0.05680550078619293,0.37227354119415723,2.6050243029201248,0.31436098390174244,0.5249609726292896,2.425282033792869,-0.040883501257149346,1.0876369422373897,-0.7258274707779853,0.35494724141344614,0.0,0.9516872092106478,0.3548592906639519,0.0,0.0,0.11363154596587817,0.5569811916465244,3.2723953764641815,0.2984082981691996,0.6987948172564025,1.1539431130289497,-0.4932242801413775,1.2086199019305066,0.5547583561766058,0.38979700220054125,0.0,0.010175728187895305,0.32825626495339183,0.0,0.0,0.18076268891569028,0.6824830487364286,1.6707639397737921,0.028158502914625495,0.6351541099534622,1.6554478215488522,-0.406753766861552,0.35027286617461373,0.7645282468668297,0.4237964251410577,0.0,3.2281035268651213,0.3400916025288517,0.0,1.6985498290455354,0.42162149767260093,0.14576437994900698,0.13256247410952393,0.5314953783898292,0.0,1.7998637834311015,0.13012907319511752,0.5511662835519181,0.3815892690899114,82
synthetic-fleet-01-unit-0003,63,0,540.0,1.3324607956451266,48.5,530.0,2400.0,8092.271455040943,8.7,0.03153435151359327,400.0,2400.0,102.0,646.5287741376679,40.0,24.390872750866492,1647.9260783279344,1470.0,15.122994042698375,22.0,560.0,2400.0,9250.0,0.7594153544895171,-1.3901179201826077,0.5397901409578476,0.7292640691002898,0.4276839704487672,0.44552252627941374,0.35494724141344614,0.3548592906639519,0.5203542559710809,-0.11143703456575109,0.5152470624092854,0.38979700220054125,0.32825626495339183,-2.510908140852509,0.623112209534675,0.1433232329003167,0.4237964251410577,0.3400916025288517,0.48680931012541834,0.5314953783898292,0.4968209780975618,0.6522163003779168,0.23970437211721696,2.1576578740280077,-0.1293204024167401,0.9262077940559028,2.0388688535283874,0.5303823386007058,0.15753707079113244,2.56304882755533,0.06371447090459068,0.5162289399335305,3.896181883518259,0.25094263340696,0.4769203043883852,2.3434467857719565,-0.04088350125714936,1.0876369422373897,1.7062026669048305,0.35494724141344614,0.0,0.9516872092106478,0.3548592906639519,0.0,0.0,0.3148158840318942,0.4595977716406563,3.2723953764641815,0.13427543946165071,0.6741216114636902,1.946613330061258,0.0977605142344062,0.5755583688862823,0.5547583561766058,0.38979700220054125,0.0,0.010175728187895305,0.32825626495339183,0.0,0.0,-0.41861461665658783,1.3433914087615504,-1.3261225880875982,0.10599462525804641,0.6882982657051372,3.3293575655611622,-0.31708830759766216,0.43092822885722293,1.786802292886053,0.4237964251410577,0.0,3.2281035268651213,0.3400916025288517,0.0,1.6985498290455354,0.42162149767260093,0.14576437994900698,0.13256247410952393,0.5314953783898292,0.0,1.7998637834311015,0.14563652594805032,0.5623137979973406,0.5368017537188374,81
synthetic-fleet-01-unit-0003,64,0,540.0,1.347990181797305,48.5,529.8083226756615,2400.0,8300.0,8.7,0.03125050084133583,400.0,2400.0,100.77650960785748,660.0,40.0,24.5,1591.537675279434,1467.5118817773603,15.2,22.0,560.0,2400.0,9250.0,0.7594153544895171,0.5328216398036902,-2.0014000674354975,0.6372989513078104,0.7447757229226796,0.44552252627941374,0.35494724141344614,0.3548592906639519,0.5203542559710809,0.6151873012816803,0.5152470624092854,0.3370545835407476,0.32825626495339183,0.4859783870088814,0.623112209534675,-0.1760080977480055,0.4237964251410577,0.3400916025288517,-0.959896863770983,0.5314953783898292,0.7490127575746718,0.6522163003779168,0.23970437211721696,2.1576578740280077,-0.1293204024167401,0.9262077940559028,3.961808413514685,0.07866896433196109,1.1634348150352798,0.021858619161984727,0.10838118393950871,0.5617644412860712,3.804216765725779,0.39043610956407104,0.5037171709450005,2.660538538245869,-0.04088350125714936,1.0876369422373897,1.7062026669048305,0.35494724141344614,0.0,0.9516872092106478,0.3548592906639519,0.0,0.0,0.5203542559710809,0.0,3.2723953764641815,0.11546744792358805,0.6551140567721937,2.6732376659086894,0.0977605142344062,0.5755583688862823,0.5547583561766058,0.3792485184685825,0.02358712668421041,-0.04256669047189837,0.32825626495339183,0.0,0.0,-0.41861461665658783,1.3433914087615504,1.6707639397737921,0.2142027537228283,0.7251398655127346,3.3293575655611622,-0.22362933387073522,0.3913474405367511,1.4674709622377309,0.4237964251410577,0.0,3.2281035268651213,0.3400916025288517,0.0,1.6985498290455354,0.13228026289332062,0.6266459924157862,-1.3141436997868774,0.5314953783898292,0.0,1.7998637834311015,0.18543665771943027,0.6036162378255703,0.7889935331959474,80
synthetic-fleet-01-unit-0003,65,0,540.0,1.334638169983937,48.5,528.493684543712,2400.0,8300.0,8.7,0.03068650178653343,400.0,2400.0,101.00365163197421,660.0,40.0,24.5,1645.768763104531,1418.6602993642512,14.948191700676714,22.0,556.4830790033933,2400.0,9250.0,0.7594153544895171,0.5328216398036902,0.44256893897744326,-1.1683393379388227,-0.2921094443786762,0.44552252627941374,-0.5501730143654818,0.3548592906639519,0.5203542559710809,-0.009557078247753328,0.5152470624092854,-0.024684578776539064,0.32825626495339183,0.4859783870088814,0.623112209534675,-0.8105056919305587,0.4237964251410577,0.3400916025288517,-0.6913146413429377,0.5314953783898292,0.7490127575746718,0.6522163003779168,0.23970437211721696,2.1576578740280077,-0.1293204024167401,0.9262077940559028,3.961808413514685,0.040532123468032887,1.1436684137215933,2.4658276255749256,-0.073387347091918,0.8049533094796761,1.998578476479146,0.18305907610379993,0.533903000271892,1.6236533709445131,-0.04088350125714936,1.0876369422373897,1.7062026669048305,0.17392319025766037,0.404782083946736,0.04656695343171979,0.3548592906639519,0.0,0.0,0.5203542559710809,0.0,3.2723953764641815,0.059862639168422035,0.6506651434293513,2.048493286379256,0.2876055822282334,0.5090218241835037,0.5547583561766058,0.2963522022731665,0.18091233410688826,-0.404305852789185,0.32825626495339183,0.0,0.0,-0.41861461665658783,1.3433914087615504,1.6707639397737921,0.288330260732213,0.7485951951621582,3.3293575655611622,-0.3836607323094979,0.4425766219481942,0.8329733680551776,0.4237964251410577,0.0,3.2281035268651213,0.3400916025288517,0.0,1.6985498290455354,-0.038156714947533234,0.7250841608408131,-1.0455614773588322,0.5314953783898292,0.0,1.7998637834311015,0.49993886150400363,0.2561837322870363,0.7889935331959474,79
synthetic-fleet-01-unit-0003,66,0,536.841960833467,1.3496952099638868,48.221909271061584,530.0,2400.0,8300.0,8.7,0.03209447442298081,400.0,2400.0,102.0,660.0,39.58846772051213,24.5,1650.0,1470.0,15.098819560307218,22.0,560.0,2400.0,9250.0,0.3990648950881851,0.5328216398036902,0.6332531432970843,0.7292640691002898,0.3281393474719171,0.44552252627941374,0.35494724141344614,0.3548592906639519,0.5203542559710809,0.6949660476534343,-0.038269696918946154,0.38979700220054125,0.32825626495339183,0.4859783870088814,0.623112209534675,0.7734601727174291,0.4237964251410577,0.3400916025288517,0.48680931012541834,-0.4146366288800509,0.7490127575746718,0.6873452626092507,0.16115362458893132,1.7973074146266756,0.14823372780643063,0.8599647145505793,3.961808413514685,0.040532123468032887,1.1436684137215933,2.6565118298945665,0.07311884801434468,0.8837153692597295,3.896181883518259,0.34360176298687345,0.3872682504543339,2.2439021627951066,-0.04088350125714936,1.0876369422373897,1.7062026669048305,0.17392319025766037,0.404782083946736,0.9516872092106478,0.3548592906639519,0.0,0.0,0.5203542559710809,0.0,3.2723953764641815,0.05701039690471016,0.6471286133920254,2.7530164122804432,0.4045437105436392,0.24754022010866333,0.0012415968483742573,0.2963522022731665,0.18091233410688826,0.010175728187895305,0.32825626495339183,0.0,0.0,-0.1133989185633967,1.3402483994302774,1.6707639397737921,0.288330260732213,0.7485951951621582,3.3293575655611622,-0.18973623943594503,0.6890638294272332,2.4169392327031654,0.4237964251410577,0.0,3.2281035268651213,0.3400916025288517,0.0,1.6985498290455354,-0.03815671494753324,0.7250841608408131,0.13256247410952393,0.3422689769358533,0.42312309678875537,0.8537317761612215,0.6170935488580426,0.18878926075488214,0.7889935331959474,78
synthetic-fleet-01-unit-0003,67,0,536.4564722538684,1.35,48.5,530.0,2400.0,8300.0,8.7,0.031171796393792202,400.0,2400.0,102.0,660.0,40.0,24.5,1650.0,1470.0,14.839710723768142,22.0,559.8693156670713,2400.0,9250.0,0.3550784277180346,0.5328216398036902,0.6332531432970843,0.7292640691002898,-0.7388076516782234,0.44552252627941374,0.32131411830353096,0.3548592906639519,0.5203542559710809,0.7092272589719937,0.5152470624092854,0.38979700220054125,0.32825626495339183,0.4859783870088814,0.623112209534675,-0.2645504138967335,0.4237964251410577,0.3400916025288517,0.48680931012541834,0.5314953783898292,0.7490127575746718,0.6064778772549542,0.20999490721645847,1.753320947256525,0.14823372780643063,0.8599647145505793,3.961808413514685,0.04949305981879223,1.1491969113356775,2.6565118298945665,0.3313503641339715,0.8392972790222962,3.896181883518259,0.09393638895729288,0.5983987665459672,1.176955163644966,0.44552252627941374,0.0,1.7062026669048305,0.16719656563567734,0.40128614576022764,0.9180540861007326,0.3548592906639519,0.0,0.0,0.5203542559710809,0.0,3.2723953764641815,0.37967729901872077,0.4050221664874897,2.7672776235990026,0.4045437105436391,0.24754022010866333,0.5547583561766058,0.2963522022731665,0.18091233410688826,0.010175728187895305,0.32825626495339183,0.0,0.0,-0.1133989185633967,1.3402483994302774,1.6707639397737921,0.623112209534675,0.0,3.3293575655611622,-0.0668561595915104,0.5818759975523312,1.378928646089003,0.4237964251410577,0.0,3.2281035268651213,0.3400916025288517,0.0,1.6985498290455354,-0.03815671494753324,0.7250841608408131,0.13256247410952393,0.3422689769358533,0.42312309678875537,1.7998637834311015,0.6985744016792499,0.1127835924554854,0.7889935331959474,77
synthetic-fleet-01-unit-0003,68,0,516.9124071620048,1.3480407151941876,48.443830127679675,530.0,2400.0,8300.0,8.549923085075124,0.031958434079053334,400.0,2400.0,102.0,660.0,40.0,24.5,1650.0,1424.781853234027,15.189038010516285,22.0,560.0,2400.0,9250.0,-1.8750119742811333,0.5328216398036902,0.6332531432970843,-0.9420762055906857,0.6996369235649017,0.44552252627941374,0.35494724141344614,0.3548592906639519,0.5203542559710809,0.6175517731022708,0.40344554418782747,0.38979700220054125,0.32825626495339183,0.4859783870088814,-0.7289985967196485,0.620415109611798,0.4237964251410577,0.3400916025288517,0.48680931012541834,0.5314953783898292,0.7490127575746718,0.0795924115008241,1.1093637799935583,-0.4767694547426429,0.5328216398036902,0.0,3.961808413514685,0.06818566028663955,1.1598762546950532,2.6565118298945665,-0.002917690804223616,0.9646610725297234,2.2248416088272833,0.14832697958051977,0.6467260515368461,2.615399738888091,0.44552252627941374,0.0,1.7062026669048305,0.16719656563567734,0.40128614576022764,0.9516872092106478,0.3548592906639519,0.0,0.0,0.5203542559710809,0.0,3.2723953764641815,0.5254750605523252,0.3021911075016254,2.67560213772928,0.38218340689934754,0.23997432167083693,0.4429568379551479,0.2963522022731665,0.18091233410688826,0.010175728187895305,0.32825626495339183,0.0,0.0,0.4859783870088814,0.0,1.6707639397737921,0.35269004828381034,0.604682335179343,1.9772467593068388,0.02856221575078588,0.6589692319807804,2.2638941695975343,0.4237964251410577,0.0,3.2281035268651213,0.3400916025288517,0.0,1.6985498290455354,-0.03815671494753324,0.7250841608408131,0.13256247410952393,0.34226897693585334,0.42312309678875537,1.7998637834311015,0.7490127575746718,0.0,0.7889935331959474,76
synthetic-fleet-01-unit-0003,69,0,531.209936088945,1.35,48.5,530.0,2400.0,8300.0,8.7,0.03164638412347796,396.9186661673379,2400.0,102.0,660.0,39.72850549139563,23.94882854343639,1650.0,1470.0,14.901174854322504,22.0,556.1874395740757,2400.0,9250.0,-0.24358156907086262,0.5328216398036902,0.6332531432970843,0.7292640691002898,-0.4857133515135196,0.44552252627941374,-0.626259237553451,0.3548592906639519,0.5203542559710809,0.7092272589719937,0.5152470624092854,0.38979700220054125,0.32825626495339183,0.4859783870088814,0.623112209534675,0.26935965235270926,-0.5903344744849526,0.3400916025288517,0.48680931012541834,-0.09268322725505826,-0.5247379465937403,-0.12100697321125184,1.0444895413091517,1.1546609504676277,0.5328216398036902,0.0,3.961808413514685,0.5951163024331559,0.08527656861878773,2.6565118298945665,0.015475332754272264,0.9806637042761309,3.896181883518259,-0.09777083530672004,0.5950743038696481,1.4300494638096697,0.44552252627941374,0.0,1.7062026669048305,-0.029044730157702103,0.5113440249974981,-0.02951926975624941,0.3548592906639519,0.0,0.0,0.5203542559710809,0.0,3.2723953764641815,0.5442830520903879,0.31193979522142407,2.7672776235990026,0.38218340689934754,0.23997432167083693,0.5547583561766058,0.3069006860051252,0.18536179809726708,0.010175728187895305,0.32825626495339183,0.0,0.0,0.4859783870088814,0.0,1.6707639397737921,0.35269004828381034,0.604682335179343,3.3293575655611622,0.11763576577092882,0.6544894385191535,1.9128387123384456,0.22097024521585557,0.453533125929355,2.213972627239111,0.3400916025288517,0.0,1.6985498290455354,0.251184519831747,0.5268730482807814,0.13256247410952393,0.2174332558068758,0.44485661249406466,1.1756851777862143,0.4942626167409895,0.5696386321817589,-0.4847571709724646,75
synthetic-fleet-01-unit-0003,70,0,531.7508887622708,1.3363503098171887,48.38199759366852,530.0,2400.0,8300.0,8.7,0.03143814918342739,400.0,2400.0,102.0,655.9996357372543,40.0,24.069272859329917,1650.0,1444.6643414235016,15.2,22.0,560.0,2400.0,9250.0,-0.1818557531237018,-0.038207216352502044,0.6332531432970843,-0.20718533436323813,0.7447757229226796,0.44552252627941374,0.35494724141344614,0.3548592906639519,0.5203542559710809,0.0705544250031341,0.28037296288474817,0.38979700220054125,0.32825626495339183,0.4859783870088814,0.623112209534675,0.035095840451244545,0.4237964251410577,0.3400916025288517,0.48680931012541834,0.5314953783898292,-0.24639255995313916,-0.30926119473389563,0.9240122357028232,1.2163867664147887,0.4186158685724518,0.25537186789583904,3.390779557358493,0.6332531432970843,0.0,2.6565118298945665,0.20770613346938918,0.7599674989684542,2.959732480054731,0.10960619815355113,0.6843874535447843,2.660538538245869,0.44552252627941374,0.0,1.7062026669048305,0.15197932099808348,0.43529227472700976,0.9516872092106478,0.3548592906639519,0.0,0.0,0.5203542559710809,0.0,3.2723953764641815,0.5603053527405654,0.27641549112229474,2.128604789630143,0.3352085869944401,0.2302047793882673,0.3198842566520686,0.38979700220054125,0.0,0.010175728187895305,0.32825626495339183,0.0,0.0,0.4859783870088814,0.0,1.6707639397737921,0.35269004828381034,0.604682335179343,3.3293575655611622,0.28675607224728944,0.42301997115582884,1.6785749004369808,0.22097024521585557,0.453533125929355,3.2281035268651213,0.3400916025288517,0.0,1.6985498290455354,0.48680931012541834,0.0,0.13256247410952393,0.2174332558068758,0.44485661249406466,1.7998637834311015,0.2951815532354273,0.6291777952955988,-0.20641178433186352,74
synthetic-fleet-01-unit-0003,71,0,538.5514553551864,1.2992899315757231,48.5,530.0,2400.0,8300.0,8.7,0.03066393393533344,400.0,2400.0,102.0,660.0,40.0,23.59297614191032,1650.0,1470.0,15.2,22.0,560.0,2400.0,9250.0,0.5941280668099936,0.5328216398036902,0.6332531432970843,0.7292640691002898,0.7447757229226796,0.44552252627941374,0.35494724141344614,0.3548592906639519,0.5203542559710809,-1.663511072632914,0.5152470624092854,0.38979700220054125,0.32825626495339183,0.4859783870088814,0.623112209534675,-0.8358944708129638,0.4237964251410577,0.3400916025288517,0.48680931012541834,0.5314953783898292,-1.3471086293026053,-0.27024856038953393,0.9646204988325537,1.9923705863484842,0.4186158685724518,0.25537186789583904,3.961808413514685,0.6332531432970843,0.0,2.6565118298945665,0.20770613346938918,0.7599674989684542,3.896181883518259,0.1929334732437036,0.7406941271963657,2.660538538245869,0.44552252627941374,0.0,1.7062026669048305,0.15197932099808348,0.43529227472700976,0.9516872092106478,0.3548592906639519,0.0,0.0,0.5203542559710809,0.0,3.2723953764641815,0.08860992868329558,1.0149341383253823,0.3945392919940951,0.44591193886008645,0.10443733206589932,0.5547583561766058,0.38979700220054125,0.0,0.010175728187895305,0.32825626495339183,0.0,0.0,0.4859783870088814,0.0,1.6707639397737921,0.35269004828381034,0.604682335179343,3.3293575655611622,-0.03511485645878909,0.5525491993196578,0.8075845891727725,0.2209702452158555,0.453533125929355,3.2281035268651213,0.3400916025288517,0.0,1.6985498290455354,0.48680931012541834,0.0,0.13256247410952393,0.40665965726085185,0.27914115846460036,1.7998637834311015,-0.12404272414002819,0.8938495539373577,-1.3071278536813298,73
synthetic-fleet-01-unit-0003,72,0,530.20974932654,1.35,48.5,530.0,2400.0,8300.0,8.7,0.03079974987166324,396.98236923769747,2400.0,100.79293778580809,660.0,40.0,23.89012538800409,1650.0,1469.9201064014744,15.115507719749903,22.0,560.0,2400.0,9000.0,-0.35770863979857653,0.5328216398036902,0.6332531432970843,0.7263110646439842,0.396857118260976,0.44552252627941374,0.35494724141344614,0.3548592906639519,-2.7520411204931006,0.7092272589719937,0.5152470624092854,0.38979700220054125,0.32825626495339183,0.4859783870088814,0.623112209534675,-0.6831018657205657,-0.5693684722401157,0.3400916025288517,-0.940471499567342,0.5314953783898292,-0.6604002431048662,-0.4128059738928561,0.8995795086848392,1.040533879739914,0.4186158685724518,0.25537186789583904,3.961808413514685,0.6332531432970843,0.0,2.6565118298945665,0.20711553257812804,0.7594618239789025,3.893228879061953,0.42006642723154347,0.5267844899583901,2.3126199335841653,0.44552252627941374,0.0,1.7062026669048305,0.1587059456200665,0.43880887738663993,0.9516872092106478,0.3548592906639519,0.0,0.0,-0.13412481932175552,1.463459702205985,0.0,0.08860992868329562,1.0149341383253823,2.7672776235990026,0.4459119388600864,0.10443733206589932,0.5547583561766058,0.38979700220054125,0.0,0.010175728187895305,0.32825626495339183,0.0,0.0,0.4859783870088814,0.0,1.6707639397737921,0.35269004828381034,0.604682335179343,3.3293575655611622,-0.11882514682355554,0.6231877518584535,0.9603771942651705,0.02233726573962087,0.54977056842602,2.2349386294839477,0.3400916025288517,0.0,1.6985498290455354,0.20135314818686617,0.6382993826907906,-1.2947183355832363,0.40665965726085174,0.27914115846460036,1.7998637834311015,-0.40592532427593575,0.7622389082494383,-0.6204194674835906,72
synthetic-fleet-01-unit-0003,73,0,540.0,1.3378362671387432,48.391677740941205,530.0,2400.0,8219.564903420076,8.7,0.031047241450222376,400.0,2400.0,102.0,660.0,40.0,24.207762868264314,1647.8471993340384,1442.112392084832,15.048283412133515,22.0,560.0,2400.0,9250.0,0.7594153544895171,0.5328216398036902,0.5362353935966889,-0.301509759704329,0.12004381370802515,0.44552252627941374,0.35494724141344614,0.3548592906639519,0.5203542559710809,0.140082785061375,0.29964050110383694,0.38979700220054125,0.32825626495339183,-0.6744536439145304,0.623112209534675,-0.4046744289383663,0.4237964251410577,0.3400916025288517,0.48680931012541834,0.5314953783898292,0.07365620944484648,0.11407949186127393,0.5208138234558841,2.1576578740280077,0.4186158685724518,0.25537186789583904,3.961808413514685,0.6138495933570051,0.043387656670828764,2.5594940801941712,0.3352288217553994,0.5392406723533346,2.86540805471364,0.30414780526016816,0.5134870658180142,2.0358066290312147,0.44552252627941374,0.0,1.7062026669048305,0.1587059456200665,0.43880887738663993,0.9516872092106478,0.3548592906639519,0.0,0.0,-0.13412481932175552,1.463459702205985,3.2723953764641815,-0.006883868924883541,0.9743767076715449,2.1981331496883842,0.42515093024328826,0.12355713936177279,0.3391517948711574,0.38979700220054125,0.0,0.010175728187895305,0.32825626495339183,0.0,0.0,0.25389198082419895,0.5189609808825774,0.5103319088503803,0.623112209534675,0.0,3.3293575655611622,-0.3238430545335884,0.4686480126938345,1.23880463104737,0.02233726573962087,0.54977056842602,3.2281035268651213,0.3400916025288517,0.0,1.6985498290455354,0.20135314818686617,0.6382993826907906,0.13256247410952393,0.40665965726085174,0.27914115846460036,1.7998637834311015,-0.5409966339019008,0.5312550691885285,0.11363698506612212,71
synthetic-fleet-01-unit-0003,74,0,537.6969878924286,1.35,48.44451030049074,530.0,2400.0,8300.0,8.592912223503347,0.03185365083782533,400.0,2400.0,99.7005647055012,660.0,40.0,23.815317576344235,1650.0,1459.099500534566,15.2,22.0,560.0,2400.0,9250.0,0.49662840752417364,0.5328216398036902,0.6332531432970843,0.32636290941506324,0.7447757229226796,0.44552252627941374,0.35494724141344614,0.3548592906639519,0.5203542559710809,0.7092272589719937,0.4047993723129203,0.38979700220054125,0.32825626495339183,0.4859783870088814,-0.3416900046589651,0.502534212642717,0.4237964251410577,0.3400916025288517,-2.2321390840677755,0.5314953783898292,-0.8332802093010881,0.26212148718028117,0.4984546697766361,1.894870927062664,0.4186158685724518,0.25537186789583904,3.961808413514685,0.6138495933570051,0.043387656670828764,2.6565118298945665,0.25464858981835403,0.4938296695816896,3.493280723833032,0.5502456201474081,0.2837813900839586,2.660538538245869,0.44552252627941374,0.0,1.7062026669048305,0.35494724141344614,0.0,0.9516872092106478,0.3548592906639519,0.0,0.0,-0.13412481932175552,1.463459702205985,3.2723953764641815,-0.00688386892488353,0.9743767076715448,2.7672776235990026,0.40306139222401527,0.11283018343782611,0.4443106660802407,0.38979700220054125,0.0,0.010175728187895305,0.32825626495339183,0.0,0.0,0.25389198082419895,0.5189609808825774,1.6707639397737921,0.430151766695947,0.43147266715585836,2.3645553513675224,-0.2772081424755869,0.547416591898433,2.146013272628453,0.2251634456648229,0.4441568446821813,3.2281035268651213,0.3400916025288517,0.0,1.6985498290455354,-0.3424365306517726,1.2238839362631182,-2.58638592008367,0.5314953783898292,0.0,1.7998637834311015,-0.6027050864433704,0.5465925063778927,-0.7932994336798125,70
synthetic-fleet-01-unit-0003,75,0,538.0446523944463,1.3302580514762783,48.5,530.0,2400.0,8300.0,8.7,0.030994776209994458,394.7994485062247,2400.0,101.44643736200611,660.0,40.0,24.5,1650.0,1465.8938475603636,15.2,22.0,560.0,2400.0,9250.0,0.5362989297733137,0.5328216398036902,0.6332531432970843,0.577493630963953,0.7447757229226796,0.44552252627941374,0.35494724141344614,0.3548592906639519,0.5203542559710809,-0.21450405235039957,0.5152470624092854,0.38979700220054125,0.32825626495339183,0.4859783870088814,0.623112209534675,-0.46369769931332716,-1.2878129788868367,0.3400916025288517,-0.1677462884859787,0.5314953783898292,0.7490127575746718,0.40575242375968423,0.4383880933870336,1.934541449311804,0.5328216398036902,0.0,3.961808413514685,0.6138495933570051,0.043387656670828764,2.6565118298945665,0.4115843828837923,0.4310641198182086,3.744411445381922,0.5502456201474081,0.2837813900839586,2.660538538245869,0.44552252627941374,0.0,1.7062026669048305,0.35494724141344614,0.0,0.9516872092106478,0.3548592906639519,0.0,0.0,-0.13412481932175552,1.463459702205985,3.2723953764641815,-0.06389556439559027,0.9770488291160653,1.8435463122766096,0.45003621212892264,0.09672461754142962,0.5547583561766058,0.38979700220054125,0.0,0.010175728187895305,0.32825626495339183,0.0,0.0,0.25389198082419895,0.5189609808825774,1.6707639397737921,0.430151766695947,0.4314726671558584,3.3293575655611622,-0.3769668504285012,0.5210914694989216,1.179781360672409,-0.11715843514075597,0.7830744634187572,1.5164941228372268,0.3400916025288517,0.0,1.6985498290455354,-0.473347650374052,1.1455071985477205,-0.5219931245018731,0.5314953783898292,0.0,1.7998637834311015,-0.4036240229378082,0.8211378745655736,0.7889935331959474,69
synthetic-fleet-01-unit-0003,76,0,539.8919996137358,1.35,48.5,530.0,2400.0,8300.0,8.673947508654845,0.03142505522562404,400.0,2400.0,102.0,660.0,40.0,23.964492840428267,1629.3997886251857,1470.0,14.964781689964529,22.0,560.0,2400.0,9250.0,0.7470918883279053,0.5328216398036902,-0.29511248875469226,0.7292640691002898,-0.22379591434629997,0.44552252627941374,0.35494724141344614,0.3548592906639519,0.5203542559710809,0.7092272589719937,0.5152470624092854,0.38979700220054125,0.32825626495339183,0.4859783870088814,0.3883935314803984,0.020365169089634216,0.4237964251410577,0.3400916025288517,0.48680931012541834,0.5314953783898292,-0.48853794188358685,0.4363451880632666,0.4596422910080467,2.145334407866396,0.5328216398036902,0.0,3.961808413514685,0.42817646694664974,0.40650737220163646,1.7281461978427899,0.4115843828837923,0.4310641198182086,3.896181883518259,0.35653129269361206,0.4170730278869548,1.6919669009768894,0.44552252627941374,0.0,1.7062026669048305,0.35494724141344614,0.0,0.9516872092106478,0.3548592906639519,0.0,0.0,-0.13412481932175552,1.463459702205985,3.2723953764641815,0.4106521019253913,0.4276299058980089,2.7672776235990026,0.45003621212892275,0.09672461754142962,0.5547583561766058,0.38979700220054125,0.0,0.010175728187895305,0.32825626495339183,0.0,0.0,0.25389198082419895,0.5189609808825774,1.6707639397737921,0.3832080310850917,0.4177816702994072,3.094638887506886,-0.2057149224479816,0.470841623355341,1.6638442290753706,-0.11715843514075593,0.7830744634187572,3.2281035268651213,0.3400916025288517,0.0,1.6985498290455354,-0.4733476503740519,1.1455071985477205,0.13256247410952393,0.5314953783898292,0.0,1.7998637834311015,-0.23190988545400454,0.6455013714758149,-0.44855716626231124,68
synthetic-fleet-01-unit-0003,77,0,534.378748529699,1.348746857607515,48.13138395787583,530.0,2400.0,8300.0,8.7,0.03160276063549109,400.0,2400.0,102.0,660.0,40.0,24.403619933565825,1634.083411009258,1470.0,15.097084507925164,22.0,560.0,2400.0,9250.0,0.11799818297381227,0.5328216398036902,-0.0840411567295678,0.7292640691002898,0.3209948248955056,0.44552252627941374,0.35494724141344614,0.3548592906639519,0.5203542559710809,0.6505923747763934,-0.21845289893732886,0.38979700220054125,0.32825626495339183,0.4859783870088814,0.623112209534675,0.22028333220317384,0.4237964251410577,0.3400916025288517,0.48680931012541834,0.5314953783898292,0.5262795662484595,0.5314865526177444,0.2601192421724329,1.5162407025123028,0.5328216398036902,0.0,3.961808413514685,0.28471760694131937,0.4411352408469949,1.9392175298679144,0.4121749837750534,0.4316048124020268,3.896181883518259,0.34135883402051803,0.4166189185539085,2.236757640218695,0.44552252627941374,0.0,1.7062026669048305,0.35494724141344614,0.0,0.9516872092106478,0.3548592906639519,0.0,0.0,0.5203542559710809,0.0,3.2723953764641815,0.3989251250862712,0.41809267688959934,2.7086427394034027,0.3032962198595999,0.30511666478496313,-0.17894160517000846,0.38979700220054125,0.0,0.010175728187895305,0.32825626495339183,0.0,0.0,0.25389198082419895,0.5189609808825774,1.6707639397737921,0.3832080310850917,0.4177816702994072,3.3293575655611622,-0.02503788286323369,0.4114372957476987,1.8637623921889102,0.08147454433547871,0.7654549956668548,3.2281035268651213,0.3400916025288517,0.0,1.6985498290455354,-0.18789148843549994,1.1773930486529942,0.13256247410952393,0.5314953783898292,0.0,1.7998637834311015,0.005426076416660597,0.6663883151729896,0.5662603418697352,67
synthetic-fleet-01-unit-0003,78,0,534.9568547044913,1.35,48.5,530.0,2400.0,8300.0,8.638297812715816,0.031025490523043993,399.68252315347155,2400.0,102.0,660.0,40.0,24.5,1650.0,1470.0,15.2,22.0,560.0,2400.0,9250.0,0.18396342744475436,0.5328216398036902,0.6332531432970843,0.7292640691002898,0.7447757229226796,0.44552252627941374,0.35494724141344614,0.3548592906639519,0.5203542559710809,0.7092272589719937,0.5152470624092854,0.38979700220054125,0.32825626495339183,0.4859783870088814,0.06720929643019118,-0.4291441702409641,0.3193082075492078,0.3400916025288517,0.48680931012541834,0.5314953783898292,0.7490127575746718,0.4163961672087918,0.26136176094296804,1.5822059469832448,0.5328216398036902,0.0,3.961808413514685,0.3041211568813984,0.4568190389026993,2.6565118298945665,0.6183297495359772,0.17594849678372587,3.896181883518259,0.4663052158634489,0.42719789019419757,2.660538538245869,0.44552252627941374,0.0,1.7062026669048305,0.35494724141344614,0.0,0.9516872092106478,0.3548592906639519,0.0,0.0,0.5203542559710809,0.0,3.2723953764641815,0.512754019868395,0.40734166149030016,2.7672776235990026,0.3464175321206896,0.3193733215377838,0.5547583561766058,0.38979700220054125,0.0,0.010175728187895305,0.32825626495339183,0.0,0.0,0.4859783870088814,0.0,1.6707639397737921,0.27202744846419497,0.41190462241244896,2.7734546524566785,-0.02993183112375324,0.41718725533721385,1.214334889744772,0.06057690081710874,0.7551295295049828,3.1236153092732715,0.3400916025288517,0.0,1.6985498290455354,-0.1878914884354999,1.1773930486529942,0.13256247410952393,0.5314953783898292,0.0,1.7998637834311015,0.14049738604262565,0.7472178488095955,0.7889935331959474,66
synthetic-fleet-01-unit-0003,79,0,540.0,1.3483621580753162,48.5,530.0,2400.0,8300.0,8.684468395961671,0.030901786311912045,400.0,2400.0,102.0,660.0,40.0,23.936012752178726,1650.0,1459.6646555276175,15.2,22.0,560.0,2400.0,9250.0,0.7594153544895171,0.5328216398036902,0.6332531432970843,0.3472520074627613,0.7447757229226796,0.44552252627941374,0.35494724141344614,0.3548592906639519,0.5203542559710809,0.6325921757121477,0.5152470624092854,0.38979700220054125,0.32825626495339183,0.4859783870088814,0.4831809638184449,-0.5683111133149573,0.4237964251410577,0.3400916025288517,0.48680931012541834,0.5314953783898292,-0.5543550883098639,0.46895355660186056,0.3044065681331743,2.1576578740280077,0.5328216398036902,0.0,3.961808413514685,0.3041211568813984,0.4568190389026993,2.6565118298945665,0.6225075691455169,0.16731910359824698,3.51416982188073,0.4663052158634489,0.42719789019419757,2.660538538245869,0.44552252627941374,0.0,1.7062026669048305,0.35494724141344614,0.0,0.9516872092106478,0.3548592906639519,0.0,0.0,0.5203542559710809,0.0,3.2723953764641815,0.49742700321642574,0.39946645023632343,2.690642540339157,0.3685070701399626,0.32812059773199953,0.5547583561766058,0.38979700220054125,0.0,0.010175728187895305,0.32825626495339183,0.0,0.0,0.4859783870088814,0.0,1.6707639397737921,0.43700164215967696,0.22941008244521213,3.1894263198449324,-0.2441008963152881,0.34393714737089354,1.075167946670779,0.06057690081710874,0.7551295295049828,3.2281035268651213,0.3400916025288517,0.0,1.6985498290455354,0.35589819040313886,0.29272616270963003,0.13256247410952393,0.5314953783898292,0.0,1.7998637834311015,0.1962824102408705,0.6618828003534605,-0.5143743126885882,65
synthetic-fleet-01-unit-0003,80,0,537.5850678008482,1.35,48.5,530.0,2400.0,8300.0,8.7,0.031296814671906495,400.0,2400.0,102.0,660.0,40.0,24.322293377302884,1650.0,1462.8069537078177,15.2,22.0,560.0,2400.0,9250.0,0.48385768040822585,0.5328216398036902,0.6332531432970843,0.46339673871054526,0.7447757229226796,0.44552252627941374,0.35494724141344614,0.3548592906639519,0.5203542559710809,0.7092272589719937,0.5152470624092854,0.38979700220054125,0.32825626495339183,0.4859783870088814,0.623112209534675,-0.12390514859543597,0.4237964251410577,0.3400916025288517,0.48680931012541834,0.5314953783898292,0.3383348585283539,0.45846530672884295,0.30240293962786907,1.8821001999467164,0.5328216398036902,0.0,3.961808413514685,0.3041211568813984,0.4568190389026993,2.6565118298945665,0.5996881906948353,0.1821188563015916,3.630314553128514,0.4663052158634489,0.42719789019419757,2.660538538245869,0.44552252627941374,0.0,1.7062026669048305,0.35494724141344614,0.0,0.9516872092106478,0.3548592906639519,0.0,0.0,0.5203542559710809,0.0,3.2723953764641815,0.6821732654809043,0.037587873083575585,2.7672776235990026,0.3685070701399626,0.32812059773199953,0.5547583561766058,0.38979700220054125,0.0,0.010175728187895305,0.32825626495339183,0.0,0.0,0.4859783870088814,0.0,1.6707639397737921,0.43700164215967696,0.22941008244521213,3.3293575655611622,-0.17614238617170988,0.32260793222765444,1.5195739113903004,0.4028987816226876,0.046728551476632824,3.2281035268651213,0.3400916025288517,0.0,1.6985498290455354,0.48680931012541834,0.0,0.13256247410952393,0.5314953783898292,0.0,1.7998637834311015,0.11414683043160692,0.5986009019920241,0.37831563414962954,64
synthetic-fleet-01-unit-0003,81,0,533.1695389413645,1.3475154736546122,48.5,530.0,2400.0,8300.0,8.7,0.03140286666311636,400.0,2400.0,102.0,660.0,40.0,24.5,1650.0,1455.7830112538277,14.78074379774476,22.0,560.0,2400.0,9250.0,-0.019979596176788045,0.5328216398036902,0.6332531432970843,0.2037797762723753,-0.9816190725857772,0.44552252627941374,0.35494724141344614,0.3548592906639519,0.5203542559710809,0.5929755740746051,0.5152470624092854,0.38979700220054125,0.32825626495339183,0.4859783870088814,0.623112209534675,-0.004596910916730151,0.4237964251410577,0.3400916025288517,0.48680931012541834,0.5314953783898292,0.7490127575746718,0.3050510098279043,0.31373342212182226,1.3782629233617023,0.5328216398036902,0.0,3.961808413514685,0.48979428329175373,0.3207837629465446,2.6565118298945665,0.4945913321292523,0.233128680789489,3.370697590690344,0.3147405842155534,0.747559050657055,0.9341437427374122,0.44552252627941374,0.0,1.7062026669048305,0.35494724141344614,0.0,0.9516872092106478,0.3548592906639519,0.0,0.0,0.5203542559710809,0.0,3.2723953764641815,0.6589229285014266,0.05043017834563238,2.6510259387016144,0.3685070701399626,0.32812059773199953,0.5547583561766058,0.38979700220054125,0.0,0.010175728187895305,0.32825626495339183,0.0,0.0,0.4859783870088814,0.0,1.6707639397737921,0.4839453777705323,0.24071340168829478,3.3293575655611622,-0.18113480217298275,0.318979435647045,1.6388821490690062,0.4028987816226876,0.046728551476632824,3.2281035268651213,0.3400916025288517,0.0,1.6985498290455354,0.48680931012541834,0.0,0.13256247410952393,0.5314953783898292,0.0,1.7998637834311015,0.3616569703232586,0.5400952747856949,0.7889935331959474,63
synthetic-fleet-01-unit-0003,82,0,540.0,1.35,48.5,530.0,2400.0,8300.0,8.7,0.031782147562106434,400.0,2400.0,102.0,660.0,40.0,24.5,1650.0,1457.473769824745,14.967764897661098,22.0,560.0,2400.0,9237.12755618395,0.7594153544895171,0.5328216398036902,0.6332531432970843,0.2662731134933403,-0.21151179257642505,0.44552252627941374,0.35494724141344614,0.3548592906639519,0.35185935346133584,0.7092272589719937,0.5152470624092854,0.38979700220054125,0.32825626495339183,0.4859783870088814,0.623112209534675,0.4220931976560793,0.4237964251410577,0.3400916025288517,0.48680931012541834,0.5314953783898292,0.7490127575746718,0.43333444413104527,0.3474513061954534,2.1576578740280077,0.5328216398036902,0.0,3.961808413514685,0.6332531432970843,0.0,2.6565118298945665,0.4019931410078625,0.2071121180154732,3.4331909279113093,0.20823926072116733,0.7835125917781337,1.7042510227467642,0.44552252627941374,0.0,1.7062026669048305,0.35494724141344614,0.0,0.9516872092106478,0.3548592906639519,0.0,0.0,0.4866552754691318,0.07535321117479796,3.1039004739544365,0.6706499053405468,0.05464963211607463,2.7672776235990026,0.5152470624092854,0.0,0.5547583561766058,0.38979700220054125,0.0,0.010175728187895305,0.32825626495339183,0.0,0.0,0.4859783870088814,0.0,1.6707639397737921,0.4839453777705323,0.24071340168829478,3.3293575655611622,-0.14077282908240168,0.3878123187431461,2.0655722576418154,0.4028987816226876,0.046728551476632824,3.2281035268651213,0.3400916025288517,0.0,1.6985498290455354,0.48680931012541834,0.0,0.13256247410952393,0.5314953783898292,0.0,1.7998637834311015,0.40620360858850113,0.5656486354857756,0.7889935331959474,62
synthetic-fleet-01-unit-0003,83,0,540.0,1.35,48.5,530.0,2400.0,8300.0,8.7,0.031701143887475206,400.0,2400.0,102.0,660.0,40.0,24.5,1648.6999988174675,1470.0,15.2,22.0,560.0,2400.0,9250.0,0.7594153544895171,0.5328216398036902,0.574667510483368,0.7292640691002898,0.7447757229226796,0.44552252627941374,0.35494724141344614,0.3548592906639519,0.5203542559710809,0.7092272589719937,0.5152470624092854,0.38979700220054125,0.32825626495339183,0.4859783870088814,0.623112209534675,0.3309642565065797,0.4237964251410577,0.3400916025288517,0.48680931012541834,0.5314953783898292,0.7490127575746718,0.5484248295399978,0.3394125486693355,2.1576578740280077,0.5328216398036902,0.0,3.961808413514685,0.6215360167343409,0.02620029149526239,2.59792619708085,0.4019931410078625,0.2071121180154732,3.896181883518259,0.2082392607211673,0.7835125917781337,2.660538538245869,0.44552252627941374,0.0,1.7062026669048305,0.35494724141344614,0.0,0.9516872092106478,0.3548592906639519,0.0,0.0,0.4866552754691318,0.07535321117479796,3.2723953764641815,0.6706499053405468,0.05464963211607463,2.7672776235990026,0.5152470624092854,0.0,0.5547583561766058,0.38979700220054125,0.0,0.010175728187895305,0.32825626495339183,0.0,0.0,0.4859783870088814,0.0,1.6707639397737921,0.5951259603914292,0.062579155519544,3.3293575655611622,0.011248856267107098,0.3954170145908034,1.9744433164923159,0.4237964251410577,0.0,3.2281035268651213,0.3400916025288517,0.0,1.6985498290455354,0.48680931012541834,0.0,0.13256247410952393,0.5314953783898292,0.0,1.7998637834311015,0.40620360858850113,0.5656486354857756,0.7889935331959474,61
synthetic-fleet-01-unit-0003,84,0,535.1210053318342,1.35,48.5,530.0,2400.0,8300.0,8.7,0.03166010657752176,400.0,2400.0,102.0,660.0,40.0,24.27310269507161,1650.0,1470.0,14.834583076182684,22.0,560.0,2400.0,9250.0,0.2026939595422941,0.5328216398036902,0.6332531432970843,0.7292640691002898,-0.7599220539389885,0.44552252627941374,0.35494724141344614,0.3548592906639519,0.5203542559710809,0.7092272589719937,0.5152470624092854,0.38979700220054125,0.32825626495339183,0.4859783870088814,0.623112209534675,0.28479738048883946,0.4237964251410577,0.3400916025288517,0.48680931012541834,0.5314953783898292,0.22465577485218688,0.4370805505505532,0.3441760462718734,1.6009364790807845,0.5328216398036902,0.0,3.961808413514685,0.6215360167343409,0.02620029149526239,2.6565118298945665,0.4783955533353682,0.24824622018310077,3.896181883518259,-0.09270029465116632,0.8142803267139996,1.155840761384201,0.44552252627941374,0.0,1.7062026669048305,0.35494724141344614,0.0,0.9516872092106478,0.3548592906639519,0.0,0.0,0.4866552754691318,0.07535321117479796,3.2723953764641815,0.685976921992516,0.05198933398587113,2.7672776235990026,0.5152470624092854,0.0,0.5547583561766058,0.38979700220054125,0.0,0.010175728187895305,0.32825626495339183,0.0,0.0,0.4859783870088814,0.0,1.6707639397737921,0.623112209534675,0.0,3.3293575655611622,0.18187055502786645,0.23387960472938948,1.9282764404745758,0.4237964251410577,0.0,3.2281035268651213,0.3400916025288517,0.0,1.6985498290455354,0.48680931012541834,0.0,0.13256247410952393,0.5314953783898292,0.0,1.7998637834311015,0.5620057812209113,0.25920481094592257,0.2646365504734625,60
synthetic-fleet-01-unit-0003,85,0,540.0,1.35,48.5,530.0,2400.0,8300.0,8.59730674488205,0.03174887277517835,400.0,2400.0,102.0,660.0,40.0,24.5,1650.0,1470.0,15.2,22.0,560.0,2400.0,9250.0,0.7594153544895171,0.5328216398036902,0.6332531432970843,0.7292640691002898,0.7447757229226796,0.44552252627941374,0.35494724141344614,0.3548592906639519,0.5203542559710809,0.7092272589719937,0.5152470624092854,0.38979700220054125,0.32825626495339183,0.4859783870088814,-0.30209777391891585,0.38465914156496744,0.4237964251410577,0.3400916025288517,0.48680931012541834,0.5314953783898292,0.7490127575746718,0.4921920853668114,0.37428392395111815,2.1576578740280077,0.5328216398036902,0.0,3.961808413514685,0.6215360167343409,0.02620029149526239,2.6565118298945665,0.5315690194133171,0.2716052759194016,3.896181883518259,-0.09270029465116629,0.8142803267139996,2.660538538245869,0.44552252627941374,0.0,1.7062026669048305,0.35494724141344614,0.0,0.9516872092106478,0.3548592906639519,0.0,0.0,0.4866552754691318,0.07535321117479796,3.2723953764641815,0.6859769219925159,0.05198933398587113,2.7672776235990026,0.5152470624092854,0.0,0.5547583561766058,0.38979700220054125,0.0,0.010175728187895305,0.32825626495339183,0.0,0.0,0.4859783870088814,0.0,1.6707639397737921,0.43807021284395686,0.413766483292737,2.4041475821075715,0.2835834130599471,0.16933367982449643,2.028138201550704,0.4237964251410577,0.0,3.2281035268651213,0.3400916025288517,0.0,1.6985498290455354,0.48680931012541834,0.0,0.13256247410952393,0.5314953783898292,0.0,1.7998637834311015,0.6441413610301748,0.23449957156883167,0.7889935331959474,59
synthetic-fleet-01-unit-0003,86,0,540.0,1.35,48.5,530.0,2400.0,8300.0,8.693441774230017,0.031212066767112932,400.0,2400.0,101.23896171665486,660.0,40.0,24.395912946097763,1650.0,1456.4018203387977,15.028241952793636,22.0,560.0,2400.0,9250.0,0.7594153544895171,0.5328216398036902,0.6332531432970843,0.2266520215991872,0.037517971722513796,0.44552252627941374,0.35494724141344614,0.3548592906639519,0.5203542559710809,0.7092272589719937,0.5152470624092854,0.38979700220054125,0.32825626495339183,0.4859783870088814,0.5640261872914307,-0.21924633976528138,0.4237964251410577,0.3400916025288517,-0.4130741627303984,0.5314953783898292,0.5084688095455172,0.6480710755000725,0.2489733767261005,2.1576578740280077,0.5328216398036902,0.0,3.961808413514685,0.6215360167343409,0.02620029149526239,2.6565118298945665,0.5361434684786796,0.26481203869198894,3.3935698360171562,0.11112711421049189,0.6463864830753634,1.9532807870457032,0.44552252627941374,0.0,1.7062026669048305,0.35494724141344614,0.0,0.9516872092106478,0.3548592906639519,0.0,0.0,0.4866552754691318,0.07535321117479796,3.2723953764641815,0.7092272589719937,0.0,2.7672776235990026,0.5152470624092854,0.0,0.5547583561766058,0.38979700220054125,0.0,0.010175728187895305,0.32825626495339183,0.0,0.0,0.4859783870088814,0.0,1.6707639397737921,0.4262530083953081,0.4079635235350626,3.270271543317918,0.2406535272902369,0.26233116772011494,1.424232720220455,0.4237964251410577,0.0,3.2281035268651213,0.3400916025288517,0.0,1.6985498290455354,0.30683261555425495,0.4024401234268386,-0.7673209987462928,0.5314953783898292,0.0,1.7998637834311015,0.5960325714243438,0.23226975130779287,0.5484495851667929,58
synthetic-fleet-01-unit-0003,87,0,532.408667869707,1.3480485546285734,48.5,530.0,2400.0,8300.0,8.7,0.03080538782407692,400.0,2400.0,102.0,660.0,40.0,24.317431160161775,1650.0,1470.0,15.2,21.851034333092976,560.0,2400.0,9250.0,-0.10679936811710732,0.5328216398036902,0.6332531432970843,0.7292640691002898,0.7447757229226796,-0.4716690287827113,0.35494724141344614,0.3548592906639519,0.5203542559710809,0.6179185824370528,0.5152470624092854,0.38979700220054125,0.32825626495339183,0.4859783870088814,0.623112209534675,-0.6767591826750237,0.4237964251410577,0.3400916025288517,0.48680931012541834,0.5314953783898292,0.32709833233753605,0.47482813097874754,0.40475832861246075,1.291443151421383,0.5328216398036902,0.0,3.961808413514685,0.6215360167343409,0.02620029149526239,2.6565118298945665,0.6287416596000693,0.22477494090456393,3.896181883518259,0.3023846173103128,0.6681653004123478,2.660538538245869,0.2620842152669888,0.4101805331015306,0.7890111118427054,0.35494724141344614,0.0,0.9516872092106478,0.3548592906639519,0.0,0.0,0.5203542559710809,0.0,3.2723953764641815,0.6909655236650055,0.04083448153353357,2.675968947064062,0.5152470624092854,0.0,0.5547583561766058,0.38979700220054125,0.0,0.010175728187895305,0.32825626495339183,0.0,0.0,0.4859783870088814,0.0,1.6707639397737921,0.4262530083953081,0.4079635235350626,3.3293575655611622,0.0208830512240163,0.4589392612048648,0.9667198773107126,0.4237964251410577,0.0,3.2281035268651213,0.3400916025288517,0.0,1.6985498290455354,0.30683261555425495,0.4024401234268386,0.13256247410952393,0.5314953783898292,0.0,1.7998637834311015,0.5116496863769168,0.23933098454040097,0.3670791079588117,57
synthetic-fleet-01-unit-0003,88,0,540.0,1.3283322468181422,48.5,530.0,2400.0,8300.0,8.7,0.030844301484400878,400.0,2400.0,102.0,660.0,40.0,24.5,1650.0,1469.1147382547806,15.186329918549077,22.0,560.0,2400.0,9250.0,0.7594153544895171,0.5328216398036902,0.6332531432970843,0.6965432763600224,0.6884856612751699,0.44552252627941374,0.35494724141344614,0.3548592906639519,0.5203542559710809,-0.30461299271529135,0.5152470624092854,0.38979700220054125,0.32825626495339183,0.4859783870088814,0.623112209534675,-0.6329814074355985,0.4237964251410577,0.3400916025288517,0.48680931012541834,0.5314953783898292,0.7490127575746718,0.4748281309787476,0.40475832861246075,2.1576578740280077,0.5328216398036902,0.0,3.961808413514685,0.6332531432970843,0.0,2.6565118298945665,0.6221975010520159,0.22157011903832163,3.8634610907779914,0.2911266049808109,0.6592628243572998,2.604248476598359,0.2620842152669888,0.4101805331015306,1.7062026669048305,0.35494724141344614,0.0,0.9516872092106478,0.3548592906639519,0.0,0.0,0.5203542559710809,0.0,3.2723953764641815,0.48819747332754854,0.44495463241822564,1.7534373719117178,0.5152470624092854,0.0,0.5547583561766058,0.38979700220054125,0.0,0.010175728187895305,0.32825626495339183,0.0,0.0,0.4859783870088814,0.0,1.6707639397737921,0.4262530083953081,0.4079635235350626,3.3293575655611622,-0.17190608156441933,0.49700380021767127,1.010497652550138,0.4237964251410577,0.0,3.2281035268651213,0.3400916025288517,0.0,1.6985498290455354,0.30683261555425495,0.4024401234268386,0.13256247410952393,0.5314953783898292,0.0,1.7998637834311015,0.5116496863769168,0.23933098454040097,0.7889935331959474,56
synthetic-fleet-01-unit-0003,89,0,534.3628307710796,1.3399955835316668,48.5,530.0,2400.0,8300.0,8.7,0.031904020199800986,400.0,2400.0,102.0,660.0,40.0,24.5,1650.0,1470.0,15.2,22.0,560.0,2400.0,9250.0,0.11618187502807345,0.5328216398036902,0.6332531432970843,0.7292640691002898,0.7447757229226796,0.44552252627941374,0.35494724141344614,0.3548592906639519,0.5203542559710809,0.24111780502399827,0.5152470624092854,0.38979700220054125,0.32825626495339183,0.4859783870088814,0.623112209534675,0.5591996249726422,0.4237964251410577,0.3400916025288517,0.48680931012541834,0.5314953783898292,0.7490127575746718,0.4575257140759034,0.42082968045732094,1.5144243945665639,0.5328216398036902,0.0,3.961808413514685,0.6332531432970843,0.0,2.6565118298945665,0.6221975010520159,0.22157011903832163,3.896181883518259,0.5920661603531445,0.3109586166888175,2.660538538245869,0.2620842152669888,0.4101805331015306,1.7062026669048305,0.35494724141344614,0.0,0.9516872092106478,0.3548592906639519,0.0,0.0,0.5203542559710809,0.0,3.2723953764641815,0.3945755825379494,0.43597803953112657,2.2991681696510073,0.5152470624092854,0.0,0.5547583561766058,0.38979700220054125,0.0,0.010175728187895305,0.32825626495339183,0.0,0.0,0.4859783870088814,0.0,1.6707639397737921,0.4262530083953081,0.4079635235350626,3.3293575655611622,-0.1170256326676588,0.5698528962037706,2.2026786849583786,0.4237964251410577,0.0,3.2281035268651213,0.3400916025288517,0.0,1.6985498290455354,0.30683261555425495,0.4024401234268386,0.13256247410952393,0.5314953783898292,0.0,1.7998637834311015,0.6165210829214137,0.1924207329619856,0.7889935331959474,55
synthetic-fleet-01-unit-0003,90,0,540.0,1.35,48.5,530.0,2400.0,8300.0,8.691608807681089,0.031875497445857194,400.0,2400.0,102.0,660.0,40.0,24.21565976127936,1650.0,1470.0,15.2,22.0,560.0,2400.0,9250.0,0.7594153544895171,0.5328216398036902,0.6332531432970843,0.7292640691002898,0.7447757229226796,0.44552252627941374,0.35494724141344614,0.3548592906639519,0.5203542559710809,0.7092272589719937,0.5152470624092854,0.38979700220054125,0.32825626495339183,0.4859783870088814,0.5475121626024956,0.5271115946777372,0.4237964251410577,0.3400916025288517,0.48680931012541834,0.5314953783898292,0.09190583561628783,0.4575257140759034,0.42082968045732094,2.1576578740280077,0.5328216398036902,0.0,3.961808413514685,0.6332531432970843,0.0,2.6565118298945665,0.6221975010520159,0.22157011903832163,3.896181883518259,0.5920661603531444,0.3109586166888175,2.660538538245869,0.2620842152669888,0.4101805331015306,1.7062026669048305,0.35494724141344614,0.0,0.9516872092106478,0.3548592906639519,0.0,0.0,0.5203542559710809,0.0,3.2723953764641815,0.39457558253794944,0.43597803953112657,2.7672776235990026,0.5152470624092854,0.0,0.5547583561766058,0.38979700220054125,0.0,0.010175728187895305,0.32825626495339183,0.0,0.0,0.4859783870088814,0.0,1.6707639397737921,0.5961749956995903,0.037344536664321935,3.253757518628983,-0.08853514204510485,0.6037582106942947,2.1705906546634735,0.4237964251410577,0.0,3.2281035268651213,0.3400916025288517,0.0,1.6985498290455354,0.30683261555425495,0.4024401234268386,0.13256247410952393,0.5314953783898292,0.0,1.7998637834311015,0.48509969852973694,0.282582804842218,0.13188661123756346,54
synthetic-fleet-01-unit-0003,91,0,535.3447827204974,1.35,48.5,530.0,2400.0,8300.0,8.7,0.03204677244316035,400.0,2400.0,102.0,660.0,39.852253718679826,24.30248497568325,1650.0,1469.8247666626935,14.984974596910053,22.0,560.0,2400.0,9250.0,0.22822824856028973,0.5328216398036902,0.6332531432970843,0.7227871443465035,-0.1406464480547617,0.44552252627941374,0.35494724141344614,0.3548592906639519,0.5203542559710809,0.7092272589719937,0.5152470624092854,0.38979700220054125,0.32825626495339183,0.4859783870088814,0.623112209534675,0.7197955589630148,0.4237964251410577,0.3400916025288517,0.48680931012541834,0.1918197498192735,0.2925578771353622,0.351288292890058,0.39159880752403115,1.6264707680987802,0.5328216398036902,0.0,3.961808413514685,0.6332531432970843,0.0,2.6565118298945665,0.7214245256014792,0.014188980059089694,3.8897049587644723,0.5564332763976894,0.39044097059721505,1.7751163672684276,0.2620842152669888,0.4101805331015306,1.7062026669048305,0.35494724141344614,0.0,0.9516872092106478,0.3548592906639519,0.0,0.0,0.5203542559710809,0.0,3.2723953764641815,0.39457558253794944,0.43597803953112657,2.7672776235990026,0.5152470624092854,0.0,0.5547583561766058,0.38979700220054125,0.0,0.010175728187895305,0.32825626495339183,0.0,0.0,0.4859783870088814,0.0,1.6707639397737921,0.6079922001482392,0.03380936880850572,3.3293575655611622,0.0992732377005544,0.6924682439275629,2.363274618948751,0.4237964251410577,0.0,3.2281035268651213,0.3400916025288517,0.0,1.6985498290455354,0.48680931012541834,0.0,0.13256247410952393,0.46356025267571815,0.15190755915674645,1.460188154860546,0.44191751204770596,0.2943700468200404,0.33253865275663785,53
synthetic-fleet-01-unit-0003,92,0,540.0,1.35,48.5,530.0,2400.0,8300.0,8.7,0.032715442934650105,400.0,2400.0,102.0,660.0,40.0,24.5,1650.0,1449.7170371250647,15.2,22.0,560.0,2400.0,9250.0,0.7594153544895171,0.5328216398036902,0.6332531432970843,-0.020429033502734156,0.7447757229226796,0.44552252627941374,0.35494724141344614,0.3548592906639519,0.5203542559710809,0.7092272589719937,0.5152470624092854,0.38979700220054125,0.32825626495339183,0.4859783870088814,0.623112209534675,1.4720482702725428,0.4237964251410577,0.3400916025288517,0.48680931012541834,0.5314953783898292,0.7490127575746718,0.5245312374113829,0.32405875560138464,2.1576578740280077,0.5328216398036902,0.0,3.961808413514685,0.6332531432970843,0.0,2.6565118298945665,0.5714859050808744,0.33116559442206495,3.146488780915235,0.5564332763976894,0.39044097059721505,2.660538538245869,0.44552252627941374,0.0,1.7062026669048305,0.35494724141344614,0.0,0.9516872092106478,0.3548592906639519,0.0,0.0,0.5203542559710809,0.0,3.2723953764641815,0.4128373178449376,0.4493783291421409,2.7672776235990026,0.5152470624092854,0.0,0.5547583561766058,0.38979700220054125,0.0,0.010175728187895305,0.32825626495339183,0.0,0.0,0.4859783870088814,0.0,1.6707639397737921,0.6079922001482392,0.03380936880850572,3.3293575655611622,0.5290347282900678,0.7544632784309211,3.115527330258279,0.4237964251410577,0.0,3.2281035268651213,0.3400916025288517,0.0,1.6985498290455354,0.48680931012541834,0.0,0.13256247410952393,0.46356025267571815,0.15190755915674645,1.7998637834311015,0.5263003970951331,0.3131040510799269,0.7889935331959474,52
synthetic-fleet-01-unit-0003,93,0,540.0,1.35,48.5,530.0,2400.0,8300.0,8.7,0.031065037112960648,400.0,2400.0,102.0,660.0,40.0,24.5,1650.0,1470.0,15.063022273064483,22.0,560.0,2400.0,9250.0,0.7594153544895171,0.5328216398036902,0.6332531432970843,0.7292640691002898,0.18073484860762692,0.44552252627941374,0.35494724141344614,0.3548592906639519,0.5203542559710809,0.7092272589719937,0.5152470624092854,0.38979700220054125,0.32825626495339183,0.4859783870088814,0.623112209534675,-0.3846543507162966,0.4237964251410577,0.3400916025288517,0.48680931012541834,0.5314953783898292,0.7490127575746718,0.5245312374113829,0.32405875560138464,2.1576578740280077,0.5328216398036902,0.0,3.961808413514685,0.6332531432970843,0.0,2.6565118298945665,0.5780300636289278,0.334560561255453,3.896181883518259,0.4548831138641808,0.4128940253935525,2.0964976639308164,0.44552252627941374,0.0,1.7062026669048305,0.35494724141344614,0.0,0.9516872092106478,0.3548592906639519,0.0,0.0,0.5203542559710809,0.0,3.2723953764641815,0.6156053681823945,0.20934491198760502,2.7672776235990026,0.5152470624092854,0.0,0.5547583561766058,0.38979700220054125,0.0,0.010175728187895305,0.32825626495339183,0.0,0.0,0.4859783870088814,0.0,1.6707639397737921,0.6079922001482392,0.03380936880850572,3.3293575655611622,0.5787001396339281,0.6612624898615996,1.2588247092694398,0.4237964251410577,0.0,3.2281035268651213,0.3400916025288517,0.0,1.6985498290455354,0.48680931012541834,0.0,0.13256247410952393,0.46356025267571815,0.15190755915674645,1.7998637834311015,0.5263003970951331,0.3131040510799269,0.7889935331959474,51
synthetic-fleet-01-unit-0003,94,0,534.6736073583172,1.35,48.5,530.0,2400.0,8285.546035713205,8.7,0.03122040539561878,400.0,2400.0,101.84613894614144,660.0,40.0,24.5,1650.0,1470.0,15.2,22.0,560.0,2400.0,9250.0,0.15164327372414566,0.5328216398036902,0.6332531432970843,0.7292640691002898,0.7447757229226796,0.44552252627941374,0.35494724141344614,0.3548592906639519,0.5203542559710809,0.7092272589719937,0.5152470624092854,0.38979700220054125,0.32825626495339183,0.27745196203525596,0.623112209534675,-0.20986540254439118,0.4237964251410577,0.3400916025288517,0.3048775696157141,0.5314953783898292,0.7490127575746718,0.5316235171505973,0.3130898584560567,1.5498857932626362,0.5328216398036902,0.0,3.961808413514685,0.6332531432970843,0.0,2.6565118298945665,0.5780300636289277,0.334560561255453,3.896181883518259,0.45488311386418073,0.4128940253935525,2.660538538245869,0.44552252627941374,0.0,1.7062026669048305,0.35494724141344614,0.0,0.9516872092106478,0.3548592906639519,0.0,0.0,0.5203542559710809,0.0,3.2723953764641815,0.7092272589719937,0.0,2.7672776235990026,0.5152470624092854,0.0,0.5547583561766058,0.38979700220054125,0.0,0.010175728187895305,0.32825626495339183,0.0,0.0,0.44427310201415626,0.09325585226920725,1.4622375148001667,0.6079922001482392,0.03380936880850572,3.3293575655611622,0.42488713413052137,0.7503724846569245,1.4336136574413452,0.4237964251410577,0.0,3.2281035268651213,0.3400916025288517,0.0,1.6985498290455354,0.4504229620234774,0.08136234780891018,-0.0493692664001803,0.46356025267571815,0.15190755915674645,1.7998637834311015,0.5263003970951331,0.3131040510799269,0.7889935331959474,50
synthetic-fleet-01-unit-0003,95,0,540.0,1.35,48.5,530.0,2400.0,8300.0,8.7,0.03159176789888755,400.0,2400.0,102.0,660.0,40.0,24.5,1650.0,1468.1126094459055,15.04163465737447,22.0,560.0,2400.0,9250.0,0.7594153544895171,0.5328216398036902,0.6332531432970843,0.659502876465495,0.0926658630638052,0.44552252627941374,0.35494724141344614,0.3548592906639519,0.5203542559710809,0.7092272589719937,0.5152470624092854,0.38979700220054125,0.32825626495339183,0.4859783870088814,0.623112209534675,0.2079165296898709,0.4237964251410577,0.3400916025288517,0.48680931012541834,0.5314953783898292,0.7490127575746718,0.5316235171505973,0.3130898584560567,2.1576578740280077,0.5328216398036902,0.0,3.961808413514685,0.6332531432970843,0.0,2.6565118298945665,0.5640778251019689,0.3280685319454152,3.826420690883464,0.3244611418924059,0.40126053349051577,2.0084286783869945,0.44552252627941374,0.0,1.7062026669048305,0.35494724141344614,0.0,0.9516872092106478,0.3548592906639519,0.0,0.0,0.5203542559710809,0.0,3.2723953764641815,0.7092272589719937,0.0,2.7672776235990026,0.5152470624092854,0.0,0.5547583561766058,0.38979700220054125,0.0,0.010175728187895305,0.32825626495339183,0.0,0.0,0.4442731020141563,0.09325585226920725,1.6707639397737921,0.623112209534675,0.0,3.3293575655611622,0.3610481211329482,0.7530744929745455,1.8513955896756071,0.4237964251410577,0.0,3.2281035268651213,0.3400916025288517,0.0,1.6985498290455354,0.4504229620234774,0.08136234780891018,0.13256247410952393,0.46356025267571815,0.15190755915674645,1.7998637834311015,0.6577217814868099,0.20413282826476697,0.7889935331959474,49
synthetic-fleet-01-unit-0003,96,0,540.0,1.3359629270878215,48.5,530.0,2400.0,8300.0,8.7,0.032103301105816495,400.0,2400.0,102.0,660.0,40.0,23.95454843515015,1650.0,1446.1947770855097,15.112233919369505,22.0,560.0,2400.0,9250.0,0.7594153544895171,0.5328216398036902,0.6332531432970843,-0.1506178068841518,0.38337640668688044,0.44552252627941374,0.35494724141344614,0.3548592906639519,0.5203542559710809,0.05242867839042972,0.5152470624092854,0.38979700220054125,0.32825626495339183,0.4859783870088814,0.623112209534675,0.7833901698976871,0.4237964251410577,0.3400916025288517,0.48680931012541834,0.5314953783898292,-0.5115193446298563,0.6378609383364428,0.27180393748357334,2.1576578740280077,0.5328216398036902,0.0,3.961808413514685,0.6332531432970843,0.0,2.6565118298945665,0.3893968348558378,0.4369066843186919,3.016300007533817,0.42926571284073434,0.3067026290600544,2.2991392220100697,0.44552252627941374,0.0,1.7062026669048305,0.35494724141344614,0.0,0.9516872092106478,0.3548592906639519,0.0,0.0,0.5203542559710809,0.0,3.2723953764641815,0.5778675428556809,0.29372925474115,2.1104790430174387,0.5152470624092854,0.0,0.5547583561766058,0.38979700220054125,0.0,0.010175728187895305,0.32825626495339183,0.0,0.0,0.44427310201415626,0.09325585226920725,1.6707639397737921,0.623112209534675,0.0,3.3293575655611622,0.3737670433198826,0.7611420686988483,2.4268692298834234,0.4237964251410577,0.0,3.2281035268651213,0.3400916025288517,0.0,1.6985498290455354,0.4504229620234774,0.08136234780891018,0.13256247410952393,0.5314953783898292,0.0,1.7998637834311015,0.4969063371337662,0.5637270936700074,-0.4715385690085806,48
synthetic-fleet-01-unit-0003,97,0,540.0,1.35,48.5,530.0,2400.0,8300.0,8.7,0.03199213122111596,400.0,2400.0,102.0,660.0,40.0,24.5,1650.0,1470.0,15.2,22.0,560.0,2400.0,9250.0,0.7594153544895171,0.5328216398036902,0.6332531432970843,0.7292640691002898,0.7447757229226796,0.44552252627941374,0.35494724141344614,0.3548592906639519,0.5203542559710809,0.7092272589719937,0.5152470624092854,0.38979700220054125,0.32825626495339183,0.4859783870088814,0.623112209534675,0.6583243142239477,0.4237964251410577,0.3400916025288517,0.48680931012541834,0.5314953783898292,0.7490127575746718,0.6378609383364429,0.27180393748357334,2.1576578740280077,0.5328216398036902,0.0,3.961808413514685,0.6332531432970843,0.0,2.6565118298945665,0.5393354553764426,0.3868767077921653,3.896181883518259,0.42926571284073434,0.30670262906005435,2.660538538245869,0.44552252627941374,0.0,1.7062026669048305,0.35494724141344614,0.0,0.9516872092106478,0.3548592906639519,0.0,0.0,0.5203542559710809,0.0,3.2723953764641815,0.5778675428556809,0.29372925474115,2.7672776235990026,0.5152470624092854,0.0,0.5547583561766058,0.38979700220054125,0.0,0.010175728187895305,0.32825626495339183,0.0,0.0,0.4442731020141563,0.09325585226920725,1.6707639397737921,0.623112209534675,0.0,3.3293575655611622,0.2110222521101636,0.5147015753305264,2.301803374209684,0.4237964251410577,0.0,3.2281035268651213,0.3400916025288517,0.0,1.6985498290455354,0.4504229620234774,0.08136234780891018,0.13256247410952393,0.5314953783898292,0.0,1.7998637834311015,0.4969063371337662,0.5637270936700074,0.7889935331959474,47
synthetic-fleet-01-unit-0003,98,0,540.0,1.3196495306102534,48.5,530.0,2400.0,8300.0,8.7,0.03120216565096192,400.0,2400.0,102.0,660.0,40.0,24.388524195101315,1650.0,1470.0,15.081224864958704,22.0,560.0,2400.0,9250.0,0.7594153544895171,0.5328216398036902,0.6332531432970843,0.7292640691002898,0.2556886829025262,0.44552252627941374,0.35494724141344614,0.3548592906639519,0.5203542559710809,-0.7108797205874662,0.5152470624092854,0.38979700220054125,0.32825626495339183,0.4859783870088814,0.623112209534675,-0.23038507186783824,0.4237964251410577,0.3400916025288517,0.48680931012541834,0.5314953783898292,0.4913934935570442,0.6378609383364429,0.27180393748357334,2.1576578740280077,0.5328216398036902,0.0,3.961808413514685,0.6332531432970843,0.0,2.6565118298945665,0.5393354553764426,0.3868767077921653,3.896181883518259,0.4442564796997142,0.29304598192093084,2.1714514982257156,0.44552252627941374,0.0,1.7062026669048305,0.35494724141344614,0.0,0.9516872092106478,0.3548592906639519,0.0,0.0,0.5203542559710809,0.0,3.2723953764641815,0.2938461469437889,0.6295595420010941,1.347170644039543,0.5152470624092854,0.0,0.5547583561766058,0.38979700220054125,0.0,0.010175728187895305,0.32825626495339183,0.0,0.0,0.44427310201415626,0.09325585226920725,1.6707639397737921,0.623112209534675,0.0,3.3293575655611622,0.24187610787985525,0.4730012830368872,1.413093988117898,0.4237964251410577,0.0,3.2281035268651213,0.3400916025288517,0.0,1.6985498290455354,0.4504229620234774,0.08136234780891018,0.13256247410952393,0.5314953783898292,0.0,1.7998637834311015,0.44538248433024064,0.5464320981898646,0.5313742691783199,46
synthetic-fleet-01-unit-0003,99,0,531.3775129241678,1.35,48.5,530.0,2400.0,8300.0,8.7,0.03232755397039636,400.0,2400.0,102.0,660.0,40.0,24.297091165541907,1650.0,1470.0,15.2,22.0,560.0,2400.0,9250.0,-0.22446008691905836,0.5328216398036902,0.6332531432970843,0.7292640691002898,0.7447757229226796,0.44552252627941374,0.35494724141344614,0.3548592906639519,0.5203542559710809,0.7092272589719937,0.5152470624092854,0.38979700220054125,0.32825626495339183,0.4859783870088814,0.623112209534675,1.0356741087676262,0.4237964251410577,0.3400916025288517,0.48680931012541834,0.5314953783898292,0.2800928458209322,0.5626402662078019,0.44000247367643724,1.1737824326194322,0.5328216398036902,0.0,3.961808413514685,0.6332531432970843,0.0,2.6565118298945665,0.5393354553764426,0.3868767077921653,3.896181883518259,0.4442564796997142,0.29304598192093084,2.660538538245869,0.44552252627941374,0.0,1.7062026669048305,0.35494724141344614,0.0,0.9516872092106478,0.3548592906639519,0.0,0.0,0.5203542559710809,0.0,3.2723953764641815,0.2938461469437889,0.6295595420010941,2.7672776235990026,0.5152470624092854,0.0,0.5547583561766058,0.38979700220054125,0.0,0.010175728187895305,0.32825626495339183,0.0,0.0,0.4859783870088814,0.0,1.6707639397737921,0.623112209534675,0.0,3.3293575655611622,0.4909840101422587,0.5026658915580338,2.6791531687533627,0.4237964251410577,0.0,3.2281035268651213,0.3400916025288517,0.0,1.6985498290455354,0.48680931012541834,0.0,0.13256247410952393,0.5314953783898292,0.0,1.7998637834311015,0.35159850197949283,0.5209376874370231,0.32007362144220786,45
synthetic-fleet-01-unit-0003,100,0,540.0,1.35,48.5,530.0,2400.0,8300.0,8.7,0.031132504447899677,400.0,2400.0,102.0,660.0,40.0,24.5,1650.0,1464.9497860271485,15.134769377624238,22.0,560.0,2400.0,9250.0,0.7594153544895171,0.5328216398036902,0.6332531432970843,0.5425994971902931,0.4761719279841051,0.44552252627941374,0.35494724141344614,0.3548592906639519,0.5203542559710809,0.7092272589719937,0.5152470624092854,0.38979700220054125,0.32825626495339183,0.4859783870088814,0.623112209534675,-0.3087537595003754,0.4237964251410577,0.3400916025288517,0.48680931012541834,0.5314953783898292,0.7490127575746718,0.5626402662078019,0.44000247367643724,2.1576578740280077,0.5328216398036902,0.0,3.961808413514685,0.6332531432970843,0.0,2.6565118298945665,0.5159547795214021,0.3812910676205891,3.709517311608262,0.5209576926837742,0.21879844826155298,2.3919347433072944,0.44552252627941374,0.0,1.7062026669048305,0.35494724141344614,0.0,0.9516872092106478,0.3548592906639519,0.0,0.0,0.5203542559710809,0.0,3.2723953764641815,0.2938461469437889,0.6295595420010941,2.7672776235990026,0.5152470624092854,0.0,0.5547583561766058,0.38979700220054125,0.0,0.010175728187895305,0.32825626495339183,0.0,0.0,0.4859783870088814,0.0,1.6707639397737921,0.623112209534675,0.0,3.3293575655611622,0.3876499523042094,0.6157831717212353,1.3347253004853608,0.4237964251410577,0.0,3.2281035268651213,0.3400916025288517,0.0,1.6985498290455354,0.48680931012541834,0.0,0.13256247410952393,0.5314953783898292,0.0,1.7998637834311015,0.3515985019794928,0.5209376874370231,0.7889935331959474,44
synthetic-fleet-01-unit-0003,101,0,527.3488731939694,1.3479120146065333,48.5,530.0,2400.0,8300.0,8.7,0.0317610219428856,400.0,2400.0,102.0,660.0,40.0,23.653137390287668,1650.0,1470.0,15.2,22.0,560.0,2400.0,9250.0,-0.6841510853474355,0.5328216398036902,0.6332531432970843,0.7292640691002898,0.7447757229226796,0.44552252627941374,0.35494724141344614,0.3548592906639519,0.5203542559710809,0.6115298364905447,0.5152470624092854,0.38979700220054125,0.32825626495339183,0.4859783870088814,0.623112209534675,0.39832692631732614,0.4237964251410577,0.3400916025288517,0.48680931012541834,0.5314953783898292,-1.2080766972753814,0.27392697824041146,0.6843610401435576,0.7140914341910549,0.5328216398036902,0.0,3.961808413514685,0.6332531432970843,0.0,2.6565118298945665,0.6919311547182906,0.08347893435633019,3.896181883518259,0.5932375559309341,0.22166136960179675,2.660538538245869,0.44552252627941374,0.0,1.7062026669048305,0.35494724141344614,0.0,0.9516872092106478,0.3548592906639519,0.0,0.0,0.5203542559710809,0.0,3.2723953764641815,0.40566637856381194,0.625600227617857,2.669580201117554,0.5152470624092854,0.0,0.5547583561766058,0.38979700220054125,0.0,0.010175728187895305,0.32825626495339183,0.0,0.0,0.4859783870088814,0.0,1.6707639397737921,0.623112209534675,0.0,3.3293575655611622,0.3106373035881373,0.5767591776344082,2.0418059863030624,0.4237964251410577,0.0,3.2281035268651213,0.3400916025288517,0.0,1.6985498290455354,0.48680931012541834,0.0,0.13256247410952393,0.5314953783898292,0.0,1.7998637834311015,0.21228703145038774,0.8179364550041766,-1.1680959216541058,43
synthetic-fleet-01-unit-0003,102,0,540.0,1.35,48.5,530.0,2400.0,8300.0,8.7,0.03181973581165761,400.0,2400.0,102.0,660.0,40.0,24.5,1650.0,1470.0,15.2,22.0,560.0,2400.0,9250.0,0.7594153544895171,0.5328216398036902,0.6332531432970843,0.7292640691002898,0.7447757229226796,0.44552252627941374,0.35494724141344614,0.3548592906639519,0.5203542559710809,0.7092272589719937,0.5152470624092854,0.38979700220054125,0.32825626495339183,0.4859783870088814,0.623112209534675,0.4643798889309624,0.4237964251410577,0.3400916025288517,0.48680931012541834,0.5314953783898292,0.7490127575746718,0.27392697824041146,0.6843610401435576,2.1576578740280077,0.5328216398036902,0.0,3.961808413514685,0.6332531432970843,0.0,2.6565118298945665,0.6919311547182906,0.08347893435633019,3.896181883518259,0.5932375559309341,0.22166136960179675,2.660538538245869,0.44552252627941374,0.0,1.7062026669048305,0.35494724141344614,0.0,0.9516872092106478,0.3548592906639519,0.0,0.0,0.5203542559710809,0.0,3.2723953764641815,0.40566637856381194,0.625600227617857,2.7672776235990026,0.5152470624092854,0.0,0.5547583561766058,0.38979700220054125,0.0,0.010175728187895305,0.32825626495339183,0.0,0.0,0.4859783870088814,0.0,1.6707639397737921,0.623112209534675,0.0,3.3293575655611622,0.2718484185295402,0.5535865409095176,2.107858948916699,0.4237964251410577,0.0,3.2281035268651213,0.3400916025288517,0.0,1.6985498290455354,0.48680931012541834,0.0,0.13256247410952393,0.5314953783898292,0.0,1.7998637834311015,0.2122870314503878,0.8179364550041766,0.7889935331959474,42
synthetic-fleet-01-unit-0003,103,0,539.8165032489771,1.35,48.5,530.0,2400.0,8300.0,8.7,0.03182740776964588,400.0,2400.0,102.0,660.0,40.0,24.5,1650.0,1470.0,15.2,22.0,560.0,2400.0,9250.0,0.7384773182452321,0.5328216398036902,0.6332531432970843,0.7292640691002898,0.7447757229226796,0.44552252627941374,0.35494724141344614,0.3548592906639519,0.5203542559710809,0.7092272589719937,0.5152470624092854,0.38979700220054125,0.32825626495339183,0.4859783870088814,0.623112209534675,0.4730108234064285,0.4237964251410577,0.3400916025288517,0.48680931012541834,0.5314953783898292,0.7490127575746718,0.26973937099155443,0.6807019369222361,2.1367198377837227,0.5328216398036902,0.0,3.961808413514685,0.6332531432970843,0.0,2.6565118298945665,0.6919311547182906,0.08347893435633019,3.896181883518259,0.6910549639349647,0.12012326889940171,2.660538538245869,0.44552252627941374,0.0,1.7062026669048305,0.35494724141344614,0.0,0.9516872092106478,0.3548592906639519,0.0,0.0,0.5203542559710809,0.0,3.2723953764641815,0.6896877744757038,0.043691615579006804,2.7672776235990026,0.5152470624092854,0.0,0.5547583561766058,0.38979700220054125,0.0,0.010175728187895305,0.32825626495339183,0.0,0.0,0.4859783870088814,0.0,1.6707639397737921,0.623112209534675,0.0,3.3293575655611622,0.41252759758439356,0.4783061023722262,2.116489883392165,0.4237964251410577,0.0,3.2281035268651213,0.3400916025288517,0.0,1.6985498290455354,0.48680931012541834,0.0,0.13256247410952393,0.5314953783898292,0.0,1.7998637834311015,0.26381088425391325,0.8474934702631263,0.7889935331959474,41
synthetic-fleet-01-unit-0003,104,0,540.0,1.339978387938603,48.5,530.0,2400.0,8300.0,8.7,0.031822616349036596,400.0,2400.0,102.0,660.0,40.0,24.5,1650.0,1470.0,15.2,22.0,560.0,2400.0,9250.0,0.7594153544895171,0.5328216398036902,0.6332531432970843,0.7292640691002898,0.7447757229226796,0.44552252627941374,0.35494724141344614,0.3548592906639519,0.5203542559710809,0.2403132183991878,0.5152470624092854,0.38979700220054125,0.32825626495339183,0.4859783870088814,0.623112209534675,0.4676204866258636,0.4237964251410577,0.3400916025288517,0.48680931012541834,0.5314953783898292,0.7490127575746718,0.46651445927326957,0.6433054864317779,2.1576578740280077,0.5328216398036902,0.0,3.961808413514685,0.6332531432970843,0.0,2.6565118298945665,0.6919311547182906,0.08347893435633019,3.896181883518259,0.6910549639349647,0.12012326889940171,2.660538538245869,0.44552252627941374,0.0,1.7062026669048305,0.35494724141344614,0.0,0.9516872092106478,0.3548592906639519,0.0,0.0,0.5203542559710809,0.0,3.2723953764641815,0.5959049663611428,0.20323351949969828,2.298363583026197,0.5152470624092854,0.0,0.5547583561766058,0.38979700220054125,0.0,0.010175728187895305,0.32825626495339183,0.0,0.0,0.4859783870088814,0.0,1.6707639397737921,0.623112209534675,0.0,3.3293575655611622,0.29891687315604104,0.3410621566384447,2.1110995466116,0.4237964251410577,0.0,3.2281035268651213,0.3400916025288517,0.0,1.6985498290455354,0.48680931012541834,0.0,0.13256247410952393,0.5314953783898292,0.0,1.7998637834311015,0.3575948666046612,0.8752370118185449,0.7889935331959474,40
synthetic-fleet-01-unit-0003,105,0,540.0,1.35,48.5,530.0,2400.0,8300.0,8.7,0.031427124503387,400.0,2400.0,102.0,660.0,40.0,24.5,1650.0,1470.0,15.2,22.0,560.0,2400.0,9250.0,0.7594153544895171,0.5328216398036902,0.6332531432970843,0.7292640691002898,0.7447757229226796,0.44552252627941374,0.35494724141344614,0.3548592906639519,0.5203542559710809,0.7092272589719937,0.5152470624092854,0.38979700220054125,0.32825626495339183,0.4859783870088814,0.623112209534675,0.022693101647522713,0.4237964251410577,0.3400916025288517,0.48680931012541834,0.5314953783898292,0.7490127575746718,0.46651445927326957,0.6433054864317779,2.1576578740280077,0.5328216398036902,0.0,3.961808413514685,0.6332531432970843,0.0,2.6565118298945665,0.7292640691002898,0.0,3.896181883518259,0.7447757229226796,0.0,2.660538538245869,0.44552252627941374,0.0,1.7062026669048305,0.35494724141344614,0.0,0.9516872092106478,0.3548592906639519,0.0,0.0,0.5203542559710809,0.0,3.2723953764641815,0.5959049663611428,0.20323351949969828,2.7672776235990026,0.5152470624092854,0.0,0.5547583561766058,0.38979700220054125,0.0,0.010175728187895305,0.32825626495339183,0.0,0.0,0.4859783870088814,0.0,1.6707639397737921,0.623112209534675,0.0,3.3293575655611622,0.3652062453856207,0.19388021338177458,1.666172161633259,0.4237964251410577,0.0,3.2281035268651213,0.3400916025288517,0.0,1.6985498290455354,0.48680931012541834,0.0,0.13256247410952393,0.5314953783898292,0.0,1.7998637834311015,0.3575948666046612,0.8752370118185449,0.7889935331959474,39
synthetic-fleet-01-unit-0003,106,0,540.0,1.35,48.5,530.0,2400.0,8300.0,8.7,0.03254491639539233,400.0,2400.0,102.0,660.0,40.0,24.5,1650.0,1470.0,15.2,22.0,560.0,2400.0,9250.0,0.7594153544895171,0.5328216398036902,0.6332531432970843,0.7292640691002898,0.7447757229226796,0.44552252627941374,0.35494724141344614,0.3548592906639519,0.5203542559710809,0.7092272589719937,0.5152470624092854,0.38979700220054125,0.32825626495339183,0.4859783870088814,0.623112209534675,1.2802063195067865,0.4237964251410577,0.3400916025288517,0.48680931012541834,0.5314953783898292,0.7490127575746718,0.75522774724066,0.009363774471510943,2.1576578740280077,0.5328216398036902,0.0,3.961808413514685,0.6332531432970843,0.0,2.6565118298945665,0.7292640691002898,0.0,3.896181883518259,0.7447757229226796,0.0,2.660538538245869,0.44552252627941374,0.0,1.7062026669048305,0.35494724141344614,0.0,0.9516872092106478,0.3548592906639519,0.0,0.0,0.5203542559710809,0.0,3.2723953764641815,0.6154444508574326,0.20970473406497758,2.7672776235990026,0.5152470624092854,0.0,0.5547583561766058,0.38979700220054125,0.0,0.010175728187895305,0.32825626495339183,0.0,0.0,0.4859783870088814,0.0,1.6707639397737921,0.623112209534675,0.0,3.3293575655611622,0.5415821240235127,0.4557806632234869,2.9236853794925226,0.4237964251410577,0.0,3.2281035268651213,0.3400916025288517,0.0,1.6985498290455354,0.48680931012541834,0.0,0.13256247410952393,0.5314953783898292,0.0,1.7998637834311015,0.7490127575746718,0.0,0.7889935331959474,38
synthetic-fleet-01-unit-0003,107,0,540.0,1.35,48.5,530.0,2400.0,8300.0,8.7,0.03201848069524629,400.0,2400.0,102.0,660.0,40.0,24.400103893274906,1650.0,1470.0,15.2,22.0,560.0,2400.0,9250.0,0.7594153544895171,0.5328216398036902,0.6332531432970843,0.7292640691002898,0.7447757229226796,0.44552252627941374,0.35494724141344614,0.3548592906639519,0.5203542559710809,0.7092272589719937,0.5152470624092854,0.38979700220054125,0.32825626495339183,0.4859783870088814,0.623112209534675,0.6879674099017055,0.4237964251410577,0.3400916025288517,0.48680931012541834,0.5314953783898292,0.5181540388048499,0.7552277472406601,0.009363774471510943,2.1576578740280077,0.5328216398036902,0.0,3.961808413514685,0.6332531432970843,0.0,2.6565118298945665,0.7292640691002898,0.0,3.896181883518259,0.7447757229226796,0.0,2.660538538245869,0.44552252627941374,0.0,1.7062026669048305,0.35494724141344614,0.0,0.9516872092106478,0.3548592906639519,0.0,0.0,0.5203542559710809,0.0,3.2723953764641815,0.6154444508574325,0.20970473406497758,2.7672776235990026,0.5152470624092854,0.0,0.5547583561766058,0.38979700220054125,0.0,0.010175728187895305,0.32825626495339183,0.0,0.0,0.4859783870088814,0.0,1.6707639397737921,0.623112209534675,0.0,3.3293575655611622,0.5862996282176614,0.45727842798052276,2.3314464698874415,0.4237964251410577,0.0,3.2281035268651213,0.3400916025288517,0.0,1.6985498290455354,0.48680931012541834,0.0,0.13256247410952393,0.5314953783898292,0.0,1.7998637834311015,0.7028410138207074,0.10324315767356568,0.5581348144261256,37
synthetic-fleet-01-unit-0003,108,0,538.1107577859545,1.3497125452022884,48.5,530.0,2400.0,8300.0,8.7,0.031866636687503974,400.0,2400.0,102.0,660.0,40.0,24.48613507017494,1650.0,1470.0,15.2,22.0,560.0,2400.0,9250.0,0.5438419357155272,0.5328216398036902,0.6332531432970843,0.7292640691002898,0.7447757229226796,0.44552252627941374,0.35494724141344614,0.3548592906639519,0.5203542559710809,0.6957771683227841,0.5152470624092854,0.38979700220054125,0.32825626495339183,0.4859783870088814,0.623112209534675,0.5171432626213638,0.4237964251410577,0.3400916025288517,0.48680931012541834,0.5314953783898292,0.71697106906267,0.716300670734719,0.09640736370413418,1.9420844552540175,0.5328216398036902,0.0,3.961808413514685,0.6332531432970843,0.0,2.6565118298945665,0.7292640691002898,0.0,3.896181883518259,0.7447757229226796,0.0,2.660538538245869,0.44552252627941374,0.0,1.7062026669048305,0.35494724141344614,0.0,0.9516872092106478,0.3548592906639519,0.0,0.0,0.5203542559710809,0.0,3.2723953764641815,0.6127544327275907,0.20828241126345312,2.7538275329497934,0.5152470624092854,0.0,0.5547583561766058,0.38979700220054125,0.0,0.010175728187895305,0.32825626495339183,0.0,0.0,0.4859783870088814,0.0,1.6707639397737921,0.623112209534675,0.0,3.3293575655611622,0.5951261160606484,0.4549650970003281,2.1606223226071,0.4237964251410577,0.0,3.2281035268651213,0.3400916025288517,0.0,1.6985498290455354,0.48680931012541834,0.0,0.13256247410952393,0.5314953783898292,0.0,1.7998637834311015,0.6964326761183072,0.10062193225752787,0.7569518446839457,36
synthetic-fleet-01-unit-0003,109,0,540.0,1.35,48.5,530.0,2400.0,8300.0,8.7,0.03193378459861326,400.0,2400.0,102.0,660.0,40.0,24.5,1650.0,1470.0,15.2,22.0,560.0,2400.0,9250.0,0.7594153544895171,0.5328216398036902,0.6332531432970843,0.7292640691002898,0.7447757229226796,0.44552252627941374,0.35494724141344614,0.3548592906639519,0.5203542559710809,0.7092272589719937,0.5152470624092854,0.38979700220054125,0.32825626495339183,0.4859783870088814,0.623112209534675,0.5926845027891416,0.4237964251410577,0.3400916025288517,0.48680931012541834,0.5314953783898292,0.7490127575746718,0.7163006707347191,0.09640736370413418,2.1576578740280077,0.5328216398036902,0.0,3.961808413514685,0.6332531432970843,0.0,2.6565118298945665,0.7292640691002898,0.0,3.896181883518259,0.7447757229226796,0.0,2.660538538245869,0.44552252627941374,0.0,1.7062026669048305,0.35494724141344614,0.0,0.9516872092106478,0.3548592906639519,0.0,0.0,0.5203542559710809,0.0,3.2723953764641815,0.7065372408421517,0.0060150633990301095,2.7672776235990026,0.5152470624092854,0.0,0.5547583561766058,0.38979700220054125,0.0,0.010175728187895305,0.32825626495339183,0.0,0.0,0.4859783870088814,0.0,1.6707639397737921,0.623112209534675,0.0,3.3293575655611622,0.620138919293304,0.44960900576614926,2.2361635627748777,0.4237964251410577,0.0,3.2281035268651213,0.3400916025288517,0.0,1.6985498290455354,0.48680931012541834,0.0,0.13256247410952393,0.5314953783898292,0.0,1.7998637834311015,0.6964326761183072,0.10062193225752787,0.7889935331959474,35
synthetic-fleet-01-unit-0003,110,0,540.0,1.35,48.5,530.0,2400.0,8300.0,8.7,0.031706230470466334,400.0,2400.0,102.0,660.0,40.0,24.361139991034424,1650.0,1470.0,15.2,22.0,560.0,2400.0,9250.0,0.7594153544895171,0.5328216398036902,0.6332531432970843,0.7292640691002898,0.7447757229226796,0.44552252627941374,0.35494724141344614,0.3548592906639519,0.5203542559710809,0.7092272589719937,0.5152470624092854,0.38979700220054125,0.32825626495339183,0.4859783870088814,0.623112209534675,0.33668665026415784,0.4237964251410577,0.3400916025288517,0.48680931012541834,0.5314953783898292,0.42810892248951377,0.716300670734719,0.09640736370413418,2.1576578740280077,0.5328216398036902,0.0,3.961808413514685,0.6332531432970843,0.0,2.6565118298945665,0.7292640691002898,0.0,3.896181883518259,0.7447757229226796,0.0,2.660538538245869,0.44552252627941374,0.0,1.7062026669048305,0.35494724141344614,0.0,0.9516872092106478,0.3548592906639519,0.0,0.0,0.5203542559710809,0.0,3.2723953764641815,0.7065372408421517,0.0060150633990301095,2.7672776235990026,0.5152470624092854,0.0,0.5547583561766058,0.38979700220054125,0.0,0.010175728187895305,0.32825626495339183,0.0,0.0,0.4859783870088814,0.0,1.6707639397737921,0.623112209534675,0.0,3.3293575655611622,0.682937629016631,0.3578681064110291,1.9801657102498942,0.4237964251410577,0.0,3.2281035268651213,0.3400916025288517,0.0,1.6985498290455354,0.48680931012541834,0.0,0.13256247410952393,0.5314953783898292,0.0,1.7998637834311015,0.6322519091012755,0.14927843994191617,0.4680896981107894,34
synthetic-fleet-01-unit-0003,111,0,540.0,1.35,48.5,530.0,2400.0,8300.0,8.7,0.03171912197971293,400.0,2400.0,102.0,660.0,40.0,24.5,1650.0,1470.0,15.2,22.0,560.0,2400.0,9250.0,0.7594153544895171,0.5328216398036902,0.6332531432970843,0.7292640691002898,0.7447757229226796,0.44552252627941374,0.35494724141344614,0.3548592906639519,0.5203542559710809,0.7092272589719937,0.5152470624092854,0.38979700220054125,0.32825626495339183,0.4859783870088814,0.623112209534675,0.3511895674813044,0.4237964251410577,0.3400916025288517,0.48680931012541834,0.5314953783898292,0.7490127575746718,0.716300670734719,0.09640736370413418,2.1576578740280077,0.5328216398036902,0.0,3.961808413514685,0.6332531432970843,0.0,2.6565118298945665,0.7292640691002898,0.0,3.896181883518259,0.7447757229226796,0.0,2.660538538245869,0.44552252627941374,0.0,1.7062026669048305,0.35494724141344614,0.0,0.9516872092106478,0.3548592906639519,0.0,0.0,0.5203542559710809,0.0,3.2723953764641815,0.7065372408421517,0.0060150633990301095,2.7672776235990026,0.5152470624092854,0.0,0.5547583561766058,0.38979700220054125,0.0,0.010175728187895305,0.32825626495339183,0.0,0.0,0.4859783870088814,0.0,1.6707639397737921,0.623112209534675,0.0,3.3293575655611622,0.4971342786115346,0.1524719555596124,1.9946686274670407,0.4237964251410577,0.0,3.2281035268651213,0.3400916025288517,0.0,1.6985498290455354,0.48680931012541834,0.0,0.13256247410952393,0.5314953783898292,0.0,1.7998637834311015,0.6322519091012755,0.14927843994191617,0.7889935331959474,33
synthetic-fleet-01-unit-0003,112,0,539.3129881991505,1.35,48.5,530.0,2400.0,8300.0,8.7,0.03244355828645061,400.0,2400.0,102.0,660.0,40.0,24.5,1650.0,1464.8289690767274,15.2,22.0,560.0,2400.0,9250.0,0.6810233507823403,0.5328216398036902,0.6332531432970843,0.5381338954452836,0.7447757229226796,0.44552252627941374,0.35494724141344614,0.3548592906639519,0.5203542559710809,0.7092272589719937,0.5152470624092854,0.38979700220054125,0.32825626495339183,0.4859783870088814,0.623112209534675,1.1661786882070386,0.4237964251410577,0.3400916025288517,0.48680931012541834,0.5314953783898292,0.7490127575746718,0.7006222699932837,0.09398679588674395,2.079265870320831,0.5328216398036902,0.0,3.961808413514685,0.6332531432970843,0.0,2.6565118298945665,0.6910380343692887,0.0854760121687867,3.7050517098632523,0.7447757229226796,0.0,2.660538538245869,0.44552252627941374,0.0,1.7062026669048305,0.35494724141344614,0.0,0.9516872092106478,0.3548592906639519,0.0,0.0,0.5203542559710809,0.0,3.2723953764641815,0.7065372408421517,0.0060150633990301095,2.7672776235990026,0.5152470624092854,0.0,0.5547583561766058,0.38979700220054125,0.0,0.010175728187895305,0.32825626495339183,0.0,0.0,0.4859783870088814,0.0,1.6707639397737921,0.623112209534675,0.0,3.3293575655611622,0.5927765342726012,0.3385471612648636,2.809657748192775,0.4237964251410577,0.0,3.2281035268651213,0.3400916025288517,0.0,1.6985498290455354,0.48680931012541834,0.0,0.13256247410952393,0.5314953783898292,0.0,1.7998637834311015,0.6784236528552399,0.14061635097812042,0.7889935331959474,32
synthetic-fleet-01-unit-0003,113,0,540.0,1.35,48.5,530.0,2400.0,8300.0,8.7,0.03297930779198478,400.0,2400.0,102.0,660.0,40.0,24.5,1650.0,1470.0,15.2,22.0,560.0,2400.0,9250.0,0.7594153544895171,0.5328216398036902,0.6332531432970843,0.7292640691002898,0.7447757229226796,0.44552252627941374,0.35494724141344614,0.3548592906639519,0.5203542559710809,0.7092272589719937,0.5152470624092854,0.38979700220054125,0.32825626495339183,0.4859783870088814,0.623112209534675,1.7688956067043984,0.4237964251410577,0.3400916025288517,0.48680931012541834,0.5314953783898292,0.7490127575746718,0.7437369537480818,0.03505796983633267,2.1576578740280077,0.5328216398036902,0.0,3.961808413514685,0.6332531432970843,0.0,2.6565118298945665,0.6910380343692886,0.0854760121687867,3.896181883518259,0.7447757229226796,0.0,2.660538538245869,0.44552252627941374,0.0,1.7062026669048305,0.35494724141344614,0.0,0.9516872092106478,0.3548592906639519,0.0,0.0,0.5203542559710809,0.0,3.2723953764641815,0.7092272589719937,0.0,2.7672776235990026,0.5152470624092854,0.0,0.5547583561766058,0.38979700220054125,0.0,0.010175728187895305,0.32825626495339183,0.0,0.0,0.4859783870088814,0.0,1.6707639397737921,0.623112209534675,0.0,3.3293575655611622,0.8431270030892083,0.616971558537279,3.412374666690135,0.4237964251410577,0.0,3.2281035268651213,0.3400916025288517,0.0,1.6985498290455354,0.48680931012541834,0.0,0.13256247410952393,0.5314953783898292,0.0,1.7998637834311015,0.6848319905576402,0.14351255789815906,0.7889935331959474,31
synthetic-fleet-01-unit-0003,114,0,540.0,1.35,48.5,530.0,2400.0,8300.0,8.7,0.03239580750506856,400.0,2400.0,102.0,660.0,40.0,24.5,1650.0,1470.0,15.2,22.0,560.0,2400.0,9250.0,0.7594153544895171,0.5328216398036902,0.6332531432970843,0.7292640691002898,0.7447757229226796,0.44552252627941374,0.35494724141344614,0.3548592906639519,0.5203542559710809,0.7092272589719937,0.5152470624092854,0.38979700220054125,0.32825626495339183,0.4859783870088814,0.623112209534675,1.1124591728119961,0.4237964251410577,0.3400916025288517,0.48680931012541834,0.5314953783898292,0.7490127575746718,0.7437369537480818,0.03505796983633267,2.1576578740280077,0.5328216398036902,0.0,3.961808413514685,0.6332531432970843,0.0,2.6565118298945665,0.6910380343692887,0.0854760121687867,3.896181883518259,0.7447757229226796,0.0,2.660538538245869,0.44552252627941374,0.0,1.7062026669048305,0.35494724141344614,0.0,0.9516872092106478,0.3548592906639519,0.0,0.0,0.5203542559710809,0.0,3.2723953764641815,0.7092272589719937,0.0,2.7672776235990026,0.5152470624092854,0.0,0.5547583561766058,0.38979700220054125,0.0,0.010175728187895305,0.32825626495339183,0.0,0.0,0.4859783870088814,0.0,1.6707639397737921,0.623112209534675,0.0,3.3293575655611622,0.9470819370937791,0.6079475401601767,2.7559382327977326,0.4237964251410577,0.0,3.2281035268651213,0.3400916025288517,0.0,1.6985498290455354,0.48680931012541834,0.0,0.13256247410952393,0.5314953783898292,0.0,1.7998637834311015,0.6848319905576402,0.14351255789815906,0.7889935331959474,30
synthetic-fleet-01-unit-0003,115,0,540.0,1.35,48.5,530.0,2400.0,8300.0,8.7,0.03219800157012916,400.0,2400.0,102.0,660.0,40.0,24.5,1650.0,1470.0,15.2,22.0,560.0,2400.0,9250.0,0.7594153544895171,0.5328216398036902,0.6332531432970843,0.7292640691002898,0.7447757229226796,0.44552252627941374,0.35494724141344614,0.3548592906639519,0.5203542559710809,0.7092272589719937,0.5152470624092854,0.38979700220054125,0.32825626495339183,0.4859783870088814,0.623112209534675,0.889927966836745,0.4237964251410577,0.3400916025288517,0.48680931012541834,0.5314953783898292,0.7490127575746718,0.7437369537480818,0.03505796983633267,2.1576578740280077,0.5328216398036902,0.0,3.961808413514685,0.6332531432970843,0.0,2.6565118298945665,0.6910380343692886,0.0854760121687867,3.896181883518259,0.7447757229226796,0.0,2.660538538245869,0.44552252627941374,0.0,1.7062026669048305,0.35494724141344614,0.0,0.9516872092106478,0.3548592906639519,0.0,0.0,0.5203542559710809,0.0,3.2723953764641815,0.7092272589719937,0.0,2.7672776235990026,0.5152470624092854,0.0,0.5547583561766058,0.38979700220054125,0.0,0.010175728187895305,0.32825626495339183,0.0,0.0,0.4859783870088814,0.0,1.6707639397737921,0.623112209534675,0.0,3.3293575655611622,1.0577302004082965,0.5118275651054197,2.5334070268224815,0.4237964251410577,0.0,3.2281035268651213,0.3400916025288517,0.0,1.6985498290455354,0.48680931012541834,0.0,0.13256247410952393,0.5314953783898292,0.0,1.7998637834311015,0.7490127575746718,0.0,0.7889935331959474,29
synthetic-fleet-01-unit-0003,116,0,540.0,1.35,48.5,530.0,2400.0,8300.0,8.7,0.03225323223578095,400.0,2400.0,102.0,660.0,40.0,24.5,1650.0,1470.0,15.2,22.0,560.0,2400.0,9250.0,0.7594153544895171,0.5328216398036902,0.6332531432970843,0.7292640691002898,0.7447757229226796,0.44552252627941374,0.35494724141344614,0.3548592906639519,0.5203542559710809,0.7092272589719937,0.5152470624092854,0.38979700220054125,0.32825626495339183,0.4859783870088814,0.623112209534675,0.9520623342310978,0.4237964251410577,0.3400916025288517,0.48680931012541834,0.5314953783898292,0.7490127575746718,0.7437369537480817,0.03505796983633267,2.1576578740280077,0.5328216398036902,0.0,3.961808413514685,0.6332531432970843,0.0,2.6565118298945665,0.6910380343692887,0.0854760121687867,3.896181883518259,0.7447757229226796,0.0,2.660538538245869,0.44552252627941374,0.0,1.7062026669048305,0.35494724141344614,0.0,0.9516872092106478,0.3548592906639519,0.0,0.0,0.5203542559710809,0.0,3.2723953764641815,0.7092272589719937,0.0,2.7672776235990026,0.5152470624092854,0.0,0.5547583561766058,0.38979700220054125,0.0,0.010175728187895305,0.32825626495339183,0.0,0.0,0.4859783870088814,0.0,1.6707639397737921,0.623112209534675,0.0,3.3293575655611622,1.1779047537582552,0.34915119977175635,2.595541394216834,0.4237964251410577,0.0,3.2281035268651213,0.3400916025288517,0.0,1.6985498290455354,0.48680931012541834,0.0,0.13256247410952393,0.5314953783898292,0.0,1.7998637834311015,0.7490127575746718,0.0,0.7889935331959474,28
synthetic-fleet-01-unit-0003,117,0,540.0,1.35,48.5,530.0,2400.0,8300.0,8.689811993676608,0.032031048281599014,400.0,2400.0,102.0,660.0,40.0,24.5,1650.0,1470.0,15.2,22.0,560.0,2400.0,9250.0,0.7594153544895171,0.5328216398036902,0.6332531432970843,0.7292640691002898,0.7447757229226796,0.44552252627941374,0.35494724141344614,0.3548592906639519,0.5203542559710809,0.7092272589719937,0.5152470624092854,0.38979700220054125,0.32825626495339183,0.4859783870088814,0.531323852538265,0.7021059146342657,0.4237964251410577,0.3400916025288517,0.48680931012541834,0.5314953783898292,0.7490127575746718,0.7594153544895171,0.0,2.1576578740280077,0.5328216398036902,0.0,3.961808413514685,0.6332531432970843,0.0,2.6565118298945665,0.7292640691002898,0.0,3.896181883518259,0.7447757229226796,0.0,2.660538538245869,0.44552252627941374,0.0,1.7062026669048305,0.35494724141344614,0.0,0.9516872092106478,0.3548592906639519,0.0,0.0,0.5203542559710809,0.0,3.2723953764641815,0.7092272589719937,0.0,2.7672776235990026,0.5152470624092854,0.0,0.5547583561766058,0.38979700220054125,0.0,0.010175728187895305,0.32825626495339183,0.0,0.0,0.4859783870088814,0.0,1.6707639397737921,0.6047545381353931,0.04104900115739828,3.2375692085647523,1.0850901990437005,0.40951207798804523,2.345584974620002,0.4237964251410577,0.0,3.2281035268651213,0.3400916025288517,0.0,1.6985498290455354,0.48680931012541834,0.0,0.13256247410952393,0.5314953783898292,0.0,1.7998637834311015,0.7490127575746718,0.0,0.7889935331959474,27
synthetic-fleet-01-unit-0003,118,0,540.0,1.35,48.5,530.0,2400.0,8300.0,8.7,0.03294547660826045,400.0,2400.0,102.0,660.0,40.0,24.5,1650.0,1470.0,15.2,22.0,560.0,2400.0,9250.0,0.7594153544895171,0.5328216398036902,0.6332531432970843,0.7292640691002898,0.7447757229226796,0.44552252627941374,0.35494724141344614,0.3548592906639519,0.5203542559710809,0.7092272589719937,0.5152470624092854,0.38979700220054125,0.32825626495339183,0.4859783870088814,0.623112209534675,1.7308356055418828,0.4237964251410577,0.3400916025288517,0.48680931012541834,0.5314953783898292,0.7490127575746718,0.7594153544895171,0.0,2.1576578740280077,0.5328216398036902,0.0,3.961808413514685,0.6332531432970843,0.0,2.6565118298945665,0.7292640691002898,0.0,3.896181883518259,0.7447757229226796,0.0,2.660538538245869,0.44552252627941374,0.0,1.7062026669048305,0.35494724141344614,0.0,0.9516872092106478,0.3548592906639519,0.0,0.0,0.5203542559710809,0.0,3.2723953764641815,0.7092272589719937,0.0,2.7672776235990026,0.5152470624092854,0.0,0.5547583561766058,0.38979700220054125,0.0,0.010175728187895305,0.32825626495339183,0.0,0.0,0.4859783870088814,0.0,1.6707639397737921,0.6047545381353931,0.04104900115739828,3.3293575655611622,1.0774781988111974,0.3936712301534552,3.374314665527619,0.4237964251410577,0.0,3.2281035268651213,0.3400916025288517,0.0,1.6985498290455354,0.48680931012541834,0.0,0.13256247410952393,0.5314953783898292,0.0,1.7998637834311015,0.7490127575746718,0.0,0.7889935331959474,26
synthetic-fleet-01-unit-0003,119,0,540.0,1.35,48.5,530.0,2400.0,8300.0,8.7,0.03327010173115023,400.0,2400.0,102.0,660.0,40.0,24.5,1650.0,1470.0,15.2,22.0,560.0,2400.0,9250.0,0.7594153544895171,0.5328216398036902,0.6332531432970843,0.7292640691002898,0.7447757229226796,0.44552252627941374,0.35494724141344614,0.3548592906639519,0.5203542559710809,0.7092272589719937,0.5152470624092854,0.38979700220054125,0.32825626495339183,0.4859783870088814,0.623112209534675,2.0960380960973746,0.4237964251410577,0.3400916025288517,0.48680931012541834,0.5314953783898292,0.7490127575746718,0.7594153544895171,0.0,2.1576578740280077,0.5328216398036902,0.0,3.961808413514685,0.6332531432970843,0.0,2.6565118298945665,0.7292640691002898,0.0,3.896181883518259,0.7447757229226796,0.0,2.660538538245869,0.44552252627941374,0.0,1.7062026669048305,0.35494724141344614,0.0,0.9516872092106478,0.3548592906639519,0.0,0.0,0.5203542559710809,0.0,3.2723953764641815,0.7092272589719937,0.0,2.7672776235990026,0.5152470624092854,0.0,0.5547583561766058,0.38979700220054125,0.0,0.010175728187895305,0.32825626495339183,0.0,0.0,0.4859783870088814,0.0,1.6707639397737921,0.6047545381353931,0.04104900115739828,3.3293575655611622,1.2741939834682732,0.6047030771282456,3.739517156083111,0.4237964251410577,0.0,3.2281035268651213,0.3400916025288517,0.0,1.6985498290455354,0.48680931012541834,0.0,0.13256247410952393,0.5314953783898292,0.0,1.7998637834311015,0.7490127575746718,0.0,0.7889935331959474,25
synthetic-fleet-01-unit-0003,120,0,540.0,1.35,48.5,530.0,2400.0,8300.0,8.7,0.03186417488350749,400.0,2400.0,102.0,660.0,40.0,24.5,1650.0,1470.0,15.2,22.0,560.0,2400.0,9250.0,0.7594153544895171,0.5328216398036902,0.6332531432970843,0.7292640691002898,0.7447757229226796,0.44552252627941374,0.35494724141344614,0.3548592906639519,0.5203542559710809,0.7092272589719937,0.5152470624092854,0.38979700220054125,0.32825626495339183,0.4859783870088814,0.623112209534675,0.5143737389850794,0.4237964251410577,0.3400916025288517,0.48680931012541834,0.5314953783898292,0.7490127575746718,0.7594153544895171,0.0,2.1576578740280077,0.5328216398036902,0.0,3.961808413514685,0.6332531432970843,0.0,2.6565118298945665,0.7292640691002898,0.0,3.896181883518259,0.7447757229226796,0.0,2.660538538245869,0.44552252627941374,0.0,1.7062026669048305,0.35494724141344614,0.0,0.9516872092106478,0.3548592906639519,0.0,0.0,0.5203542559710809,0.0,3.2723953764641815,0.7092272589719937,0.0,2.7672776235990026,0.5152470624092854,0.0,0.5547583561766058,0.38979700220054125,0.0,0.010175728187895305,0.32825626495339183,0.0,0.0,0.4859783870088814,0.0,1.6707639397737921,0.6047545381353931,0.04104900115739828,3.3293575655611622,1.19908313789794,0.6826641712311153,2.157852798970816,0.4237964251410577,0.0,3.2281035268651213,0.3400916025288517,0.0,1.6985498290455354,0.48680931012541834,0.0,0.13256247410952393,0.5314953783898292,0.0,1.7998637834311015,0.7490127575746718,0.0,0.7889935331959474,24
synthetic-fleet-01-unit-0003,121,0,540.0,1.35,48.5,530.0,2400.0,8300.0,8.7,0.03225919322425145,400.0,2400.0,102.0,660.0,40.0,24.5,1650.0,1470.0,15.2,22.0,560.0,2400.0,9250.0,0.7594153544895171,0.5328216398036902,0.6332531432970843,0.7292640691002898,0.7447757229226796,0.44552252627941374,0.35494724141344614,0.3548592906639519,0.5203542559710809,0.7092272589719937,0.5152470624092854,0.38979700220054125,0.32825626495339183,0.4859783870088814,0.623112209534675,0.9587684320716461,0.4237964251410577,0.3400916025288517,0.48680931012541834,0.5314953783898292,0.7490127575746718,0.7594153544895171,0.0,2.1576578740280077,0.5328216398036902,0.0,3.961808413514685,0.6332531432970843,0.0,2.6565118298945665,0.7292640691002898,0.0,3.896181883518259,0.7447757229226796,0.0,2.660538538245869,0.44552252627941374,0.0,1.7062026669048305,0.35494724141344614,0.0,0.9516872092106478,0.3548592906639519,0.0,0.0,0.5203542559710809,0.0,3.2723953764641815,0.7092272589719937,0.0,2.7672776235990026,0.5152470624092854,0.0,0.5547583561766058,0.38979700220054125,0.0,0.010175728187895305,0.32825626495339183,0.0,0.0,0.4859783870088814,0.0,1.6707639397737921,0.6047545381353931,0.04104900115739828,3.3293575655611622,1.2004243574660498,0.6820638475929468,2.6022474920573826,0.4237964251410577,0.0,3.2281035268651213,0.3400916025288517,0.0,1.6985498290455354,0.48680931012541834,0.0,0.13256247410952393,0.5314953783898292,0.0,1.7998637834311015,0.7490127575746718,0.0,0.7889935331959474,23
synthetic-fleet-01-unit-0003,122,0,540.0,1.35,48.5,530.0,2400.0,8300.0,8.7,0.03222019913932872,400.0,2400.0,102.0,660.0,40.0,24.5,1650.0,1470.0,15.2,22.0,560.0,2400.0,9250.0,0.7594153544895171,0.5328216398036902,0.6332531432970843,0.7292640691002898,0.7447757229226796,0.44552252627941374,0.35494724141344614,0.3548592906639519,0.5203542559710809,0.7092272589719937,0.5152470624092854,0.38979700220054125,0.32825626495339183,0.4859783870088814,0.623112209534675,0.9149001793500342,0.4237964251410577,0.3400916025288517,0.48680931012541834,0.5314953783898292,0.7490127575746718,0.7594153544895171,0.0,2.1576578740280077,0.5328216398036902,0.0,3.961808413514685,0.6332531432970843,0.0,2.6565118298945665,0.7292640691002898,0.0,3.896181883518259,0.7447757229226796,0.0,2.660538538245869,0.44552252627941374,0.0,1.7062026669048305,0.35494724141344614,0.0,0.9516872092106478,0.3548592906639519,0.0,0.0,0.5203542559710809,0.0,3.2723953764641815,0.7092272589719937,0.0,2.7672776235990026,0.5152470624092854,0.0,0.5547583561766058,0.38979700220054125,0.0,0.010175728187895305,0.32825626495339183,0.0,0.0,0.4859783870088814,0.0,1.6707639397737921,0.623112209534675,0.0,3.3293575655611622,1.2429832104092036,0.6490359918326035,2.5583792393357703,0.4237964251410577,0.0,3.2281035268651213,0.3400916025288517,0.0,1.6985498290455354,0.48680931012541834,0.0,0.13256247410952393,0.5314953783898292,0.0,1.7998637834311015,0.7490127575746718,0.0,0.7889935331959474,22
synthetic-fleet-01-unit-0003,123,0,540.0,1.35,48.5,530.0,2400.0,8300.0,8.7,0.03256762594940054,400.0,2400.0,102.0,660.0,40.0,24.5,1650.0,1470.0,15.2,22.0,560.0,2400.0,9250.0,0.7594153544895171,0.5328216398036902,0.6332531432970843,0.7292640691002898,0.7447757229226796,0.44552252627941374,0.35494724141344614,0.3548592906639519,0.5203542559710809,0.7092272589719937,0.5152470624092854,0.38979700220054125,0.32825626495339183,0.4859783870088814,0.623112209534675,1.3057545137111481,0.4237964251410577,0.3400916025288517,0.48680931012541834,0.5314953783898292,0.7490127575746718,0.7594153544895171,0.0,2.1576578740280077,0.5328216398036902,0.0,3.961808413514685,0.6332531432970843,0.0,2.6565118298945665,0.7292640691002898,0.0,3.896181883518259,0.7447757229226796,0.0,2.660538538245869,0.44552252627941374,0.0,1.7062026669048305,0.35494724141344614,0.0,0.9516872092106478,0.3548592906639519,0.0,0.0,0.5203542559710809,0.0,3.2723953764641815,0.7092272589719937,0.0,2.7672776235990026,0.5152470624092854,0.0,0.5547583561766058,0.38979700220054125,0.0,0.010175728187895305,0.32825626495339183,0.0,0.0,0.4859783870088814,0.0,1.6707639397737921,0.623112209534675,0.0,3.3293575655611622,1.1579669920430564,0.5947252233030933,2.949233573696884,0.4237964251410577,0.0,3.2281035268651213,0.3400916025288517,0.0,1.6985498290455354,0.48680931012541834,0.0,0.13256247410952393,0.5314953783898292,0.0,1.7998637834311015,0.7490127575746718,0.0,0.7889935331959474,21
synthetic-fleet-01-unit-0003,124,0,540.0,1.35,48.5,530.0,2400.0,8300.0,8.7,0.03218888151883364,400.0,2400.0,102.0,660.0,40.0,24.5,1650.0,1470.0,15.2,22.0,560.0,2400.0,9250.0,0.7594153544895171,0.5328216398036902,0.6332531432970843,0.7292640691002898,0.7447757229226796,0.44552252627941374,0.35494724141344614,0.3548592906639519,0.5203542559710809,0.7092272589719937,0.5152470624092854,0.38979700220054125,0.32825626495339183,0.4859783870088814,0.623112209534675,0.8796679308374661,0.4237964251410577,0.3400916025288517,0.48680931012541834,0.5314953783898292,0.7490127575746718,0.7594153544895171,0.0,2.1576578740280077,0.5328216398036902,0.0,3.961808413514685,0.6332531432970843,0.0,2.6565118298945665,0.7292640691002898,0.0,3.896181883518259,0.7447757229226796,0.0,2.660538538245869,0.44552252627941374,0.0,1.7062026669048305,0.35494724141344614,0.0,0.9516872092106478,0.3548592906639519,0.0,0.0,0.5203542559710809,0.0,3.2723953764641815,0.7092272589719937,0.0,2.7672776235990026,0.5152470624092854,0.0,0.5547583561766058,0.38979700220054125,0.0,0.010175728187895305,0.32825626495339183,0.0,0.0,0.4859783870088814,0.0,1.6707639397737921,0.623112209534675,0.0,3.3293575655611622,0.9146929589910748,0.2812268036438735,2.5231469908232023,0.4237964251410577,0.0,3.2281035268651213,0.3400916025288517,0.0,1.6985498290455354,0.48680931012541834,0.0,0.13256247410952393,0.5314953783898292,0.0,1.7998637834311015,0.7490127575746718,0.0,0.7889935331959474,20
synthetic-fleet-01-unit-0003,125,0,540.0,1.35,48.5,530.0,2400.0,8300.0,8.7,0.0331350103260825,400.0,2400.0,102.0,660.0,40.0,24.5,1650.0,1470.0,15.2,22.0,560.0,2400.0,9250.0,0.7594153544895171,0.5328216398036902,0.6332531432970843,0.7292640691002898,0.7447757229226796,0.44552252627941374,0.35494724141344614,0.3548592906639519,0.5203542559710809,0.7092272589719937,0.5152470624092854,0.38979700220054125,0.32825626495339183,0.4859783870088814,0.623112209534675,1.9440605869502288,0.4237964251410577,0.3400916025288517,0.48680931012541834,0.5314953783898292,0.7490127575746718,0.7594153544895171,0.0,2.1576578740280077,0.5328216398036902,0.0,3.961808413514685,0.6332531432970843,0.0,2.6565118298945665,0.7292640691002898,0.0,3.896181883518259,0.7447757229226796,0.0,2.660538538245869,0.44552252627941374,0.0,1.7062026669048305,0.35494724141344614,0.0,0.9516872092106478,0.3548592906639519,0.0,0.0,0.5203542559710809,0.0,3.2723953764641815,0.7092272589719937,0.0,2.7672776235990026,0.5152470624092854,0.0,0.5547583561766058,0.38979700220054125,0.0,0.010175728187895305,0.32825626495339183,0.0,0.0,0.4859783870088814,0.0,1.6707639397737921,0.623112209534675,0.0,3.3293575655611622,1.2006303285841047,0.44913678297544846,3.587539646935965,0.4237964251410577,0.0,3.2281035268651213,0.3400916025288517,0.0,1.6985498290455354,0.48680931012541834,0.0,0.13256247410952393,0.5314953783898292,0.0,1.7998637834311015,0.7490127575746718,0.0,0.7889935331959474,19
synthetic-fleet-01-unit-0003,126,0,540.0,1.35,48.5,530.0,2400.0,8300.0,8.7,0.03150743691053315,400.0,2400.0,102.0,660.0,40.0,24.5,1650.0,1470.0,15.2,22.0,560.0,2400.0,9250.0,0.7594153544895171,0.5328216398036902,0.6332531432970843,0.7292640691002898,0.7447757229226796,0.44552252627941374,0.35494724141344614,0.3548592906639519,0.5203542559710809,0.7092272589719937,0.5152470624092854,0.38979700220054125,0.32825626495339183,0.4859783870088814,0.623112209534675,0.11304436852171093,0.4237964251410577,0.3400916025288517,0.48680931012541834,0.5314953783898292,0.7490127575746718,0.7594153544895171,0.0,2.1576578740280077,0.5328216398036902,0.0,3.961808413514685,0.6332531432970843,0.0,2.6565118298945665,0.7292640691002898,0.0,3.896181883518259,0.7447757229226796,0.0,2.660538538245869,0.44552252627941374,0.0,1.7062026669048305,0.35494724141344614,0.0,0.9516872092106478,0.3548592906639519,0.0,0.0,0.5203542559710809,0.0,3.2723953764641815,0.7092272589719937,0.0,2.7672776235990026,0.5152470624092854,0.0,0.5547583561766058,0.38979700220054125,0.0,0.010175728187895305,0.32825626495339183,0.0,0.0,0.4859783870088814,0.0,1.6707639397737921,0.623112209534675,0.0,3.3293575655611622,1.0314855158741176,0.6686164080571335,1.7565234285074471,0.4237964251410577,0.0,3.2281035268651213,0.3400916025288517,0.0,1.6985498290455354,0.48680931012541834,0.0,0.13256247410952393,0.5314953783898292,0.0,1.7998637834311015,0.7490127575746718,0.0,0.7889935331959474,18
synthetic-fleet-01-unit-0003,127,0,540.0,1.35,48.5,530.0,2400.0,8300.0,8.7,0.031920891291644556,400.0,2400.0,102.0,660.0,40.0,24.5,1650.0,1470.0,15.2,22.0,560.0,2400.0,9250.0,0.7594153544895171,0.5328216398036902,0.6332531432970843,0.7292640691002898,0.7447757229226796,0.44552252627941374,0.35494724141344614,0.3548592906639519,0.5203542559710809,0.7092272589719937,0.5152470624092854,0.38979700220054125,0.32825626495339183,0.4859783870088814,0.623112209534675,0.5781795631389003,0.4237964251410577,0.3400916025288517,0.48680931012541834,0.5314953783898292,0.7490127575746718,0.7594153544895171,0.0,2.1576578740280077,0.5328216398036902,0.0,3.961808413514685,0.6332531432970843,0.0,2.6565118298945665,0.7292640691002898,0.0,3.896181883518259,0.7447757229226796,0.0,2.660538538245869,0.44552252627941374,0.0,1.7062026669048305,0.35494724141344614,0.0,0.9516872092106478,0.3548592906639519,0.0,0.0,0.5203542559710809,0.0,3.2723953764641815,0.7092272589719937,0.0,2.7672776235990026,0.5152470624092854,0.0,0.5547583561766058,0.38979700220054125,0.0,0.010175728187895305,0.32825626495339183,0.0,0.0,0.4859783870088814,0.0,1.6707639397737921,0.623112209534675,0.0,3.3293575655611622,0.9641413926318908,0.6995372749020101,2.2216586231246365,0.4237964251410577,0.0,3.2281035268651213,0.3400916025288517,0.0,1.6985498290455354,0.48680931012541834,0.0,0.13256247410952393,0.5314953783898292,0.0,1.7998637834311015,0.7490127575746718,0.0,0.7889935331959474,17
synthetic-fleet-01-unit-0003,128,0,540.0,1.35,48.5,530.0,2400.0,8300.0,8.7,0.03285086855519097,400.0,2400.0,102.0,660.0,40.0,24.5,1650.0,1470.0,15.123358731546041,22.0,560.0,2400.0,9250.0,0.7594153544895171,0.5328216398036902,0.6332531432970843,0.7292640691002898,0.42918567018559717,0.44552252627941374,0.35494724141344614,0.3548592906639519,0.5203542559710809,0.7092272589719937,0.5152470624092854,0.38979700220054125,0.32825626495339183,0.4859783870088814,0.623112209534675,1.624401771031445,0.4237964251410577,0.3400916025288517,0.48680931012541834,0.5314953783898292,0.7490127575746718,0.7594153544895171,0.0,2.1576578740280077,0.5328216398036902,0.0,3.961808413514685,0.6332531432970843,0.0,2.6565118298945665,0.7292640691002898,0.0,3.896181883518259,0.681657712375263,0.14113616218857195,2.3449484855087865,0.44552252627941374,0.0,1.7062026669048305,0.35494724141344614,0.0,0.9516872092106478,0.3548592906639519,0.0,0.0,0.5203542559710809,0.0,3.2723953764641815,0.7092272589719937,0.0,2.7672776235990026,0.5152470624092854,0.0,0.5547583561766058,0.38979700220054125,0.0,0.010175728187895305,0.32825626495339183,0.0,0.0,0.4859783870088814,0.0,1.6707639397737921,0.623112209534675,0.0,3.3293575655611622,1.02787084409595,0.7510570257611241,3.267880831017181,0.4237964251410577,0.0,3.2281035268651213,0.3400916025288517,0.0,1.6985498290455354,0.48680931012541834,0.0,0.13256247410952393,0.5314953783898292,0.0,1.7998637834311015,0.7490127575746718,0.0,0.7889935331959474,16
synthetic-fleet-01-unit-0003,129,0,540.0,1.35,48.5,530.0,2400.0,8300.0,8.7,0.03351180400399292,400.0,2400.0,102.0,660.0,40.0,24.5,1650.0,1470.0,15.2,22.0,560.0,2400.0,9250.0,0.7594153544895171,0.5328216398036902,0.6332531432970843,0.7292640691002898,0.7447757229226796,0.44552252627941374,0.35494724141344614,0.3548592906639519,0.5203542559710809,0.7092272589719937,0.5152470624092854,0.38979700220054125,0.32825626495339183,0.4859783870088814,0.623112209534675,2.36795257772869,0.4237964251410577,0.3400916025288517,0.48680931012541834,0.5314953783898292,0.7490127575746718,0.7594153544895171,0.0,2.1576578740280077,0.5328216398036902,0.0,3.961808413514685,0.6332531432970843,0.0,2.6565118298945665,0.7292640691002898,0.0,3.896181883518259,0.6816577123752631,0.14113616218857195,2.660538538245869,0.44552252627941374,0.0,1.7062026669048305,0.35494724141344614,0.0,0.9516872092106478,0.3548592906639519,0.0,0.0,0.5203542559710809,0.0,3.2723953764641815,0.7092272589719937,0.0,2.7672776235990026,0.5152470624092854,0.0,0.5547583561766058,0.38979700220054125,0.0,0.010175728187895305,0.32825626495339183,0.0,0.0,0.4859783870088814,0.0,1.6707639397737921,0.623112209534675,0.0,3.3293575655611622,1.325527773474195,0.9469956883566026,4.011431637714426,0.4237964251410577,0.0,3.2281035268651213,0.3400916025288517,0.0,1.6985498290455354,0.48680931012541834,0.0,0.13256247410952393,0.5314953783898292,0.0,1.7998637834311015,0.7490127575746718,0.0,0.7889935331959474,15
synthetic-fleet-01-unit-0003,130,0,540.0,1.35,48.5,530.0,2400.0,8300.0,8.7,0.03273833750087892,400.0,2400.0,102.0,660.0,40.0,24.5,1650.0,1470.0,15.2,22.0,560.0,2400.0,9250.0,0.7594153544895171,0.5328216398036902,0.6332531432970843,0.7292640691002898,0.7447757229226796,0.44552252627941374,0.35494724141344614,0.3548592906639519,0.5203542559710809,0.7092272589719937,0.5152470624092854,0.38979700220054125,0.32825626495339183,0.4859783870088814,0.623112209534675,1.4978046027847074,0.4237964251410577,0.3400916025288517,0.48680931012541834,0.5314953783898292,0.7490127575746718,0.7594153544895171,0.0,2.1576578740280077,0.5328216398036902,0.0,3.961808413514685,0.6332531432970843,0.0,2.6565118298945665,0.7292640691002898,0.0,3.896181883518259,0.6816577123752631,0.14113616218857195,2.660538538245869,0.44552252627941374,0.0,1.7062026669048305,0.35494724141344614,0.0,0.9516872092106478,0.3548592906639519,0.0,0.0,0.5203542559710809,0.0,3.2723953764641815,0.7092272589719937,0.0,2.7672776235990026,0.5152470624092854,0.0,0.5547583561766058,0.38979700220054125,0.0,0.010175728187895305,0.32825626495339183,0.0,0.0,0.4859783870088814,0.0,1.6707639397737921,0.623112209534675,0.0,3.3293575655611622,1.236276576641091,0.8936541443637439,3.1412836627704435,0.4237964251410577,0.0,3.2281035268651213,0.3400916025288517,0.0,1.6985498290455354,0.48680931012541834,0.0,0.13256247410952393,0.5314953783898292,0.0,1.7998637834311015,0.7490127575746718,0.0,0.7889935331959474,14
synthetic-fleet-01-unit-0003,131,0,540.0,1.35,48.5,530.0,2400.0,8300.0,8.7,0.0322485528294819,400.0,2400.0,102.0,660.0,40.0,24.5,1650.0,1470.0,15.2,22.0,560.0,2400.0,9250.0,0.7594153544895171,0.5328216398036902,0.6332531432970843,0.7292640691002898,0.7447757229226796,0.44552252627941374,0.35494724141344614,0.3548592906639519,0.5203542559710809,0.7092272589719937,0.5152470624092854,0.38979700220054125,0.32825626495339183,0.4859783870088814,0.623112209534675,0.9467980132829174,0.4237964251410577,0.3400916025288517,0.48680931012541834,0.5314953783898292,0.7490127575746718,0.7594153544895171,0.0,2.1576578740280077,0.5328216398036902,0.0,3.961808413514685,0.6332531432970843,0.0,2.6565118298945665,0.7292640691002898,0.0,3.896181883518259,0.6816577123752631,0.14113616218857195,2.660538538245869,0.44552252627941374,0.0,1.7062026669048305,0.35494724141344614,0.0,0.9516872092106478,0.3548592906639519,0.0,0.0,0.5203542559710809,0.0,3.2723953764641815,0.7092272589719937,0.0,2.7672776235990026,0.5152470624092854,0.0,0.5547583561766058,0.38979700220054125,0.0,0.010175728187895305,0.32825626495339183,0.0,0.0,0.4859783870088814,0.0,1.6707639397737921,0.623112209534675,0.0,3.3293575655611622,1.4030273055933322,0.685125743241822,2.5902770732686538,0.4237964251410577,0.0,3.2281035268651213,0.3400916025288517,0.0,1.6985498290455354,0.48680931012541834,0.0,0.13256247410952393,0.5314953783898292,0.0,1.7998637834311015,0.7490127575746718,0.0,0.7889935331959474,13
synthetic-fleet-01-unit-0003,132,0,540.0,1.35,48.5,530.0,2400.0,8300.0,8.7,0.03302597917493278,400.0,2400.0,102.0,660.0,40.0,24.5,1650.0,1470.0,15.2,22.0,560.0,2400.0,9250.0,0.7594153544895171,0.5328216398036902,0.6332531432970843,0.7292640691002898,0.7447757229226796,0.44552252627941374,0.35494724141344614,0.3548592906639519,0.5203542559710809,0.7092272589719937,0.5152470624092854,0.38979700220054125,0.32825626495339183,0.4859783870088814,0.623112209534675,1.8214008014303937,0.4237964251410577,0.3400916025288517,0.48680931012541834,0.5314953783898292,0.7490127575746718,0.7594153544895171,0.0,2.1576578740280077,0.5328216398036902,0.0,3.961808413514685,0.6332531432970843,0.0,2.6565118298945665,0.7292640691002898,0.0,3.896181883518259,0.6816577123752632,0.14113616218857195,2.660538538245869,0.44552252627941374,0.0,1.7062026669048305,0.35494724141344614,0.0,0.9516872092106478,0.3548592906639519,0.0,0.0,0.5203542559710809,0.0,3.2723953764641815,0.7092272589719937,0.0,2.7672776235990026,0.5152470624092854,0.0,0.5547583561766058,0.38979700220054125,0.0,0.010175728187895305,0.32825626495339183,0.0,0.0,0.4859783870088814,0.0,1.6707639397737921,0.623112209534675,0.0,3.3293575655611622,1.6516715532516308,0.5155414412366817,3.4648798614161302,0.4237964251410577,0.0,3.2281035268651213,0.3400916025288517,0.0,1.6985498290455354,0.48680931012541834,0.0,0.13256247410952393,0.5314953783898292,0.0,1.7998637834311015,0.7490127575746718,0.0,0.7889935331959474,12
synthetic-fleet-01-unit-0003,133,0,540.0,1.3414891451646993,48.5,530.0,2400.0,8300.0,8.7,0.032626855288804366,400.0,2400.0,102.0,660.0,40.0,24.5,1650.0,1470.0,15.2,22.0,560.0,2400.0,9250.0,0.7594153544895171,0.5328216398036902,0.6332531432970843,0.7292640691002898,0.7447757229226796,0.44552252627941374,0.35494724141344614,0.3548592906639519,0.5203542559710809,0.31100197295018556,0.5152470624092854,0.38979700220054125,0.32825626495339183,0.4859783870088814,0.623112209534675,1.3723873795586201,0.4237964251410577,0.3400916025288517,0.48680931012541834,0.5314953783898292,0.7490127575746718,0.7594153544895171,0.0,2.1576578740280077,0.5328216398036902,0.0,3.961808413514685,0.6332531432970843,0.0,2.6565118298945665,0.7292640691002898,0.0,3.896181883518259,0.7447757229226796,0.0,2.660538538245869,0.44552252627941374,0.0,1.7062026669048305,0.35494724141344614,0.0,0.9516872092106478,0.3548592906639519,0.0,0.0,0.5203542559710809,0.0,3.2723953764641815,0.629582201767632,0.17809176198081195,2.3690523375771946,0.5152470624092854,0.0,0.5547583561766058,0.38979700220054125,0.0,0.010175728187895305,0.32825626495339183,0.0,0.0,0.4859783870088814,0.0,1.6707639397737921,0.623112209534675,0.0,3.3293575655611622,1.601268674957066,0.5309627266769174,3.0158664395443564,0.4237964251410577,0.0,3.2281035268651213,0.3400916025288517,0.0,1.6985498290455354,0.48680931012541834,0.0,0.13256247410952393,0.5314953783898292,0.0,1.7998637834311015,0.7490127575746718,0.0,0.7889935331959474,11
synthetic-fleet-01-unit-0003,134,0,540.0,1.35,48.5,530.0,2400.0,8300.0,8.7,0.03247571294305742,400.0,2400.0,102.0,660.0,40.0,24.5,1650.0,1470.0,15.2,22.0,560.0,2400.0,9250.0,0.7594153544895171,0.5328216398036902,0.6332531432970843,0.7292640691002898,0.7447757229226796,0.44552252627941374,0.35494724141344614,0.3548592906639519,0.5203542559710809,0.7092272589719937,0.5152470624092854,0.38979700220054125,0.32825626495339183,0.4859783870088814,0.623112209534675,1.202352600352929,0.4237964251410577,0.3400916025288517,0.48680931012541834,0.5314953783898292,0.7490127575746718,0.7594153544895171,0.0,2.1576578740280077,0.5328216398036902,0.0,3.961808413514685,0.6332531432970843,0.0,2.6565118298945665,0.7292640691002898,0.0,3.896181883518259,0.7447757229226796,0.0,2.660538538245869,0.44552252627941374,0.0,1.7062026669048305,0.35494724141344614,0.0,0.9516872092106478,0.3548592906639519,0.0,0.0,0.5203542559710809,0.0,3.2723953764641815,0.629582201767632,0.17809176198081195,2.7672776235990026,0.5152470624092854,0.0,0.5547583561766058,0.38979700220054125,0.0,0.010175728187895305,0.32825626495339183,0.0,0.0,0.4859783870088814,0.0,1.6707639397737921,0.623112209534675,0.0,3.3293575655611622,1.3681486794819135,0.3268374346817991,2.845831660338665,0.4237964251410577,0.0,3.2281035268651213,0.3400916025288517,0.0,1.6985498290455354,0.48680931012541834,0.0,0.13256247410952393,0.5314953783898292,0.0,1.7998637834311015,0.7490127575746718,0.0,0.7889935331959474,10
synthetic-fleet-01-unit-0003,135,0,540.0,1.35,48.5,530.0,2400.0,8300.0,8.7,0.03288067360416034,400.0,2400.0,102.0,660.0,40.0,24.5,1650.0,1470.0,15.2,22.0,560.0,2400.0,9250.0,0.7594153544895171,0.5328216398036902,0.6332531432970843,0.7292640691002898,0.7447757229226796,0.44552252627941374,0.35494724141344614,0.3548592906639519,0.5203542559710809,0.7092272589719937,0.5152470624092854,0.38979700220054125,0.32825626495339183,0.4859783870088814,0.623112209534675,1.6579323801779173,0.4237964251410577,0.3400916025288517,0.48680931012541834,0.5314953783898292,0.7490127575746718,0.7594153544895171,0.0,2.1576578740280077,0.5328216398036902,0.0,3.961808413514685,0.6332531432970843,0.0,2.6565118298945665,0.7292640691002898,0.0,3.896181883518259,0.7447757229226796,0.0,2.660538538245869,0.44552252627941374,0.0,1.7062026669048305,0.35494724141344614,0.0,0.9516872092106478,0.3548592906639519,0.0,0.0,0.5203542559710809,0.0,3.2723953764641815,0.629582201767632,0.17809176198081195,2.7672776235990026,0.5152470624092854,0.0,0.5547583561766058,0.38979700220054125,0.0,0.010175728187895305,0.32825626495339183,0.0,0.0,0.4859783870088814,0.0,1.6707639397737921,0.623112209534675,0.0,3.3293575655611622,1.4001742349605555,0.3497594132259025,3.301411440163654,0.4237964251410577,0.0,3.2281035268651213,0.3400916025288517,0.0,1.6985498290455354,0.48680931012541834,0.0,0.13256247410952393,0.5314953783898292,0.0,1.7998637834311015,0.7490127575746718,0.0,0.7889935331959474,9
synthetic-fleet-01-unit-0003,136,0,540.0,1.35,48.5,530.0,2400.0,8300.0,8.7,0.03220850811962167,400.0,2400.0,102.0,660.0,40.0,24.5,1650.0,1470.0,15.2,22.0,560.0,2400.0,9250.0,0.7594153544895171,0.5328216398036902,0.6332531432970843,0.7292640691002898,0.7447757229226796,0.44552252627941374,0.35494724141344614,0.3548592906639519,0.5203542559710809,0.7092272589719937,0.5152470624092854,0.38979700220054125,0.32825626495339183,0.4859783870088814,0.623112209534675,0.9017478100073892,0.4237964251410577,0.3400916025288517,0.48680931012541834,0.5314953783898292,0.7490127575746718,0.7594153544895171,0.0,2.1576578740280077,0.5328216398036902,0.0,3.961808413514685,0.6332531432970843,0.0,2.6565118298945665,0.7292640691002898,0.0,3.896181883518259,0.7447757229226796,0.0,2.660538538245869,0.44552252627941374,0.0,1.7062026669048305,0.35494724141344614,0.0,0.9516872092106478,0.3548592906639519,0.0,0.0,0.5203542559710809,0.0,3.2723953764641815,0.629582201767632,0.17809176198081195,2.7672776235990026,0.5152470624092854,0.0,0.5547583561766058,0.38979700220054125,0.0,0.010175728187895305,0.32825626495339183,0.0,0.0,0.4859783870088814,0.0,1.6707639397737921,0.623112209534675,0.0,3.3293575655611622,1.3911641943054498,0.3646229515219731,2.5452268699931255,0.4237964251410577,0.0,3.2281035268651213,0.3400916025288517,0.0,1.6985498290455354,0.48680931012541834,0.0,0.13256247410952393,0.5314953783898292,0.0,1.7998637834311015,0.7490127575746718,0.0,0.7889935331959474,8
synthetic-fleet-01-unit-0003,137,0,540.0,1.35,48.5,530.0,2400.0,8300.0,8.7,0.0321736433148082,400.0,2400.0,102.0,660.0,40.0,24.5,1650.0,1470.0,15.2,22.0,560.0,2400.0,9250.0,0.7594153544895171,0.5328216398036902,0.6332531432970843,0.7292640691002898,0.7447757229226796,0.44552252627941374,0.35494724141344614,0.3548592906639519,0.5203542559710809,0.7092272589719937,0.5152470624092854,0.38979700220054125,0.32825626495339183,0.4859783870088814,0.623112209534675,0.8625249875798933,0.4237964251410577,0.3400916025288517,0.48680931012541834,0.5314953783898292,0.7490127575746718,0.7594153544895171,0.0,2.1576578740280077,0.5328216398036902,0.0,3.961808413514685,0.6332531432970843,0.0,2.6565118298945665,0.7292640691002898,0.0,3.896181883518259,0.7447757229226796,0.0,2.660538538245869,0.44552252627941374,0.0,1.7062026669048305,0.35494724141344614,0.0,0.9516872092106478,0.3548592906639519,0.0,0.0,0.5203542559710809,0.0,3.2723953764641815,0.629582201767632,0.17809176198081195,2.7672776235990026,0.5152470624092854,0.0,0.5547583561766058,0.38979700220054125,0.0,0.010175728187895305,0.32825626495339183,0.0,0.0,0.4859783870088814,0.0,1.6707639397737921,0.623112209534675,0.0,3.3293575655611622,1.19938903153535,0.3325157494788525,2.5060040475656296,0.4237964251410577,0.0,3.2281035268651213,0.3400916025288517,0.0,1.6985498290455354,0.48680931012541834,0.0,0.13256247410952393,0.5314953783898292,0.0,1.7998637834311015,0.7490127575746718,0.0,0.7889935331959474,7
synthetic-fleet-01-unit-0003,138,0,540.0,1.35,48.5,530.0,2400.0,8300.0,8.7,0.03219889854325597,400.0,2400.0,102.0,660.0,40.0,24.5,1650.0,1470.0,15.2,22.0,560.0,2400.0,9250.0,0.7594153544895171,0.5328216398036902,0.6332531432970843,0.7292640691002898,0.7447757229226796,0.44552252627941374,0.35494724141344614,0.3548592906639519,0.5203542559710809,0.7092272589719937,0.5152470624092854,0.38979700220054125,0.32825626495339183,0.4859783870088814,0.623112209534675,0.8909370594693662,0.4237964251410577,0.3400916025288517,0.48680931012541834,0.5314953783898292,0.7490127575746718,0.7594153544895171,0.0,2.1576578740280077,0.5328216398036902,0.0,3.961808413514685,0.6332531432970843,0.0,2.6565118298945665,0.7292640691002898,0.0,3.896181883518259,0.7447757229226796,0.0,2.660538538245869,0.44552252627941374,0.0,1.7062026669048305,0.35494724141344614,0.0,0.9516872092106478,0.3548592906639519,0.0,0.0,0.5203542559710809,0.0,3.2723953764641815,0.7092272589719937,0.0,2.7672776235990026,0.5152470624092854,0.0,0.5547583561766058,0.38979700220054125,0.0,0.010175728187895305,0.32825626495339183,0.0,0.0,0.4859783870088814,0.0,1.6707639397737921,0.623112209534675,0.0,3.3293575655611622,1.103098967517499,0.3395298967380255,2.5344161194551025,0.4237964251410577,0.0,3.2281035268651213,0.3400916025288517,0.0,1.6985498290455354,0.48680931012541834,0.0,0.13256247410952393,0.5314953783898292,0.0,1.7998637834311015,0.7490127575746718,0.0,0.7889935331959474,6
synthetic-fleet-01-unit-0003,139,0,540.0,1.35,48.5,530.0,2400.0,8300.0,8.7,0.03294011291957219,400.0,2400.0,102.0,660.0,40.0,24.5,1650.0,1470.0,15.2,22.0,560.0,2400.0,9250.0,0.7594153544895171,0.5328216398036902,0.6332531432970843,0.7292640691002898,0.7447757229226796,0.44552252627941374,0.35494724141344614,0.3548592906639519,0.5203542559710809,0.7092272589719937,0.5152470624092854,0.38979700220054125,0.32825626495339183,0.4859783870088814,0.623112209534675,1.7248014685346182,0.4237964251410577,0.3400916025288517,0.48680931012541834,0.5314953783898292,0.7490127575746718,0.7594153544895171,0.0,2.1576578740280077,0.5328216398036902,0.0,3.961808413514685,0.6332531432970843,0.0,2.6565118298945665,0.7292640691002898,0.0,3.896181883518259,0.7447757229226796,0.0,2.660538538245869,0.44552252627941374,0.0,1.7062026669048305,0.35494724141344614,0.0,0.9516872092106478,0.3548592906639519,0.0,0.0,0.5203542559710809,0.0,3.2723953764641815,0.7092272589719937,0.0,2.7672776235990026,0.5152470624092854,0.0,0.5547583561766058,0.38979700220054125,0.0,0.010175728187895305,0.32825626495339183,0.0,0.0,0.4859783870088814,0.0,1.6707639397737921,0.623112209534675,0.0,3.3293575655611622,1.2075887411538369,0.44249134321554295,3.3682805285203545,0.4237964251410577,0.0,3.2281035268651213,0.3400916025288517,0.0,1.6985498290455354,0.48680931012541834,0.0,0.13256247410952393,0.5314953783898292,0.0,1.7998637834311015,0.7490127575746718,0.0,0.7889935331959474,5
synthetic-fleet-01-unit-0003,140,0,540.0,1.35,48.5,530.0,2400.0,8300.0,8.7,0.03276072094943439,400.0,2400.0,102.0,660.0,40.0,24.5,1650.0,1470.0,15.2,22.0,560.0,2400.0,9250.0,0.7594153544895171,0.5328216398036902,0.6332531432970843,0.7292640691002898,0.7447757229226796,0.44552252627941374,0.35494724141344614,0.3548592906639519,0.5203542559710809,0.7092272589719937,0.5152470624092854,0.38979700220054125,0.32825626495339183,0.4859783870088814,0.623112209534675,1.522985929130957,0.4237964251410577,0.3400916025288517,0.48680931012541834,0.5314953783898292,0.7490127575746718,0.7594153544895171,0.0,2.1576578740280077,0.5328216398036902,0.0,3.961808413514685,0.6332531432970843,0.0,2.6565118298945665,0.7292640691002898,0.0,3.896181883518259,0.7447757229226796,0.0,2.660538538245869,0.44552252627941374,0.0,1.7062026669048305,0.35494724141344614,0.0,0.9516872092106478,0.3548592906639519,0.0,0.0,0.5203542559710809,0.0,3.2723953764641815,0.7092272589719937,0.0,2.7672776235990026,0.5152470624092854,0.0,0.5547583561766058,0.38979700220054125,0.0,0.010175728187895305,0.32825626495339183,0.0,0.0,0.4859783870088814,0.0,1.6707639397737921,0.623112209534675,0.0,3.3293575655611622,1.1805994509444449,0.4111624494427876,3.1664649891166934,0.4237964251410577,0.0,3.2281035268651213,0.3400916025288517,0.0,1.6985498290455354,0.48680931012541834,0.0,0.13256247410952393,0.5314953783898292,0.0,1.7998637834311015,0.7490127575746718,0.0,0.7889935331959474,4
synthetic-fleet-01-unit-0003,141,0,540.0,1.35,48.5,530.0,2400.0,8300.0,8.7,0.03327318390496111,400.0,2400.0,102.0,660.0,40.0,24.5,1650.0,1470.0,15.2,22.0,560.0,2400.0,9250.0,0.7594153544895171,0.5328216398036902,0.6332531432970843,0.7292640691002898,0.7447757229226796,0.44552252627941374,0.35494724141344614,0.3548592906639519,0.5203542559710809,0.7092272589719937,0.5152470624092854,0.38979700220054125,0.32825626495339183,0.4859783870088814,0.623112209534675,2.0995055342982125,0.4237964251410577,0.3400916025288517,0.48680931012541834,0.5314953783898292,0.7490127575746718,0.7594153544895171,0.0,2.1576578740280077,0.5328216398036902,0.0,3.961808413514685,0.6332531432970843,0.0,2.6565118298945665,0.7292640691002898,0.0,3.896181883518259,0.7447757229226796,0.0,2.660538538245869,0.44552252627941374,0.0,1.7062026669048305,0.35494724141344614,0.0,0.9516872092106478,0.3548592906639519,0.0,0.0,0.5203542559710809,0.0,3.2723953764641815,0.7092272589719937,0.0,2.7672776235990026,0.5152470624092854,0.0,0.5547583561766058,0.38979700220054125,0.0,0.010175728187895305,0.32825626495339183,0.0,0.0,0.4859783870088814,0.0,1.6707639397737921,0.623112209534675,0.0,3.3293575655611622,1.4201509958026093,0.5375694556238239,3.742984594283949,0.4237964251410577,0.0,3.2281035268651213,0.3400916025288517,0.0,1.6985498290455354,0.48680931012541834,0.0,0.13256247410952393,0.5314953783898292,0.0,1.7998637834311015,0.7490127575746718,0.0,0.7889935331959474,3
synthetic-fleet-01-unit-0003,142,0,540.0,1.35,48.5,530.0,2400.0,8300.0,8.7,0.03321808358569293,400.0,2400.0,102.0,660.0,40.0,24.5,1650.0,1470.0,15.2,22.0,560.0,2400.0,9250.0,0.7594153544895171,0.5328216398036902,0.6332531432970843,0.7292640691002898,0.7447757229226796,0.44552252627941374,0.35494724141344614,0.3548592906639519,0.5203542559710809,0.7092272589719937,0.5152470624092854,0.38979700220054125,0.32825626495339183,0.4859783870088814,0.623112209534675,2.037517806275154,0.4237964251410577,0.3400916025288517,0.48680931012541834,0.5314953783898292,0.7490127575746718,0.7594153544895171,0.0,2.1576578740280077,0.5328216398036902,0.0,3.961808413514685,0.6332531432970843,0.0,2.6565118298945665,0.7292640691002898,0.0,3.896181883518259,0.7447757229226796,0.0,2.660538538245869,0.44552252627941374,0.0,1.7062026669048305,0.35494724141344614,0.0,0.9516872092106478,0.3548592906639519,0.0,0.0,0.5203542559710809,0.0,3.2723953764641815,0.7092272589719937,0.0,2.7672776235990026,0.5152470624092854,0.0,0.5547583561766058,0.38979700220054125,0.0,0.010175728187895305,0.32825626495339183,0.0,0.0,0.4859783870088814,0.0,1.6707639397737921,0.623112209534675,0.0,3.3293575655611622,1.6551495595416619,0.4873389650203263,3.68099686626089,0.4237964251410577,0.0,3.2281035268651213,0.3400916025288517,0.0,1.6985498290455354,0.48680931012541834,0.0,0.13256247410952393,0.5314953783898292,0.0,1.7998637834311015,0.7490127575746718,0.0,0.7889935331959474,2
synthetic-fleet-01-unit-0003,143,0,540.0,1.35,48.5,530.0,2400.0,8300.0,8.7,0.03230239132178567,400.0,2400.0,102.0,660.0,40.0,24.5,1650.0,1470.0,15.2,22.0,560.0,2400.0,9250.0,0.7594153544895171,0.5328216398036902,0.6332531432970843,0.7292640691002898,0.7447757229226796,0.44552252627941374,0.35494724141344614,0.3548592906639519,0.5203542559710809,0.7092272589719937,0.5152470624092854,0.38979700220054125,0.32825626495339183,0.4859783870088814,0.623112209534675,1.007366188974497,0.4237964251410577,0.3400916025288517,0.48680931012541834,0.5314953783898292,0.7490127575746718,0.7594153544895171,0.0,2.1576578740280077,0.5328216398036902,0.0,3.961808413514685,0.6332531432970843,0.0,2.6565118298945665,0.7292640691002898,0.0,3.896181883518259,0.7447757229226796,0.0,2.660538538245869,0.44552252627941374,0.0,1.7062026669048305,0.35494724141344614,0.0,0.9516872092106478,0.3548592906639519,0.0,0.0,0.5203542559710809,0.0,3.2723953764641815,0.7092272589719937,0.0,2.7672776235990026,0.5152470624092854,0.0,0.5547583561766058,0.38979700220054125,0.0,0.010175728187895305,0.32825626495339183,0.0,0.0,0.4859783870088814,0.0,1.6707639397737921,0.623112209534675,0.0,3.3293575655611622,1.6784353854426879,0.4424049244712007,2.650845248960233,0.4237964251410577,0.0,3.2281035268651213,0.3400916025288517,0.0,1.6985498290455354,0.48680931012541834,0.0,0.13256247410952393,0.5314953783898292,0.0,1.7998637834311015,0.7490127575746718,0.0,0.7889935331959474,1
synthetic-fleet-01-unit-0003,144,0,540.0,1.35,48.5,530.0,2400.0,8300.0,8.7,0.03249855761552167,400.0,2400.0,102.0,660.0,40.0,24.5,1650.0,1470.0,15.2,22.0,560.0,2400.0,9250.0,0.7594153544895171,0.5328216398036902,0.6332531432970843,0.7292640691002898,0.7447757229226796,0.44552252627941374,0.35494724141344614,0.3548592906639519,0.5203542559710809,0.7092272589719937,0.5152470624092854,0.38979700220054125,0.32825626495339183,0.4859783870088814,0.623112209534675,1.2280528024987194,0.4237964251410577,0.3400916025288517,0.48680931012541834,0.5314953783898292,0.7490127575746718,0.7594153544895171,0.0,2.1576578740280077,0.5328216398036902,0.0,3.961808413514685,0.6332531432970843,0.0,2.6565118298945665,0.7292640691002898,0.0,3.896181883518259,0.7447757229226796,0.0,2.660538538245869,0.44552252627941374,0.0,1.7062026669048305,0.35494724141344614,0.0,0.9516872092106478,0.3548592906639519,0.0,0.0,0.5203542559710809,0.0,3.2723953764641815,0.7092272589719937,0.0,2.7672776235990026,0.5152470624092854,0.0,0.5547583561766058,0.38979700220054125,0.0,0.010175728187895305,0.32825626495339183,0.0,0.0,0.4859783870088814,0.0,1.6707639397737921,0.623112209534675,0.0,3.3293575655611622,1.579085652235508,0.4832782011175808,2.8715318624844555,0.4237964251410577,0.0,3.2281035268651213,0.3400916025288517,0.0,1.6985498290455354,0.48680931012541834,0.0,0.13256247410952393,0.5314953783898292,0.0,1.7998637834311015,0.7490127575746718,0.0,0.7889935331959474,0
